Date,SPY,TLT,GLD,XLE,EEM
2008-01-03,-0.00048298210519892582,-0.0013773172555328062,0.0083667108103466781,0.011824126568575899,0.0089975452520643096
2008-01-04,-0.024506530507608426,0.00021166978911812961,-0.0051420175642803434,-0.036548867230911775,-0.030036824451254551
2008-01-07,-0.00084934229222055624,0.0043497593105517041,-0.0042288338067238973,-0.0038712600775125949,0.0073267150455267327
2008-01-08,-0.016148262743226116,-0.0011621020527050607,0.023711244730771908,-0.017487057194547906,-0.0077538566883529336
2008-01-09,0.010510390561745853,0.0019044304537714218,-0.0026503310759889986,0.013184409590267787,0.032780040413444622
2008-01-10,0.0065540087436637418,-0.013509677448745649,0.019641789581746893,-0.0041644514860470494,0.011785334529264668
2008-01-11,-0.0080682644952770888,0.0078103319515547831,0.003739397519033183,-0.012152452704026429,-0.028127412156991993
2008-01-14,0.0080626602927011959,0.0037150628619508907,0.010837650311902536,0.019841528143093701,0.014709229111984357
2008-01-15,-0.022013439060798778,0.011210933782968002,-0.01731073303450259,-0.041374304315659471,-0.045232077203279597
2008-01-16,-0.008611944934841631,-0.0072172123951829148,-0.014660767665031549,-0.033284419193355341,-0.041610555200098931
2008-01-17,-0.025916383074555571,0.012958350812452224,-0.0023067699571152067,-0.037788223533531062,-0.029116785095842479
2008-01-18,-0.010267728879103322,-0.0068636970672146802,0.010635816982026647,0.002181884773917897,0.022813247285943472
2008-01-22,-0.010146898500761115,0.010682023327395873,0.0085792726573910016,-0.028301864549046929,-0.0251107329651864
2008-01-23,0.024021033296929728,-0.0022806206782377547,-0.0031756695600737572,0.0092604387956112255,0.0063638257272309318
2008-01-24,0.0084416003216121194,-0.020042913579022437,0.02491753847553424,0.035222789192992598,0.019421754484403975
2008-01-25,-0.014445984787343935,0.016850795716533806,0.0024422870363138838,-0.017870259975303115,-0.015211874201093378
2008-01-28,0.016536482455544954,-0.0037521781274184596,0.016057551486582833,0.022707692574475136,0.024744879733062497
2008-01-29,0.0049545900527392384,-0.0068006092305039623,-0.0065394929059520157,0.011244045459423813,-0.0049023419082118158
2008-01-30,-0.0073578877881129712,-0.0065299168808591324,0.0099834999175121286,-0.012526144165075803,-0.013163214664695388
2008-01-31,0.018234365462533653,0.0071028341046728283,-0.0071691945493999043,-0.0079821524566421331,0.020045045824048424
2008-02-01,0.016087983783202642,0.0060115103937614656,-0.022428917040853369,0.025143672851092536,0.019942808819029878
2008-02-04,-0.012609266896430715,-0.010290859286856358,-0.0027979854982583818,0.00070126672943793267,0.0030798826775835231
2008-02-05,-0.026774538599096509,0.0076390710774332238,-0.015937128992855709,-0.041316828077881951,-0.053838243566570521
2008-02-06,-0.0080514361729907558,-0.003053651746124153,0.014484450714485675,-0.013732814081274136,-0.016376062871608643
2008-02-07,0.006613980241866102,-0.021546805861172968,0.010118061346338081,0.019701069451105058,0.016956326534365074
2008-02-08,-0.0064213655442912909,0.011442645698192422,0.012799126827031992,0.014671716496337472,-0.0018864028669656197
2008-02-11,0.005110163732109152,0.0041623706884865719,0.0036263937478537844,0.025769611868993403,0.012395914765168436
2008-02-12,0.0092711755790089168,-0.0059517708055716323,-0.021898608999260327,-0.000558513025200158,0.016126807638112695
2008-02-13,0.010223262260055099,-0.01058504997326104,0.0012313960382492883,0.024297928660564683,0.022483549665759828
2008-02-14,-0.008799994219004792,-0.014696261241043063,0.0030187459268382622,-0.0085885581495098728,-0.012863060977081564
2008-02-15,-0.0002223571826600601,0.007676912747096809,-0.0062423092666230584,0.0017877146972655744,0.0071340863331159632
2008-02-19,0.0028121836986874094,-0.010121400480259002,0.027257434252206725,0.03294429535208776,0.013082637877722236
2008-02-20,0.0029517049069673895,0.0069263815259839046,0.018126184751308339,0.011960408721882754,0.0083478857341592327
2008-02-21,-0.008313740138880199,0.010592912631184781,0.00010727302080248968,-0.027445986954736212,-0.01400960610250368
2008-02-22,0.0061577295168357971,-0.0057273507413559965,0.0015013339372487167,0.011342171595655426,0.013419048055675509
2008-02-25,0.012608926996471981,-0.010215264004912905,-0.006960076347863775,0.028571521525361687,0.018623232576762572
2008-02-26,0.0075000430933860329,0.00032977867489769608,0.010459362120408988,0.017003844118161915,0.013208542314093963
2008-02-27,-0.0010118330272673726,0.00087695601838366777,0.011418201955798679,-0.013018404893134994,0.0084390599513497477
2008-02-28,-0.0097669101736109765,0.01776572151708411,0.012766396919778877,0.017198825144635776,-0.010749938246135127
2008-02-29,-0.022283607011023943,0.015300335370350915,0.0019793983293541206,-0.033180559357383843,-0.039752403751555421
2008-03-03,-0.0023916806014612213,-0.0025777817339760478,0.011020976868687971,0.012491896066000541,0.0054431832276624625
2008-03-04,-0.0038200568752078112,-0.0097183556155000517,-0.02118467301366822,-0.019480584554671831,-0.023222687357711158
2008-03-05,0.0063160568745541656,-0.011970262311553403,0.026686288163304539,0.025165523133791057,0.021003435588561548
2008-03-06,-0.020698025929558717,0.0053483365655915271,-0.01248466235635548,-0.020026013738675186,-0.034285168307479075
2008-03-07,-0.010300410383479286,0.0013028183579253394,-0.0042487426125323857,-0.02755446206786083,-0.013831388150024715
2008-03-10,-0.013183180249516147,0.0147445628135916,-0.0022894536340183347,-0.012337010839805207,-0.01755033261377148
2008-03-11,0.035937544194730719,-0.0085466618128284821,0.0012516440361922676,0.051475531173847511,0.06725669703473991
2008-03-12,-0.0093516603300675127,0.019291461462216386,0.010626151632053826,-0.022193094743286346,-0.018526252295332002
2008-03-13,0.0022075015586728863,-0.0078244523552404299,0.013709866739230137,0.016689065336970899,-0.0091102044672453086
2008-03-14,-0.015495117857308505,0.012360778634219693,0.003762484852152248,-0.018253769313230306,-0.03545159395302433
2008-03-17,-0.010107465423894846,0.0076847732447384853,0.0046601062581208552,-0.034911392826824539,-0.024706985762152356
2008-03-18,0.041543214241555715,-0.0038653706646346597,-0.026923446790799832,0.043658396501474073,0.051994433023268005
2008-03-19,-0.024769862108037777,0.016568883830535786,-0.035854912792462779,-0.061088798953083501,-0.060052195738535596
2008-03-20,0.018522759047637782,0.0024758810038110202,-0.033641414688503124,0.0044405416348289872,0.016842114535187358
2008-03-24,0.0199878888667957,-0.019344974164025919,0.0021131665473592687,0.017511403281849969,0.038335840874002214
2008-03-25,0.00096498367985287103,0.0041962590962512092,0.029189843810795368,0.0099926042119926617,0.015352541659659158
2008-03-26,-0.012235977062216241,-0.0041787240872891429,0.011538872598824357,0.021712414389390311,-0.0081135444309382576
2008-03-27,-0.003153001260624344,-0.0070310052823355784,-0.0036247756526995856,-0.010087454685386299,-0.0048337073268783781
2008-03-28,-0.0095646995294992321,0.0097224739183989772,-0.016905647833642901,-0.0027171916984704003,-0.0017928780911634634
2008-03-31,0.0034975287771714658,0.0035586203494020197,-0.015999060026679612,0.0089917150428628911,0.0059135229629689867
2008-04-01,0.035159567680376869,-0.016275755018846594,-0.039265600132318168,0.018768051461086177,0.038398675519231151
2008-04-02,0.00065897313323004525,0.0021291966786689542,0.027745751966154586,0.013917139454252991,0.00071662984027542898
2008-04-03,0.0024873381692220864,0.0022305027053557414,0.0016803128880877871,0.0023525031519342487,0.012174043482042096
2008-04-04,-0.0010947901955455919,0.0091170892148524363,0.0092820604792065442,0.008216549038841281,-0.004032871295570839
2008-04-07,0.00051178905663729068,-0.0052521880965251677,0.010193885528479996,0.0053035002857437785,0.013283989045616007
2008-04-08,-0.0010225097676959116,-0.0034857972087992684,-0.0089941835175283424,0.011321772251493112,-0.0054685759231432041
2008-04-09,-0.0072359413103889603,0.010385019186414546,0.021472080511013125,0.0019084721652018466,-0.015578524417834694
2008-04-10,0.0013988054204847611,-0.0033556732528380318,-0.0056344595005139997,-0.0019048368371189506,0.014321613825329482
2008-04-11,-0.019408760231999889,0.0067347854080024305,-0.0051214297537418574,-0.013994145863604479,-0.016308225661616271
2008-04-14,-0.0033736962767156875,-0.0058537241531200213,-0.002081078149565263,0.022967439157052683,-0.0023678080344485819
2008-04-15,0.002332329162782143,-0.012406643283276453,0.0060366924385173437,0.0052978853749758859,0.011725804547056518
2008-04-16,0.027093193915464608,-0.0097938504023886708,0.017564836533195294,0.033877080654102443,0.029579031144738144
2008-04-17,0.0014619033592311315,-0.0017206922599746211,-0.0076122988101923195,-0.00084957473345737,-0.007251596114655201
2008-04-18,0.010434045335753206,-0.00086168544639209088,-0.020959322203780717,0.015303790618350188,0.015095946253612436
2008-04-21,0.00050583577624352394,0.0039884177687745659,-0.004083014073799407,0.011365172341568641,0.0050710472927211203
2008-04-22,-0.0044030543742404893,0.0034353658048553726,0.00022156945225937363,0.0004730342155028211,-0.0092731071261734632
2008-04-23,-0.0015949996043794767,-0.0033164451589032806,-0.011631721074667034,-0.0078031697219937968,0.014384051527207786
2008-04-24,0.0043565331435035937,-0.0084809415928914778,-0.022416498236226268,-0.026215126823869506,-0.012822930913429231
2008-04-25,0.0092543582681974268,-0.0058464937136999406,0.00057321052125147709,0.014194012394250333,0.0073539425776953937
2008-04-28,0.00021439300895553792,0.0030492571584017636,0.0048127170218381643,0.001689391678925567,-0.0019105983681778627
2008-04-29,-0.0039383217877521082,0.0037999481196711038,-0.021439215765431285,-0.02252463006429184,-0.017704471496500118
2008-04-30,-0.0058962389769307011,0.00713859977653164,0.0097891153849709589,0.0073938392546508691,0.020598381653889053
2008-05-01,0.020685153602232775,6.4737800093528364e-05,-0.030698252917109703,-0.021895532841359033,0.010636785810836491
2008-05-02,0.002764115307497983,-0.01261002117805865,0.0070246932050423982,0.018884186975060002,0.009580682850837352
2008-05-05,-0.0048052074629134633,0,0.019981021227540419,0.014483704258645425,-0.00073554359615735088
2008-05-06,0.0086626335698734014,-0.0072049638450029097,0.0041729526412412898,0.026497495365030987,0.011168828735332426
2008-05-07,-0.017810585625789632,0.0042884758433829884,-0.0093500817762266486,-0.018623191841636522,-0.029761968551824669
2008-05-08,-0.0025801509129306233,0.0089771843354462533,0.016546238335991781,0.020057265477393171,0.0102926247867281
2008-05-09,-0.0018684669716773072,0.0036885419035113109,0.0020632772762885221,-0.0018840045415738915,-0.0081638105572300335
2008-05-12,0.011231174170371228,-0.0015123425134018209,-0.004918786481152515,-0.0055442866155885895,0.012857180748365504
2008-05-13,0.00014212947593073011,-0.010935772245670994,-0.018392901637114267,0.016370426106981029,0.0047687843578976263
2008-05-14,0.0020645678398434342,0.00043833715523766692,-0.0022251135117034027,-0.011437852891047928,0.0024063592511132104
2008-05-15,0.012503020130899767,0.009082187427961852,0.021126797138869557,0.013222722571606171,0.021272079157995227
2008-05-16,0.00091180757532405288,-0.0041212049955301477,0.024137913495644758,0.036472351206425557,0.012732570070519644
2008-05-19,0.0027340515155853673,0.0013069102026961321,0.0032547802524549585,0.0061829051520010392,0.00019381804240303779
2008-05-20,-0.0081093046887421583,0.0052192282489409436,0.016892293842048378,0.0099438915954432883,-0.017340578830249198
2008-05-21,-0.016914520341729355,0.00021633273325560864,0.011661139062709269,-0.014824456092630167,-0.010167594573533001
2008-05-22,0.00014365270156102561,-0.011787799489565209,-0.010656760953627886,-0.014598374727872621,0.002915675292322506
2008-05-23,-0.013404309985813323,0.0043768088247890802,0.0027478565704068814,-0.01698030369994219,-0.01744497765087405
2008-05-27,0.0074106655412338185,-0.0067561448144116687,-0.020497672670971245,-0.0064922276439965954,-0.0016144358856563512
2008-05-28,0.0046153321083586274,-0.0088862746212804433,-0.0024619652999156028,0.021120410137960732,0.013472696621177782
2008-05-29,0.0050252921160980346,-0.0071943948628253596,-0.02950412016407733,-0.027311276952171726,0.0021935168294526797
2008-05-30,0.0025001966125990371,0.0065776325382178591,0.01086573562362747,0.01033845899132646,0.0034485259974934568
2008-06-02,-0.010331560904560666,0.0038566776260668956,0.0058319285766506024,0.0059302281138897683,-0.01189705639220795
2008-06-03,-0.0058317512373421421,0.0071989347444469942,-0.012278329266664723,-0.021500540008156155,-0.018059886280781812
2008-06-04,-0.00050680141234427101,-0.0089061649448474167,-0.0026472805572057556,-0.014884763915406829,-0.0087197246315606769
2008-06-05,0.019997221449759239,-0.0059907983346849658,-0.0023081889684327672,0.052164945816865149,0.031817019285027781
2008-06-06,-0.031894102935105084,0.012946584809639061,0.030190869895740713,-0.019603695209736927,-0.036229940452557008
2008-06-09,0.0024217000465711624,0,-0.012014369235977762,0.029411760090389816,-0.0025573073029581117
2008-06-10,-0.0049772773922867053,-0.0065007636823720683,-0.027730365623936493,-0.024618345295418398,-0.023070331376338293
2008-06-11,-0.014712186000795158,-0.0023279521494611322,0.017182858432152726,0.0061358183770252595,-0.014963684989895532
2008-06-12,0.003807212129666615,-0.010004927259637197,-0.016318067383635726,-0.015189844709755929,0.0058317597287285139
2008-06-13,0.01264458244703448,-0.0021339791017218612,0.00268695515226125,0.011918348586301031,0.010808011535730078
2008-06-16,0.00058714123126502038,0.00022525089329406001,0.013748109984879964,0.0035803889241210474,0.003398950601790407
2008-06-17,-0.0048443588260247417,0.0020253865526604908,0.0027582790239881749,0.016568261292440045,0.0042339982975860835
2008-06-18,-0.009736589340595514,0.0084205787019506761,0.011805143602256374,0.003848659573421287,-0.0048484802476856936
2008-06-19,0.0012660872956353764,-0.0059010718313936561,0.0015858562707782298,-0.024016104239211744,0.0015536710200843018
2008-06-20,-0.016231764084131517,0.0058232641876776459,0.0059941052960010843,-0.0067416203436931887,-0.032645086031606874
2008-06-23,-0.00098776963068214485,0.0021162332507556059,-0.020910631525191015,0.039533534562953498,0.0029157176687717445
2008-06-24,-0.0019781380168790719,0.0066659110378757269,0.0043633585806819308,-0.018959152668090562,-0.0044335102869386134
2008-06-25,0.0047258820274849178,0.00044189952791717779,-0.0005716594382072504,-0.0037731067765508497,0.020024055924479978
2008-06-26,-0.027160239531557662,0.0067300024531826708,0.036490534296756083,-0.00723148973061849,-0.034310128336839329
2008-06-27,-0.0054589968989814386,0.011725359236891553,0.0094912328060763329,0.0087864672324649007,0.009669131466189862
2008-06-30,0.0035288554662831206,0.00021790888354078497,-0.00076527488673927557,0.014098030641056303,0.0075720414320581408
2008-07-01,0.0031254723510552029,-0.0023698073765335836,0.013785581129051927,0.0041814837439027031,-0.017830536041744116
2008-07-02,-0.017136538154609027,0.005229165651660983,0.0055039335924880195,-0.030163286829317126,-0.028507115793680038
2008-07-03,0.0010299578720838198,-0.0021671393731680366,-0.011913712913665608,-0.014738289719054554,-0.0028571220551795173
2008-07-07,-0.01021299384004537,0.0045612635966045811,-0.0090157964769864707,-0.0250880148378404,-0.003562186481680274
2008-07-08,0.017757428979997103,0.0064875229821410585,-0.0040557133943578405,-0.016552011090737229,0.012279392310765136
2008-07-09,-0.019255061108040539,0.004404223514166139,0.0070437968891619018,-0.019041943581901255,-0.020191665800257108
2008-07-10,0.0040869389626896346,-0.00010694561695456795,0.022185779008708995,0.030682547216337452,0.01810051401089785
2008-07-11,-0.011651942084863309,-0.014226417221553378,0.017427615781957062,-0.006075327484575066,-0.0066959062299560834
2008-07-14,-0.009043983634745234,0.0087885510935983291,0.0078814624961878188,0.0066013708355474598,-0.0012399967079962382
2008-07-15,-0.014096912644771642,-0.00032216949691254992,0.0027108174007781649,-0.042142094726329349,-0.01667930750761093
2008-07-16,0.024547150612962199,-0.018075764960905683,-0.01798893376809596,-0.02573881830210889,0.028875583728212639
2008-07-17,0.010003382029828867,-0.0051503968646037235,-0.0023295342547202669,-0.016397297285695389,0.0046774135552476448
2008-07-18,0.0062297286891868087,-0.0037448326561961842,-0.00053070527605580953,0.017464767105562329,-0.0086248312708834263
2008-07-21,0.0005557841624579396,0.0038690963865657402,0.010088187279481131,0.029908795453787551,0.012395380533146261
2008-07-22,0.011345009479766466,-0.0049553692780179848,-0.021656908415746523,-0.03320705554310377,0.00060811360861690034
2008-07-23,0.0054124935015387177,-0.0019927927438603277,-0.02675690875880099,-0.036306646742810922,0.001444279847102603
2008-07-24,-0.020753959467157079,0.0097591430932080225,0.0083913231620988959,-0.0024392282047689395,-0.036958258796714105
2008-07-25,-0.000238626457995883,-0.0099942929494671873,0.0039417563027919211,0.0027167993637999821,0.0068555879788074758
2008-07-28,-0.014664408076965563,0.01009518720780167,0.00043626256366291472,0.003929178119397303,-0.016905379440302792
2008-07-29,0.021352592783590474,-0.0040627419139612764,-0.012427853235838726,-0.011875669757468343,0.055409558120876889
2008-07-30,0.017817923727044827,0.00099287920129742524,-0.011811455327067621,0.059546518007919769,-0.010409322495271711
2008-07-31,-0.013226910089538357,0.0099143657260600815,0.0062556435320382242,-0.040990208924691074,-0.022410456690942215
2008-08-01,-0.0052822769532007152,0.0022120476043179238,-0.0056616577027494008,-0.00013454237496701715,-0.0067833601082994965
2008-08-04,-0.0092742849341711509,-0.0022939642864681087,-0.015965170370078829,-0.04704911222208219,-0.030616903644046345
2008-08-05,0.026962171045374683,-0.0074464044676844088,-0.023371880790320154,0.0074768800999500673,0.012876186100097886
2008-08-06,0.0044406720480325568,-0.0040816214083178037,0.0065055477077338164,0.022822535927599974,0.019908830000573641
2008-08-07,-0.014891910079807502,0.016283111137705975,-0.0063481423780287205,-0.011636291657954545,-0.034336723463918251
2008-08-08,0.01858159309208629,0.0027244384673377198,-0.019282101328005674,-0.016897262729401508,0.0024358085533051632
2008-08-11,0.010357867778947316,-0.0095655242518775108,-0.039085669072957629,-0.00042279031364444997,-0.010447242301435344
2008-08-12,-0.010404870411139133,0.0093285120129709131,-0.0075188047701537641,0.00056386397585672654,-0.0083476186418085518
2008-08-13,-0.006030268425164298,-0.0034790983627935868,0.012916057611595866,0.035356906437579161,-0.0002475525351927077
2008-08-14,0.0075448794366772542,0.0064379393545825891,-0.027096605574135291,-0.018367126943120704,0.013124841797490516
2008-08-15,0.0048630345027462774,0.008672672123219094,-0.02167613426311632,-0.018711070307630862,-0.015644094222030391
2008-08-18,-0.01367417999445808,0.0039763483103962827,0.015071568204755081,-0.012712058594946618,-0.016886020861359485
2008-08-19,-0.010903889862468485,-0.0038529535675579929,0.020685243531619379,0.03590883679810708,-0.0083352272028747176
2008-08-20,0.0046454165971756556,0.0027934478036462096,-0.0046003076610484639,0.028863221081999013,0.02547153109934297
2008-08-21,0.0017244164113168203,-0.0018220120523677608,0.02797908520450143,0.025100710328244791,-0.0014905256700491476
2008-08-22,0.014475630981116705,-0.00064393803885087753,-0.014823829592519933,-0.022914464875499418,-0.0007463753266083728
2008-08-25,-0.020285065789037771,0.0099914954729014571,-0.0018500434446395708,-0.012999587639728638,-0.020662302588660864
2008-08-26,0.0029129706598027827,0.0008509876749049905,0.0037069448983879649,0.020366758868378465,0.0017793313777749731
2008-08-27,0.0097339544517767163,0.0017007377663387224,0.001600360064577977,0.01583471855246521,0.021314757498108516
2008-08-28,0.012127629717099797,0.00010571033123940587,0.01007865890698989,-0.017553327370617988,0.0069560642387180849
2008-08-29,-0.010753459870278426,-0.004456237446046174,-0.0057191679113868243,-0.0046661068331758093,-0.011842786069651723
2008-09-02,-0.0062118777756742238,0.0093049223951320315,-0.030718420809619618,-0.054922795338007258,-0.030212596305215889
2008-09-03,-0.00085952909770736774,0.0042391719247789617,-0.003914110739124621,-0.0038272543908085543,-0.016477499025769116
2008-09-04,-0.030106246853194518,0.008019618267137929,-0.0063379389513039674,-0.022482032993852208,-0.046072897108619948
2008-09-05,0.0031446331144506789,-0.00052389866978541644,0.0075265208812218543,-0.0040748496158454772,0.014269701409469038
2008-09-08,0.020656222984340999,0.0041899571608530195,-0.0015194067039945303,-0.0068696757872731551,0.012445709458490883
2008-09-09,-0.029687773118868943,0.0099078345734744389,-0.03005329353587316,-0.069168578423024596,-0.056119575686804257
2008-09-10,0.0040577621517043916,-0.0061967014493999883,-0.029677038913105025,0.039367491758395268,0.016138266986800875
2008-09-11,0.014467986179557801,-0.00051988385631340783,-0.015359732833451378,0.014298851944726909,-0.014767283925599117
2008-09-12,0.0046212751373200245,-0.012891656085430525,0.033798592758840451,0.033743312652144697,0.033371006779253864
2008-09-15,-0.047584818547027119,0.032440584944833928,0.026604823635267394,-0.076599006494524891,-0.078544163956696944
2008-09-16,0.016737190579533712,-0.00020288676400015415,-0.0099277548646736768,0.042261783830129573,0.0086130003943498679
2008-09-17,-0.044963170338022662,0.0049996979801554264,0.11290530102327678,-0.020952615593928359,-0.070965992482885931
2008-09-18,0.029671460632136881,-0.014621365759598492,-0.031125626740126422,0.029868899339832833,0.08431051546678936
2008-09-19,0.039713884857212722,-0.031735843371075489,0.03840579937162536,0.068616867269089443,0.12452526004753595
2008-09-22,-0.022639223690274712,-0.00010633803984849699,0.037217920717656394,-0.017544138871165571,-0.065245862172300328
2008-09-23,-0.022751446879405557,-0.0038308763799629331,-0.0096434246177239391,-0.03300018797599702,-0.031145613106289494
2008-09-24,0.0032053286175619533,0.0043796099431319124,-0.018229173640338159,0.0029548215048118553,0.011481341572606052
2008-09-25,0.015639498893418313,-0.0020206777817178834,-0.0029985254177800069,0.024451737035403376,0.051361766055706637
2008-09-26,0.00049653984706088394,0.0072479896959418699,0.002197830516061261,-0.026599877300057084,-0.034007933475431851
2008-09-29,-0.078361659344128309,0.02910049298734263,0.033818101636850395,-0.11890702847698165,-0.11679253853186666
2008-09-30,0.04138972941235064,-0.024371024187269996,-0.050240035897421431,0.06119029754626415,0.080986913710380692
2008-10-01,0.00060372419922227749,0.012581315349824429,0.010579540720671465,-0.016429654024508356,0.011999000795472892
2008-10-02,-0.036274551756989348,0.0080390034732809035,-0.042340343584546303,-0.057018874016805388,-0.08762296723527907
2008-10-03,-0.013500248976331175,0.0088041886006207104,0.0031579558004803943,-0.011922915069931039,-0.026307421782748031
2008-10-06,-0.050933317507994569,0.018171933868619261,0.020462556197389237,-0.053783321135955853,-0.075195204634862955
2008-10-07,-0.044786090939380907,-0.0030252124958997095,0.035476956657289449,-0.054837471064729915,-0.077789860492290752
2008-10-08,-0.025192508362698818,-0.01436265317965757,0.024636204979729737,0.018889539669565858,0
2008-10-09,-0.069839328171784731,-0.0084133868184400606,0.0053679642894501889,-0.14396534001896599,-0.073663851076997577
2008-10-10,-0.024255476714047153,-0.0070386096298664658,-0.074304785225758341,-0.040883956189962101,0.011536807817888128
2008-10-13,0.14519764546870451,-0.01281781748273747,-0.014780141058536755,0.16474664895884739,0.22769830055046403
2008-10-14,-0.014800679966286756,-0.0064405361756014745,0.0025612768623506366,0.0011874917535295015,-0.049767777195297014
2008-10-15,-0.098447271282618543,0.0095639516997305662,0.013503657561574789,-0.14443852095175158,-0.16166168226985511
2008-10-16,0.041657539897937967,-0.0051577679909323715,-0.04825347210266151,0.038106253191805495,0.049146148127331646
2008-10-17,-0.0059723630197254796,-0.0068767862000974622,-0.026232839034402877,0.022025018846237199,-0.031361498345649497
2008-10-20,0.060079749457107257,0.0079892099279346152,0.016707692408026054,0.11645653114889676,0.070081717891523176
2008-10-21,-0.029855710896756649,0.0052847304909569015,-0.031464983703224481,-0.045428436996794885,-0.079662963035160628
2008-10-22,-0.054453971450222349,0.020289666485685975,-0.056819673341893639,-0.09722215940729384,-0.10528536501128705
2008-10-23,0.011583816486772092,0.0074195567248558358,-0.014781726009298946,0.053167372558116321,0.027907550446189422
2008-10-24,-0.050713975867146432,-0.010637761573040194,0.02208064437227697,-0.062298609767748814,-0.10316743277299023
2008-10-27,-0.035500555027429104,0.00072435911798929276,-0.00041543802350396675,-0.063917060959509109,-0.02623594387738637
2008-10-28,0.11685490157264211,-0.014566458831954621,0.022305356103415219,0.1524713981263397,0.2093263143635733
2008-10-29,-0.007252486463161123,-0.0050322413570564883,0.0028459016379882573,0.022085588673900647,-0.031705463361783925
2008-10-30,0.034594265396932444,-0.0090616281092471551,-0.017432444804423519,0.046124471594264138,0.13495548375679522
2008-10-31,0.0055030612406907764,-0.012971668400234448,-0.018842012980778589,0.020854460358554316,-0.0085769254248804216
2008-11-03,0.0028918676078704131,0.0027042524992921813,-0.0033641418010847968,-0.030934030547095759,-0.0090439806376656495
2008-11-04,0.03398233724583033,0.018767831744081365,0.061603445524780476,0.064444807717812358,0.091269621848465876
2008-11-05,-0.042027990306338303,0.011858698789752875,-0.035506096793643027,-0.044699747507888521,-0.12727250844923033
2008-11-06,-0.055411251045377918,-0.0072199636212348928,-0.0079670577849060287,-0.060217539218741067,-0.050416789843842458
2008-11-07,0.033018093331635967,-0.0065344642258111652,0.0038770254024393935,0.047268886832657619,0.08117570734310009
2008-11-10,-0.013104780273334393,0.0048796743857759672,0.014896576980064635,0.0034109306999781097,0.0093343960235130474
2008-11-11,-0.030875676546971209,0.0029571502895884283,-0.020793676830966557,-0.028788948808341042,-0.062323829427800792
2008-11-12,-0.044001379464421508,0.0064205962829013696,-0.028452504717941141,-0.081926967310208321,-0.074185105564616438
2008-11-13,0.062339984215205924,-0.023951855135600275,0.030714307512555772,0.11748874268631937,0.13848969495882657
2008-11-14,-0.049906542985658109,0.019824075845657152,0.015939036750628688,-0.041532703269498983,-0.096013218363817265
2008-11-17,-0.013276536090465862,0.0044133167165540943,-0.0088676875691251489,-0.020724391155210853,-0.016651545151413427
2008-11-18,0.01883660234737361,0.012867106762050273,-0.0019270390462217124,0.028003084192709027,-0.014645239425256973
2008-11-19,-0.064078813436795667,0.025614946144047801,-0.003447800201830109,-0.051777286910517972,-0.086391287832326746
2008-11-20,-0.074233226187059187,0.05166154447564586,0.016468236601602237,-0.12368419193904967,-0.071682493982349049
2008-11-21,0.053942875398816259,-0.014458665657498315,0.073519424782060971,0.1116111429035842,0.14403045500336775
2008-11-24,0.069291068367364206,-0.015643838607395821,0.026125621152223388,0.072264889033770485,0.060794615129245333
2008-11-25,0.0074093561870482993,0.029413937424591197,-0.00049438776068277956,0.015956583183245776,-0.018953207466844479
2008-11-26,0.038641442366997847,0.0013429589950477716,-0.0060591749291707409,0.05600294302764941,0.076357327167639433
2008-11-28,0.012588436146124815,0.012353657976972299,-0.00087085963194954985,-0.016046564549399456,-0.019230901802568701
2008-12-01,-0.088578198392027185,0.038294356940254737,-0.058025104898240532,-0.10640458954580767,-0.096296251411840506
2008-12-02,0.038484429157725764,0.003839165889498064,0.017184340993285696,0.0338307967329603,0.063162947540296832
2008-12-03,0.024041619031778705,0.0028231024929832316,-0.010006454497773598,0.00064550379198258234,0.0081631710913905309
2008-12-04,-0.023134058727932616,0.019703731442613615,-0.0089262313264860671,-0.069277202574257402,-0.04273515127337979
2008-12-05,0.030832706957570455,-0.016205847899222747,-0.012980176913027774,0.020804588118278122,0.059211031483000776
2008-12-08,0.034914533888775079,-0.0021728643706553363,0.022544288524630529,0.044384347483478193,0.06388622481291395
2008-12-09,-0.016483704300495283,0.019775421452177477,0.0017061008926391175,0.0099738561549480576,-0.013761810517681772
2008-12-10,0.0068156303079591751,-0.0024021450985103332,0.044805424956165796,0.051738846273909012,0.059619522817082604
2008-12-11,-0.02408101952644448,0.0019619608190288851,0.011285285590957983,-0.0046948122099085277,-0.025538479022752414
2008-12-12,0.011939585875329062,0,0.0019838317382239179,-0.0098441389392150969,0.013922498373324377
2008-12-15,-0.013934094746843928,0.011390585180832247,0.022150735918899711,-0.0057995402645824035,-0.013327388881606228
2008-12-16,0.047065612858629091,0.024724785980130504,0.022518167611520035,0.031042022596921681,0.079819685686321806
2008-12-17,-0.009686859224080413,0.027134357688657795,0.011484741075274973,-0.00646608923219405,-0.017437206184024667
2008-12-18,-0.018683647867982378,0.020982859411374788,-0.01826053556152496,-0.058165717993284405,-0.021990769677475264
2008-12-19,-0.0043011712667304636,0.0010644057824720221,-0.014784850990297582,-0.001540722095666025,0.0035500350099257894
2008-12-22,-0.012813609529213288,-0.0076885419131385024,0.010044800419261257,-0.029782903077717138,-0.03734286368682771
2008-12-23,-0.010337160024441738,-0.0013187187446618287,-0.0099449058250601352,0.0022410295064896335,-0.0082812219807905096
2008-12-24,0.0058027842438626021,-0.0021461754849059211,0.010044800419261257,-0.0038007688542901485,0.0070979146225607082
2008-12-26,0.0057697889918499889,0.0033086790433389801,0.025641018609195987,0.013465499544850656,-0.0033168812083499422
2008-12-29,-0.0028686447629067136,-0.0011992659945050388,0.0087616823991736315,0.021921482357975641,-0.0016633893257409493
2008-12-30,0.023703038749750327,0.0095238105426347364,-0.0052113139107587969,0.024268420923212242,0.026666343643265256
2008-12-31,0.014273914317248115,-0.020918608422864304,0.0072176380229831416,0.010577371308366557,0.013392914784988941
2009-01-02,0.030142366998702208,-0.025136547556105837,-0.003351748698386614,0.049822250791277334,0.047657234593752484
2009-01-05,-0.0011828914714796523,-0.025784352463532834,-0.020294560267569373,0.023529202706542129,0.012997088658011746
2009-01-06,0.0066770072110822198,-0.010056681726940853,0.0076940562340901408,0.010910138861632834,0.022641159108780951
2009-01-07,-0.029956012010783462,0.0039204693603969165,-0.027957210503990804,-0.042397379455385131,-0.05756433215648904
2009-01-08,0.0040802403431139389,-0.00079912659098602123,0.020664641504201331,0.012879752636313135,-0.0043072736654404808
2009-01-09,-0.021418599796391935,0.0015109363283674071,-0.0063935699903011622,-0.033578280584756537,-0.021627914877462295
2009-01-12,-0.024020757142605542,0.010378060283938284,-0.037654862984544346,-0.039473781723470935,-0.042202455820475326
2009-01-13,0.0018400202479216254,0.0010543760689634141,0.0014858236009589465,0.025042731977521493,0.0029376187609841953
2009-01-14,-0.031454634876387,0.016488244822548959,-0.013476710866784369,-0.047817382671272557,-0.048535527209974894
2009-01-15,0.00035586390068487184,0.0016392541861556253,0.0075197201057348728,0.012499708135441878,0.011433564991317313
2009-01-16,0.0078195905606739391,-0.015418910767578509,0.028859307282479651,0.0080131963346599111,0.010869427177497171
2009-01-20,-0.052786103336172285,-0.00017528374833730709,0.021883660725774856,-0.053286777801539897,-0.074408389283437626
2009-01-21,0.043192417380069958,-0.031588368387374666,-0.0043776044945909032,0.067180909824957835,0.054368160058696713
2009-01-22,-0.015466989194275582,-0.019246925998698816,0.0051099262908931298,-0.027435124142525913,-0.033054325888608682
2009-01-23,0.0043504906491658168,-0.0078306714588342041,0.046701310744023727,0.029083862810169281,0.01276164258075263
2009-01-26,0.0068582557506615682,-0.0087291865633848387,0.0047441339064326904,0.018486573788276228,0.011701079737443498
2009-01-27,0.010157844321092346,0.023512685126872546,-0.006408091224060275,0.0016692621437932598,0.017794303102315112
2009-01-28,0.033833954983214509,-0.024986468972982623,-0.010862175993511136,0.027286243357993678,0.050698587864356437
2009-01-29,-0.032497598000243544,-0.022998137260679452,0.02379320378198746,-0.035279597967042609,-0.050748947318703164
2009-01-30,-0.020342922022819399,-0.0031707780066309033,0.0202234364088687,-0.013872022940386808,-0.0074490324063978264
2009-02-02,-0.0030186041710140721,0.018605463632876962,-0.027050720476891055,-0.015984199899385598,-0.010154471845467472
2009-02-03,0.014047416180535066,-0.023816448790525024,-0.0041647358446558203,0.017327346075293404,0.029884077701697098
2009-02-04,-0.004896353818005017,-0.0034991500516881047,0.0080253088581003773,0.0093675520265594781,0.0073621606725851052
2009-02-05,0.014880331131754687,0.00087705823610151334,0.010540507268328669,0.024467339310522807,0.021066424898191105
2009-02-06,0.028497199615826529,-0.0031175449074921646,-0.0058811184258592553,0.018529972977580966,0.050105190806584599
2009-02-09,0.0013795993660277173,0.0032260278544236076,-0.014175652360522317,0.0036386664119940626,-0.0052127985740848537
2009-02-10,-0.045809307166765234,0.021730410152963398,0.021399449684998073,-0.046525544903489369,-0.060459080966961509
2009-02-11,0.0058956747726006675,0.012971455144456634,0.023057331251128632,-0.011406794780066565,0.030029859723541552
2009-02-12,0.000717407234702927,-0.0094158509527162426,0.0095351310509079745,0.0017094232876955218,-0.0062472156540214208
2009-02-13,-0.01075745726804278,-0.026613271238108416,-0.0066544502454884968,0.0023464904489693961,0.005029190963732777
2009-02-17,-0.042774203027224789,0.031150077158358602,0.031334346848833405,-0.069164047741912094,-0.063803260118933669
2009-02-18,-0.0023986266024154101,-0.0085231838615650313,0.015296037302744869,-0.0057156566320594182,-0.0071270478419968031
2009-02-19,-0.010755582784264806,-0.017000599619484302,-0.011763563883639527,0.0002298545707444255,-0.0094208702575810932
2009-02-20,-0.0097208048073954556,0.0097152136131020139,0.021196684555155887,-0.025747080117483501,-0.025362322215968014
2009-02-23,-0.035778671371091364,0.0092379553046268992,-0.00071574327852708119,-0.046719835506637053,-0.024628615732662285
2009-02-24,0.037909844033174434,-0.0010481940178386218,-0.030696816708818409,0.047029413200766479,0.054788306813838616
2009-02-25,-0.007872766758181271,-0.011549364057700795,-0.016679001109093039,-0.0059095223050655843,-0.017163685581363164
2009-02-26,-0.016261198602359417,-0.010524922608485143,-0.00096622614933772333,0.0023778133197867035,-0.0087316796249422568
2009-02-27,-0.02234901954573576,-0.0057580289004588447,-0.0046206782340074692,-0.024199218482438223,-0.015762431625211071
2009-03-02,-0.045042569789752851,0.016555223539013841,-0.018352553153934803,-0.073182731964138048,-0.060763109614286659
2009-03-03,-0.0075068261382946755,-0.0066810548960726246,-0.0097877420725993591,0.0049841157795631474,0.014041924200059341
2009-03-04,0.023690871062850727,-0.0045807266753151721,-0.011661517559766521,0.047768223176724023,0.070227706622990382
2009-03-05,-0.040848061452688711,0.027810979185354023,0.033711653803976338,-0.044095640127118196,-0.041127929569609645
2009-03-06,0.0017443028523878024,-0.0066696379401474104,0.0032612572967127829,0.010946083432266329,0.016867779139631667
2009-03-09,-0.011752764724799358,-0.0058506909437565646,-0.018636918448808326,0.0018043645487539894,-0.019431236313547817
2009-03-10,0.059609179247548827,-0.019199339950068617,-0.026830079644072802,0.050694893577913902,0.081198675520391506
2009-03-11,0.006512421717966177,0.010820020443362388,0.012253254351412224,-0.0041633218943482042,0
2009-03-12,0.039372548714683431,0.0047682917133171632,0.021071477557677021,0.030004785714109916,0.038443841041918336
2009-03-13,0.0078146240614862528,-0.0050366175320349926,0.0021954399669230629,-0.0090735200509483027,0.0055964060968842766
2009-03-16,-0.0030228864692752877,-0.015768881713848271,-0.0054764510765300534,0.01277111670162534,0.00085649198026471751
2009-03-17,0.030582492345242462,-0.005440138151913243,-0.0083700672983155755,0.034499120233998593,0.021813585066084107
2009-03-18,0.02238455524153915,0.037888074739478084,0.033873782667158014,0.010119455883306872,0.020928878412701524
2009-03-19,-0.012386026480420753,0.001245365343579774,0.013535311911035075,0.024134703355797038,-0.006559764305031579
2009-03-20,-0.021293944843119861,-0.0055501523945462594,-0.0080551367092912551,-0.039106081411237947,-0.013619423363931182
2009-03-23,0.071829421952695149,-0.008660555117607549,-0.01613414430944482,0.082324984366054066,0.092468333847054662
2009-03-24,-0.019703232303698859,0.0095129537516585039,-0.012271990229602681,-0.018907713519457525,-0.031022750990784553
2009-03-25,0.010545276967817374,-0.013461307095278263,0.011324974637190621,-0.0048184625892807587,0.015020198609269064
2009-03-26,0.020380659994603922,0.011597781473624558,-0.00054362959266018862,0.0085828987441562976,0.027258306213868488
2009-03-27,-0.018048670982004911,0.0074196365397976027,-0.013488500594508568,-0.029674955972617156,-0.029567831576601034
2009-03-30,-0.034554102427173272,0.0038259964671485402,-0.0078288572649601873,-0.037103734858115689,-0.051562401235050626
2009-03-31,0.0092646738120016892,0.0071448254709329806,0.003334023240399997,-0.0084070178475227353,0.021828370748282033
2009-04-01,0.019366175569837329,0.0091249247311435688,0.0083074879280125025,0.021196363209502023,0.033051012902297172
2009-04-02,0.029237964935863392,-0.012220068287005281,-0.024497371827343573,0.041051166191676147,0.054233589959941098
2009-04-03,0.0099483314138730794,-0.020462001100159388,-0.013626201264451798,0.019495006561795591,0.012213432380110856
2009-04-06,-0.0078329406509800581,-0.004276063447763101,-0.026487039523035216,-0.020208672406632266,-0.012431584119693917
2009-04-07,-0.023324955564532956,0.0025379822363118532,0.017239372329946656,-0.029940017452226741,-0.022954406272621686
2009-04-08,0.010777827792604944,0.008856927962925365,-0.0014987002146591433,0.012802915587439401,0.014778520179591137
2009-04-09,0.039742982423411899,-0.012542520973924165,-0.0034638384671937805,0.029346121697996219,0.043689274152822311
2009-04-13,0.00023261215094705356,0.0091842336009058112,0.018190241446344402,-0.01096532429192898,0.006082308796690139
2009-04-14,-0.017243236002987716,0.0052278858444527732,-0.0058033059032225331,-0.0026610611259184624,-0.01600286593455813
2009-04-15,0.010669846306269992,-0.0017332367422008277,0.0014878934340316619,0.0013343021062541816,0.014455965718735309
2009-04-16,0.014662940401688251,-0.0079105540996552426,-0.019314313616071388,0.0046621387093168654,0.0085500007376924092
2009-04-17,0.0067050296606947501,-0.010989667379458834,-0.0068756130366716128,0.011713317298462922,-0.0070645337079332515
2009-04-20,-0.041915427817698747,0.015142267980986723,0.020300348542107161,-0.048493082224495776,-0.048737345846565305
2009-04-21,0.019536919612204384,-0.0098804088622175268,-0.00069002369982218426,0.019743130657337238,0.021316380990770378
2009-04-22,-0.006112844971551068,-0.0060650102785686499,0.0056392895294219425,-0.010581353607701294,-0.0084217816235840903
2009-04-23,0.0098174645419366602,-9.7710978490317402e-05,0.016250925188536769,0.018657433903958909,0.015509761179575587
2009-04-24,0.01511104996174728,-0.010040500429970289,0.010360339384325012,0.029037527772287186,0.018908941056016815
2009-04-27,-0.0094616512992079516,0.0042747872254653707,-0.0079134983817724658,-0.018884365050345187,-0.033547476226184481
2009-04-28,-0.0031461216816958126,-0.016336231895821673,-0.014155736501410554,0.0022129148508243102,-0.0033233900360889468
2009-04-29,0.021269680489355736,-0.0088573140999056443,0.0066097074764066566,0.027593321318017727,0.052612180729712188
2009-04-30,0.00034296625644603118,-0.0039611250375624074,-0.012000511332669439,-0.016540830228023551,0.0091517308296971134
2009-05-01,0.0053766417176741577,-0.00688150079145744,-0.0036667778977123033,0.032328382989696092,0.014649607313840685
2009-05-04,0.034019038476694963,0.0032946172247230177,0.019436486494786687,0.039991264929175374,0.069095775392579162
2009-05-05,-0.0034104041552901476,-0.0012319896554289222,-0.0043998126391456838,-0.013428414108077269,-0.009003394362483319
2009-05-06,0.017334774295452604,-0.0023638653029863788,0.014617574113624299,0.038771212701221414,0.017196840129792834
2009-05-07,-0.01389237981732161,-0.024412199805267543,-0.001116802245908266,-0.012904600439822334,-0.02488062028199356
2009-05-08,0.023332982052923779,0.0024288251417146078,0.0060375771554914692,0.042638514680921835,0.033366337273230906
2009-05-11,-0.018713996348744599,0.014218506098108374,-0.0032229484853091295,-0.030478293072616736,-0.02342531939000092
2009-05-12,-0.0029594093110073549,0.0036360130145791647,0.011260948593414977,0.0063669897786191587,0.0071312515135706356
2009-05-13,-0.025172905828241832,0.010864358294744969,0.0042998831617491184,-0.033016802090165775,-0.036691162515613329
2009-05-14,0.0085693533952435619,0.0038896105428336547,-0.00065866243282297621,0.0028619383919454844,0.014366620616751202
2009-05-15,-0.0081614378101411145,-0.00030582477366880578,0.0057124495159193156,-0.021406667997171835,-0.0092227561380850975
2009-05-18,0.02840719650851331,-0.015503813362854002,-0.012998387785235543,0.034583162084982133,0.055518840966624516
2009-05-19,-0.0012055225911974388,-0.0052837676568560088,0.0066400893101847824,0.0048332898808434166,0.011338685493037293
2009-05-20,-0.0066942238997070858,0.010519783336651045,0.01418206825540258,0.0034066635864975492,0.003114118490248341
2009-05-21,-0.014363448333707618,-0.025149408962135467,0.017344156901041741,-0.029558565019637939,-0.018627812112731235
2009-05-22,-0.0021299021451057776,-0.011102211368496984,0.0031966228730471169,0.00041147265866348093,0.0044291105016520671
2009-05-26,0.025612563099569829,-0.015075095909061198,-0.0041423195255205769,0.021189127982103484,0.011968588469665642
2009-05-27,-0.017853188061171754,-0.017694189305256236,-0.0033063692504812225,-0.01087837778175571,-0.01151597972469165
2009-05-28,0.013939651823724697,0.01447698598916447,0.0084537286391233035,0.033197553074310049,0.030856742167334694
2009-05-29,0.017708500624006085,0.025817185043307989,0.020797953405155667,0.018726652804236021,0.015271896145811814
2009-06-01,0.024208073061492641,-0.029563911956500322,-0.0048855884222268608,0.036765337550932919,0.042117442587901399
2009-06-02,0.00084390423566294004,0.0053794410311556184,0.0065809801663643253,-0.0026136703019736807,-0.014434081991546055
2009-06-03,-0.012651284158007314,0.009389799592027126,-0.02023658090380609,-0.038547541367024762,-0.035442077610000733
2009-06-04,0.0093965155687800728,-0.020661664029387294,0.01927761491608404,0.022576532277421846,0.01852435325924584
2009-06-05,0.00021192371361533624,-0.0076226191179241676,-0.026187303175224996,-0.0081843135601742389,0.002086999128795286
2009-06-08,-0.0041251014222900562,-0.0025589257839260249,-0.0016006992566897082,-0.0023023229820773317,-0.015472031481495341
2009-06-09,0.0050978828582157742,-0.00011208040696697452,0.0028858943940421877,0.0098086341988958825,0.0018135989001539787
2009-06-10,-0.0025361777325965118,-0.015735565721429756,0.00031971415018072769,0.0089532846557434098,0.01266923154948163
2009-06-11,0.0044492659585773087,0.011111511256321371,-0.0017047055302461533,0.020010605672411197,0.021448495025274905
2009-06-12,0.0027420914876765679,0.0089714214296130468,-0.016328696148645738,-0.0096240272675753857,-0.016040069419704928
2009-06-15,-0.02292782983570274,0.0090022922758941082,-0.011608980319853468,-0.026536797337346929,-0.035862493792656269
2009-06-16,-0.013563423004182451,0.017405891206379032,0.0091108874309198118,-0.021309279352078048,-0.015063087745816439
2009-06-17,-0.00098197517421705349,-0.0056304602905594692,0.004568673638105869,-0.016281200918179528,-0.011235801166945558
2009-06-18,0.007318226641666481,-0.015135407624164321,-0.0080129710448982872,-0.0037884880048759673,-0.0028408264524627524
2009-06-19,0.0036861901597990965,0.013709662381180321,0.0031656032485014585,-0.0099787449688040208,0.0050647462026991441
2009-06-22,-0.029987434689614179,0.0097070833456256445,-0.014798700628623873,-0.049989308668638932,-0.036220716897311434
2009-06-23,0.00078446649916275035,0.011773833229695274,0.004197009604324009,0.0059884915468852995,0.0064904073027702847
2009-06-24,0.0086177444028927574,-0.010035621888180857,0.0058292871752156916,0.0040402846906191225,0.021931173218386002
2009-06-25,0.021748402318857885,0.018332489096996474,0.0094040529147123575,0.020966146963337984,0.02978884817412264
2009-06-26,-0.0026064032733913445,0.0016950120153220727,-0.00021662488999318885,-0.0066381064603789897,0.0052877816948098122
2009-06-29,0.0093647302868171689,0.0014793137303124038,-0.0027088525031961908,0.0093967189437860199,0.0074255204707700528
2009-06-30,-0.0080908634669575319,-0.0016892411691091791,-0.0093437701194816203,-0.0059990117489787664,-0.010134917782152697
2009-07-01,0.0041322262999532455,-0.0019824391000308195,0.013270443961645562,0.00083195058791063481,0.018306025781318347
2009-07-02,-0.027293246285809536,0.0023374456335851779,-0.012338991202289873,-0.040132773362448915,-0.027422392426992959
2009-07-06,-0.00011096176947344993,-0.0019088825303575918,-0.0053698396029537854,-0.010181898133638345,-0.0021932009492137139
2009-07-07,-0.019376419950771218,0.0066941699920128883,-0.00055093709322262541,-0.025607332114756076,-0.023547779317361961
2009-07-08,-0.00068122926642544268,0.018470054150069082,-0.015874792811597982,0.00022425642705781179,-0.011575655127722406
2009-07-09,0.0019318369713603456,-0.011917990591994276,0.0026885348066461034,0.01033017582525031,0.01789202638916354
2009-07-10,-0.0023818545225193777,0.0092281863565071287,0.00078203209868865642,-0.0071128420350150545,-0.011824976266145426
2009-07-13,0.024329064617062857,-0.0056110735170094017,0.0068095623786881276,0.015223235013987813,0.0071152183564680005
2009-07-14,0.0056602045692191183,-0.016615398405967707,0.0068743219914013665,0.013450839069282683,0.010918574506529
2009-07-15,0.029246684325343164,-0.02571757971703359,0.015747168193161798,0.03546558627623142,0.053684775078850056
2009-07-16,-0.001609054021073697,0.010798228985814839,-0.0028186742504041629,0.012187385759311997,0.0018086455916641597
2009-07-17,0.01095500885568601,-0.015431090225782707,-0.00054362959266018862,0.0058128513437032403,0.01023160723792782
2009-07-20,0.010624010012491469,0.0052607033263296632,0.014685069831823938,0.017130683333053787,0.03574660912173977
2009-07-21,0.0046250200285458121,0.019952268115321026,-0.0016080781286652579,0.0087257467955974555,-0.0028760611529563551
2009-07-22,-0.00020919649850881239,-0.0089789035304645992,0.0033287361444316321,-0.009052417730850304,-0.0023072970663020609
2009-07-23,0.022082522158015205,-0.018337028088924567,-0.0019263730786892586,0.02842093897003295,0.028331484527286621
2009-07-24,0.0040957656045783608,0.0048344747804041077,0.0016084229299051511,0.010461814406761638,-0.0047791415702331808
2009-07-27,0.0029576940749125313,-0.011481190466841373,0.0032115984434435418,0.0033209698623453132,0.008757057870174112
2009-07-28,-0.0046767744074808215,0.0088494935521921114,-0.017073935436482168,-0.014603152303800826,-0.0044805821884725816
2009-07-29,-0.0024519158850011546,0.0054823472924991901,-0.0098795316043793768,-0.023117426809546204,-0.022503358170492094
2009-07-30,0.01044472241387262,0.014176493802069201,0.0046053268902870315,0.013956218797757769,0.024748141106272881
2009-07-31,0.001419101085964547,0.019462627162009083,0.018882292901956976,0.009774397489660247,0.004774001391503413
2009-08-03,0.016496834984305764,-0.015154316507984933,0.0055704797103461878,0.025681245907446915,0.03745078288141479
2009-08-04,0.0025878969908010863,-0.0079521160798586843,0.0086289286768264084,-0.0017328086886815308,-0.0091591631427746512
2009-08-05,-0.0028794363450540539,-0.014948677296946822,0.0010561731495435378,-0.010033277040830568,-0.0084285624045730145
2009-08-06,-0.0051791932150285769,0.0034093997641684304,-0.0018991380828662363,-0.0081852365308902053,-0.0082260668636198186
2009-08-07,0.013114743251628536,-0.0083293073709342913,-0.0089851848607970242,-0.0011795168259188804,0.0099527794861951069
2009-08-10,-0.0020754856763017804,0.012488602401669269,-0.0087466634114583552,0.0043282041202694632,-0.011223370718503323
2009-08-11,-0.012475848207871842,0.011568921842213031,-0.0015065037037413909,-0.014495552345078933,-0.018826152454378908
2009-08-12,0.01072888978170905,-0.010681776487333705,0.001724280969244818,0.010733901577336891,0.0090291280767946791
2009-08-13,0.007638740763917129,0.014177446270819072,0.0082840699057764589,0.012192578603292814,0.017338031242097429
2009-08-14,-0.0076793537833450554,0.0038723000468159352,-0.0076824713116209198,-0.01476623950644318,-0.018141521018588014
2009-08-17,-0.024606213997575566,0.014782652811642372,-0.014946229996219751,-0.032340552393552935,-0.039194124910242878
2009-08-18,0.0079342186340900511,-0.0058056177351348826,0.0049120941517746264,0.0099858141894462182,0.021853370940690731
2009-08-19,0.0087804354418981045,0.008281459239443123,0.0051053794608670877,0.018563329784281102,0.0025661417608697779
2009-08-20,0.010303566453065294,0.0082143055951005017,-0.00280992261602242,0.008518448708937143,0.017349467209448965
2009-08-21,0.019606423571433274,-0.020576919050781961,0.014956160539929986,0.028284693025920626,0.015096226091785736
2009-08-24,-9.7281805935378607e-05,0.01812962988811706,-0.013988309307461977,0.012798629481434176,0.0044066184841213829
2009-08-25,0.0019424152026337183,0.0056566358210199397,0.0045484710309382503,-0.01527714393459223,-0.0021934935037383196
2009-08-26,9.7002551097125078e-05,0.0045825461904811515,0.00032340209795189701,0.0045967588180424457,-0.0030229174296850791
2009-08-27,0.0022293408360047895,-0.003940219947701884,0.0043108257563555519,-0.00305039955711639,-0.0019291052688884536
2009-08-28,-0.00019345491197197973,0.0045802795832512455,0.0072969233540189915,-0.0021037401615223716,-0.0052474119063951052
2009-08-31,-0.0088992493256236926,0.00093335574016073508,-0.0050069373276996343,-0.019356311685509442,-0.01971111045821472
2009-09-01,-0.022057433223768186,-0.0024208881442329133,0.0053533189703585116,-0.017392764055419119,-0.018975251805412152
2009-09-02,-0.0037924112199387849,0.014574619962407942,0.02438765578609936,-0.007358703084185847,0.010681239115782448
2009-09-03,0.0083153312316024408,-0.0061564071737011394,0.013203000424498512,0.0070124508766689075,0.01999449991370672
2009-09-04,0.014008795268231511,-0.017034571114065145,0.00071824025735467423,0.013927697813991058,0.019322429742782976
2009-09-08,0.0086226610132722481,-0.0070367192499691811,-0.0010253099084660544,0.027472763282863077,0.020604229083397652
2009-09-09,0.0076739576704916157,-0.0011639190430235979,-0.003592307020679586,0.0022914790068797597,0.0053836155625712756
2009-09-10,0.010218998740022522,0.018425941172752314,0.0063864349556406186,0.017340473891366726,0.013118996158721474
2009-09-11,-0.00019098732959699216,0.005511104329934291,0.011054266783926625,0.0039330497898979466,0.00052893300186762637
2009-09-14,0.0048678544970237603,-0.0099273823964395325,-0.0083012725749910254,0.0074622564887787401,-0.0036979149413455259
2009-09-15,0.0041791249154710108,-0.0051174137428879884,0.0095957783808844344,0.0100003579050989,0.011929870467634718
2009-09-16,0.01513422991537916,0.0017850086011277355,0.010212357134961048,0.024752958644757461,0.02515096286737184
2009-09-17,-0.0014907252582379016,0.01257551136152335,-0.0057052077202047746,-0.004831293674464443,-0.0053671907090131477
2009-09-18,0.00063786738930682318,-0.0089011083134961089,-0.0067444956074531603,-0.0035033758475258026,0.0028263432469941563
2009-09-21,-0.0025301000136371821,0.0022981161108437398,-0.0031417610656377937,-0.0085176313645967117,-0.0087110826350470516
2009-09-22,0.0058244029972445155,0.0020828361612981183,0.013318397219040712,0.015719207851529804,0.015249292307787599
2009-09-23,-0.0083125052736100491,0.003016151697128544,-0.0084277751913548471,-0.02087467429840173,-0.015020244213245326
2009-09-24,-0.011018753360084288,0.0029022832000134002,-0.012951520343842282,-0.014336020551326767,-0.019643178837116415
2009-09-25,-0.0053331655086140684,0.012712804342057682,-0.0056381653977600754,-0.0013048569983812319,0.0042182662288885453
2009-09-28,0.017903728602748137,0.0087771077416172183,0.00051549537894657327,0.016056844653072444,0.012864122240123343
2009-09-29,-0.0030097249089778844,-0.00091043359966136439,0.0039154790465623091,-0.0027564110157802801,0.00233274551051732
2009-09-30,-0.0038683905581250455,-0.00091145472642251146,0.014574547516139846,-0.0064495241221390609,0.0062063883187439828
2009-10-01,-0.024812825542221195,0.013696112344599998,-0.0097116752583864541,-0.031156856604417693,-0.027242127289573759
2009-10-02,-0.0046613652869424982,-0.0069213121496465302,0.0049034973942838622,-0.0051687883858595463,0.00026421683893596004
2009-10-05,0.014928362153202812,0.0001012213578461818,0.014740234906545968,0.022128097480181852,0.02324357483506434
2009-10-06,0.014323928800485497,-0.0098972412134952226,0.024644350751287458,0.023720353350838552,0.016520200899440729
2009-10-07,0.0027491670039563321,0.011730246814636969,0.00078218451319411741,0.0077233365041118329,-0.001015944020696935
2009-10-08,0.0076554246762419176,-0.010485489981246876,0.01250487272044265,0.025729788335738801,0.012201513626671767
2009-10-09,0.0060966880211585917,-0.022923856659157416,-0.0077190568937587356,-0.00088931050875018514,0.00075323115670133944
2009-10-12,0.003916089812877166,0.0015638243170357224,0.007001178980379219,0.013532503485032654,0.0082816276334884975
2009-10-13,-0.0020430880151435238,0.0052062440650060271,0.0067594109128927826,0.0015814619925011986,0.0017420624912189986
2009-10-14,0.017215629499177654,-0.01481123597450662,-0.00076733003467766014,0.016663249268413338,0.032297726989462205
2009-10-15,0.003659107964088637,-0.0046259698897780366,-0.012670375225163455,0.020876651146404912,-0.0055354439764316865
2009-10-16,-0.0074738425347997683,0.0081334356488806936,0.0031110217083940572,-0.0030420947061682302,-0.013794822556589037
2009-10-19,0.0082650299206654676,0.0078569018775951349,0.010176420320335389,0.013053021011826482,0.019141336344525195
2009-10-20,-0.0052831466078566702,0.0054051745067007495,-0.0077713245888944016,-0.0063588683906768972,-0.013243784137841219
2009-10-21,-0.0089731014942526777,-0.0059960694036360618,0.0031908899332564467,-0.0026946691879246032,-0.0053682692164706003
2009-10-22,0.010163147283254403,-0.0048885070348673176,0.0016385365681474973,0.0038844142114753399,0.0083414183408017095
2009-10-23,-0.011432858758999687,-0.0075264081385063575,-0.0041378013159384386,-0.019344485267593803,-0.0082724146693559097
2009-10-26,-0.010825520338290096,-0.012953738011279081,-0.015750287825531117,-0.016466511323568578,-0.01251196064946325
2009-10-27,-0.0045831186683854552,0.013656938132465157,-9.8194935897688573e-05,0.0088950987529767822,-0.017391749268874768
2009-10-28,-0.018887222146461213,0.0047377055512460853,-0.01099651579741634,-0.033017240016724791,-0.045764689074119236
2009-10-29,0.021453573383980462,-0.010896667264609361,0.019457947177142998,0.026635582432507965,0.044249797078799835
2009-10-30,-0.028973342162195603,0.014510386515034002,-0.0015581230724058814,-0.037958814140855557,-0.046688337821503612
2009-11-02,0.0073386781506696863,-0.0044188760445539321,0.01384958729982988,0.0063345298013892659,0.014905402591128158
2009-11-03,0.003163389335019362,-0.009994524288503448,0.024146245405665789,0.012949578151676189,0.0015736600023945613
2009-11-04,0.0025799498152667688,-0.0091392473272866592,0.0060116418857059095,-0.00088734025802128524,0.018591174251787468
2009-11-05,0.018395023632846064,0,-0.0011204026040811943,0.017060200534396719,0.020565546586562844
2009-11-06,0.0026205193116488612,0.00096512958853023356,0.0042063650600270286,-0.0026207270080631506,-0.0012593855160797363
2009-11-09,0.022775953121831005,0.0011790097740573824,0.0070743938757473757,0.019095833665626616,0.036822445411844873
2009-11-10,0.00018272765868276863,-0.0018194179431045843,0.0018485714366307526,0.00068779337519964123,-0.0046220266929254405
2009-11-11,0.0051099063626187657,0.0041805911705232734,0.011163383073034883,-0.00034377332929214077,0.0085533301828915054
2009-11-12,-0.010167949242272156,-0.0018148783917797395,-0.012682476359492378,-0.021996397843408788,-0.022292193984559838
2009-11-13,0.0054115067906368441,0.0045994414160084318,0.014139162667421434,0.0063253389457875731,0.01710046779350094
2009-11-16,0.01450484185426304,0.011712568534710588,0.017222520743937597,0.026191833225016614,0.025097332597610267
2009-11-17,0.0011686427773718311,0.0053662422607281268,0.0030458118395657596,-0.0017017046036466033,-0.0035657677245156671
2009-11-18,-0.00062882579153167306,-0.0058612431329537751,0.0025006588929563645,-0.0039201549987778472,-0.007871450497603627
2009-11-19,-0.013031313189440619,0.0017895137462156097,0.00044546148559287957,-0.022416040312401742,-0.018514661594132731
2009-11-20,-0.003551053210206212,-0.00020967090423518187,0.0056990148909743521,-0.0092772592463714609,-0.0041643462541544052
2009-11-23,0.012701821047996775,-0.0012610547229403579,0.011953235744097679,0.012897561594712892,0.020909806644772377
2009-11-24,0.0015341820149017416,0.0063144216477504234,0.0038498769610777472,0.0057564595799992624,-0.0055418521014205524
2009-11-25,0.0035138049613685496,0.0046032101991146934,0.016473453624580747,0.0078042295898792524,0.011630509279245693
2009-11-27,-0.016250768217127232,0.0037484896482211649,-0.013376823454362308,-0.018757585338704197,-0.03880228820340037
2009-11-30,0.0033770847884477817,0.0023853833531621849,0.005040864273957002,-0.0035077477905688381,0.009718329518986879
2009-12-01,0.012370011020245819,-0.01113954285906138,0.015046678251066092,0.013199576268733582,0.028627839629043139
2009-12-02,-0.00044888749592064681,0.00084036279342081244,0.015334836376522443,-0.005905917137992045,0.0040788131926403626
2009-12-03,-0.0078202106348841394,-0.010385330014872296,-0.0040275495528149241,-0.016075171646124597,-0.0093189789875567364
2009-12-04,0.0057074426094507746,-0.010599672418642347,-0.041701744528271356,-0.0072810543521840687,0.0091655594757085179
2009-12-07,-0.0015316484983817213,0.0012846323497395229,-0.0056263682606455534,-0.0023258063536736318,-0.0086044695099284363
2009-12-08,-0.011096657918714281,0.0014989525235060697,-0.019096487052018385,-0.017033925954129892,-0.018563050313052609
2009-12-09,0.0037403293091355927,-0.0045938475047001548,-0.00099144311290855214,0,0.0061409037800108646
2009-12-10,0.0056352222597351176,-0.011484951707236846,-0.00018040999392898716,0.012404179913617641,0.0058592677180631103
2009-12-11,0.0042484844093422236,-0.00010805343832276382,-0.013535462950105548,0.00054036486421771279,0.0036412634439311198
2009-12-14,0.0068396377822552701,0.0011936652961697103,0.0084156437203948276,0.010264941418246742,0.0067713475415838165
2009-12-15,-0.0046480053110611319,-0.0044464463741910043,-0.00027212245898211584,0.0032082167872757861,-0.010329455953493882
2009-12-16,0.0015264176776095262,-0.001198111208117747,0.012521524951290885,0.0063968491707402375,0.0058252027146508123
2009-12-17,-0.012015409570154123,0.01647075631747974,-0.038085851236441925,-0.0084744935942180355,-0.028715609845637036
2009-12-18,0.0056571680596355645,-0.0042924153795371733,0.014999074578720073,0.0052633040041241141,0.0027322736783308432
2009-12-21,0.010162538090154438,-0.017782686481201959,-0.018357045030025332,0.011932664480502897,-0.0012385217332455678
2009-12-22,0.0035930364017957572,-0.0055956917961432762,-0.0072931164240644941,0.0047517636174063682,0.010078319212442732
2009-12-23,0.0019688250758667092,0.00022105867333932494,0.0035792115415487213,0.0078822283078565647,0.0099035939540510487
2009-12-24,0.0047341405196787978,-0.010369761339012351,0.01698730649228164,0.0046925327339661926,0.010051006291530218
2009-12-28,0.0021339264956434789,-0.0027874994145443699,0.0017534370647473985,0.0017295391064613419,0.0033984817630052788
2009-12-29,-0.0014194372114203491,0.0065974150359928707,-0.0099493486936129694,-0.0065621892357183853,-0.0035813778535442875
2009-12-30,-0.000355204780869256,0.0065747656346195615,-0.0050246665059432427,-0.0010427519188670464,0.0043711994821649114
2009-12-31,-0.0095984796085344382,-0.0047606275705198708,0.0035537010411808012,-0.008003952681664539,0.0033850034555829023
2010-01-04,0.016959832646423312,-0.00089049006851316115,0.023203853786358142,0.031573158477250063,0.029156312137737839
2010-01-05,0.0026470630949972929,0.0064583610409185699,-0.00091080237464546965,0.0081617849927464459,0.0072585797988649059
2010-01-06,0.00070416985149002187,-0.013385395832926084,0.016499591962999549,0.01197528074116283,0.0020919312111657984
2010-01-07,0.0042212369402869765,0.0016807543373911216,-0.0061878076243176983,-0.0015008824390538855,-0.0057989562492060109
2010-01-08,0.0033275750501611245,-0.0004473748207087791,0.0049630306196752905,0.0065106514353585609,0.0079327096031291955
2010-01-11,0.0013966065459016797,-0.0054882985320039435,0.01328899785435711,-0.001326539978807495,-0.0020834022908682304
2010-01-12,-0.0093263571882175045,0.017117474154461521,-0.020912721685971136,-0.014447267300520039,-0.016005847708010168
2010-01-13,0.0084462800417588468,-0.011625403348453411,0.0095031502584734806,0.0037069839060874799,0.003064779496531056
2010-01-14,0.0027046778931536508,0.014002819993002014,0.0043930236663760613,0.002853853256543859,-0.0025850685376044291
2010-01-15,-0.011224223765410546,0.0061855108962045602,-0.01044361493969348,-0.0080350529692306827,-0.011546051853677075
2010-01-19,0.01249555378396594,-0.0028545239204350592,0.0059534189886447653,0.0091125586530500513,0.020262530977984028
2010-01-20,-0.010168992768343044,0.010130059755481646,-0.02313481240425197,-0.015551797000384115,-0.024065798760678825
2010-01-21,-0.019228960192965494,0.0045791893313189558,-0.014411599592800139,-0.020383772067527395,-0.030165104800491505
2010-01-22,-0.022291562809084509,-0.0017372470533931761,-0.0018627602917061781,-0.023756245687494792,-0.022216481374478847
2010-01-25,0.0051280303933760596,-0.0045651667203457924,0.0028926489995790838,0.0065719296374016078,0.0073216039729677718
2010-01-26,-0.0041909597233507068,0.00032749145013633019,0.00074427055416537158,-0.0063526112564198378,-0.020802263178478886
2010-01-27,0.0047571061763540534,-0.00054475758762706494,-0.0095760394447367281,-0.0039068804201792817,-0.0025594786162863592
2010-01-28,-0.011472051801363459,-0.00054675313433516504,-0.00046930839140302272,-0.010518505454225613,-0.0069285674725152457
2010-01-29,-0.010868481356984927,0.0087429103981189193,-0.0048835861764374711,-0.018018142806671023,-0.010852727013010988
2010-02-01,0.015550473234918316,-0.0090786356140738489,0.022555675823884291,0.033027323699321043,0.026907218631009533
2010-02-02,0.012103564056849425,0.0028530348367454827,0.0071988813131655949,0.013143626854035029,0.0081403264682158305
2010-02-03,-0.0049829110102772578,-0.011595940779857483,-0.0039402576376617038,-0.0085900907126884585,-0.0058037184345243187
2010-02-04,-0.030865822975210788,0.015827258953623469,-0.039834354399493677,-0.041025731506329488,-0.04517754992200651
2010-02-05,0.0020672511648696101,0.002179965820297225,0.0029701786953713061,0.00018458871252091669,-0.011164214730948752
2010-02-08,-0.007219589975212326,0.0013034494299699606,-0.0061138649960129632,-0.0092185045585299052,-0.0099460827163930787
2010-02-09,0.012560420146835893,-0.0099891006820874706,0.01316803858637372,0.021027224413925572,0.032581597387424388
2010-02-10,-0.0019586783045127953,-0.0095412947328501474,-0.0027511707186439471,-0.0041916087338993435,-0.0026291891284473401
2010-02-11,0.01046624400581897,-0.0054257411443101589,0.019120951810489784,0.017020272555460902,0.026364471808645318
2010-02-12,-0.00083245022387290479,0.0041193710722642329,-0.00084006664984537238,0.00036027520787351719,-0.012587064235290102
2010-02-16,0.015734826185675788,0.001884692686835665,0.024103155913561158,0.023565400002142134,0.02575444186707565
2010-02-17,0.0047391188348511193,-0.011398984276503654,-0.0033753214496573536,-0.0014059207119130335,0.0035508287502246105
2010-02-18,0.005895006559227367,-0.0040291998844973476,0.006681952923877299,0.0056313701377097569,0.0037907400752161813
2010-02-19,0.0020738030168261368,0.0053945109795181523,-0.0046372260471322369,0.0038504736547473328,-0.0085600905450752274
2010-02-22,0.00017973354364175798,-0.0041366186772051616,-0.0036539830220012615,-0.013772514716669626,0.0012696310848878678
2010-02-23,-0.01214491645501492,0.015604260873674169,-0.010818743086801086,-0.016616830631732138,-0.023078505234863766
2010-02-24,0.0091978397146630364,0.0024319653379842876,-0.0049123995022259948,0.0062910760243919395,0.0096052504032888564
2010-02-25,-0.001353370460694836,0.0056236563917304583,0.0088487047582095357,0.00053622122982588394,-0.0082283089513600638
2010-02-26,0.00063229331167624636,0.0051531020741897304,0.010340714355349556,0.0023214065857253274,0.010111191560182808
2010-03-01,0.010384567132458722,-0.00043746312772141582,0,0.0092621393461622681,0.016940741751259702
2010-03-02,0.0027705781485038994,-0.0013141815307871063,0.014529802919277079,0.008295164054573867,0.011357732201518811
2010-03-03,0.0008915447842487989,-0.0025211971733760663,0.0054945111583162287,0.0043761165183968664,0.0012478354939005065
2010-03-04,0.0030276418539738614,0.0052755215298447844,-0.0071664914632861842,-0.0052284138649772993,-0.0052340680982964072
2010-03-05,0.014292941173908114,-0.013119557360104284,-0.00018049510178153039,0.018745570562042735,0.026058322765704522
2010-03-08,0.00017519902940810184,-0.0052067021529373925,-0.0083927472761112787,-0.0015478446232679577,0.00073269108719942189
2010-03-09,0.0016628467503365663,0.00022302744235358496,-0.0014560978951050352,0,0.0056124614155621533
2010-03-10,0.004456072779068565,-0.0025613885298916284,-0.011392635673468599,0.0087842285954857768,0.0070374052090442785
2010-03-11,0.0041747960084286273,0.0036839932527950037,0.0011984627266063974,-0.0017072090176560861,0.00024079846273838967
2010-03-12,8.6600410563963948e-05,0.0062283932015532173,-0.0059852811695370045,0.0005131616565521302,-0.0033727717043088301
2010-03-15,0.00025969019393712323,-0.0013263309615093588,0.0037980886864310559,-0.01025662705404029,-0.0072514167727872891
2010-03-16,0.0079659843712933665,0.0079675972796946493,0.01882614344810607,0.0089810504006211378,0.012904807901003013
2010-03-17,0.0059276449521667995,0.0042823853099216436,-0.0073370034129791595,0.010955288722999557,0.010817146882174278
2010-03-18,-0.00051263015236080456,-0.0032803453564020923,0.0068436903464033083,-0.014900298916586618,-0.007609706522161086
2010-03-19,-0.0050620240759277069,0.00098749154779342874,-0.018669545286964517,-0.012022137033649627,-0.012940240156561478
2010-03-22,0.0053463199244725423,0.0010962131722582757,-0.004894706180937014,-0.0026185122957392837,0.0036413218405033643
2010-03-23,0.0070331762245425811,-0.0047066814517181532,0.0052900203695982473,0.0038508337443643459,0.0070149478057315307
2010-03-24,-0.0048546395951464261,-0.018256552266686432,-0.018648418101527398,-0.0057541494050711295,-0.014892931717641944
2010-03-25,-0.0016262235452213503,-0.0063849860415391424,0.0045154817851260631,-0.016836149096361774,-0.0026823394462971439
2010-03-26,-0.00060012468559134113,0.002818758103668273,0.016950717168810137,0.00035704304624939454,0.0048899837754730058
2010-03-29,0.0063475357013951239,-0.0038225550268199404,0.0014734659499526792,0.019436438386774002,0.018004719082020726
2010-03-30,0.00068191519762317299,0.0031596434854870292,-0.0071724025682471382,0.0015739015846785165,0.0038239826641133234
2010-03-31,-0.0034066454866045204,0.0068635288210996404,0.0090765556771259526,0.0045408710274210673,0.002857366767132552
2010-04-01,0.0068375379677101389,-0.0024453660875357608,0.012023912112733903,0.017732718409273929,0.026115679758892618
2010-04-05,0.0081492896768606826,-0.016638479169456821,0.0057137424379838375,0.01776599938967216,0.0090237138958901841
2010-04-06,0.0023575914384308394,0.0016007034029341671,0.0012625069025071767,0,0.0029809636533393302
2010-04-07,-0.0057125277916234563,0.012784178151242109,0.013149591106227154,-0.0099030486752619273,-0.008687659912113066
2010-04-08,0.0034636554446019208,0.00044975884266684751,0.0014223812352023302,0.0035600919560556665,0.0034597111309515594
2010-04-09,0.0065678048553015067,0.0023656167533021577,0.0087882632078091216,0.010642167724246088,0.0062052401486782927
2010-04-12,0.0015891893226847031,0.0052825207975861765,-0.0055437984583037725,0.0023394178393361109,-0.0079947623901007736
2010-04-13,0.00075179876484621211,0.0032417686263697121,-0.002831605068359111,-0.0035013714774013716,-0.0020724936692095852
2010-04-14,0.011349138757216659,-0.0070194534846722556,0.0030170940680156466,0.0095382844943607825,0.014767475461203938
2010-04-15,0.00082521621496511877,0.0011215368585457686,0.0054852937563296678,-0.00016567007059409278,-0.0054572063557069006
2010-04-16,-0.015912206201939449,0.0072861360311529122,-0.021205487283346813,-0.016909794182709104,-0.029263858864755576
2010-04-19,0.0037701080246834717,-0.0024483925024761932,-0.00080902858341336259,0.0013486009117624764,-0.0040038167533921198
2010-04-20,0.0089309128261534365,0.0035702013803193822,0.0027890018383991411,0.019535404317572391,0.01182324356453357
2010-04-21,-0.0018202489812897404,0.0082258727363127004,0.0076260405625601102,-0.00099089562813747811,-0.0032716909516213866
2010-04-22,0.0029835913445137585,-0.0029771640116666997,-0.004184856476894816,0.0024798578921985115,0.0042202852785320211
2010-04-23,0.0065279705328131765,-0.003539011814929216,0.012070870419532032,0.024080305896911902,0.0053701621013906298
2010-04-26,-0.0037760210543805739,0.0011099800571168217,-0.0038872906786446837,-0.003382135532605246,0
2010-04-27,-0.023650949034789703,0.014078714653324775,0.016674033289738155,-0.030704355170294906,-0.035763939926736099
2010-04-28,0.0075963925170008384,-0.0085264429227758232,-0.0027915877387381105,0.010170390233451343,0.0084292792548097406
2010-04-29,0.012397226347988566,0.0041896150736000504,-0.0002624335573229164,0.0011550367251964566,0.016479872313787558
2010-04-30,-0.016961731123435131,0.011528226265175023,0.0094504886471029614,-0.012364432506855927,-0.011983225917938434
2010-05-03,0.012961855322036975,-0.0013067003643979502,0.0032073746933460878,0.011351077990015668,0.0054699036283489821
2010-05-04,-0.02351459372194098,0.017995422639067282,-0.0074310946634914554,-0.026737798162551174,-0.045884733393319999
2010-05-05,-0.0059566450014402195,0.0058920867541596422,0.0019151526599501256,-0.015770065466844785,-0.018096203521128063
2010-05-06,-0.033213218703997849,0.030887050463699772,0.029542111687073991,-0.034114666266760851,-0.040898895414735903
2010-05-07,-0.014875755619334297,-0.012500670317164286,-0.0018567071032954408,-0.019086334985694453,0.005264766240444585
2010-05-10,0.044041387244264874,-0.020716222491161451,-0.0059186350563172896,0.042734238123868451,0.072008339496517637
2010-05-11,-0.002841055749112753,-0.0025629637223402169,0.026282248662974128,-0.0066268139852938557,-0.018074952931182997
2010-05-12,0.013986194695368104,-0.0076061316686233393,0.0061329176306159638,0.01386948898996998,0.012437459354872393
2010-05-13,-0.012430958622589472,0.0065839268906391357,-0.0069193077160389915,-0.0064069179811762078,-0.0093363672135181597
2010-05-14,-0.018105043961129108,0.017370789911127948,-0.0015759357652556094,-0.019867597075423182,-0.020585639661508726
2010-05-17,0.00052706269373192782,-0.0036883122358476461,-0.0083908126043400477,-0.010312762179412904,-0.0060774171783161135
2010-05-18,-0.013602418994067556,0.01533824713498233,0.0010891190746751267,-0.0077257339271525893,-0.020891681112342297
2010-05-19,-0.0056942021853454428,0.003334486910900436,-0.023935062862853518,-0.011406667707066998,-0.0096279571675498277
2010-05-20,-0.037759243793015984,0.021079619585594012,-0.0067735654131141354,-0.044689210817017599,-0.049658526654372204
2010-05-21,0.014599325161081644,0.0010178995330540896,-0.0053521679626011842,0.017447077253163856,0.032347433339753096
2010-05-24,-0.012831263745066601,-0.0034554941971283171,0.014060016490404337,-0.022800674660062414,-0.010444404335938295
2010-05-25,0.0010214079777199903,0.0048934832241034343,0.0044505673464516615,0.0023142461664955594,-0.010825675627228803
2010-05-26,-0.0060288074392463864,-0.0028398688305006914,0.0094580828611008361,-0.0021163060866581374,-0.00054711540562424332
2010-05-27,0.033498494699981674,-0.022688713019586193,0.0018570204983223704,0.042414001302580662,0.060498061891266719
2010-05-28,-0.012550034037760893,0.0045819404102491745,0.0016007650863898437,-0.018864354875671618,-0.016520618075668514
2010-06-01,-0.016823455784891528,0.0070283533544892585,0.0086642533015519607,-0.047502653091196945,-0.018372423138316996
2010-06-02,0.026039322337389592,-0.009499469992884868,-0.0010841871306987994,0.043340649041056167,0.035026725392123481
2010-06-03,0.0034440797733144013,-0.0072972406555852354,-0.015194520899751374,0.013467649124091485,-0.0036165246111504734
2010-06-04,-0.03513653443294118,0.026882925877741659,0.01042729201831194,-0.035186251551094672,-0.03551980013624656
2010-06-07,-0.012450988119727002,0.0076692858096389926,0.019296882081145661,-0.008729594910219407,-0.015591213534505211
2010-06-08,0.010712001839122687,-0.0049724490889406781,-0.0040332362530698385,0.01663426960521952,0.022937862281176224
2010-06-09,-0.005346120403107002,-0.0011224354510751544,-0.0036363838132748016,-0.010394867933602336,-0.0053389663882068561
2010-06-10,0.029231504309474632,-0.017868332510595941,-0.013188423773133118,0.050184827458862102,0.03489020736276105
2010-06-11,0.0048555371368002032,0.012683503334528723,0.0087417071938835633,0.0061118894073102226,0.005186660298728718
2010-06-14,-0.0015502628234331794,-0.0051330149768489264,-0.0034164124223908798,-0.0051541009138666993,0.0002580992922176506
2010-06-15,0.022737814107457455,-0.0041263875924698601,0.011622068623597936,0.029237156982085954,0.030178273591481064
2010-06-16,-0.000356880345819377,0.0056980524479064432,-0.0054549635868080815,-0.0007189147610677793,0
2010-06-17,0.0016075351733570997,0.0081392860452453863,0.013047450103329306,-0.0010796758297955122,-0.0050079904393032226
2010-06-18,0.0010839212328175307,-0.001635760702150435,0.007629206673786193,0.006188189009388223,0.0045295239502167739
2010-06-21,-0.0028638080521271592,-0.0028658474566988223,-0.019864873443235176,-0.0021581945393196467,0.017284736420847047
2010-06-22,-0.016515781402071994,0.011908175437706614,0.0088046977653268854,-0.029194022630521177,-0.019207260137452997
2010-06-23,-0.0031028145798253082,0.0067977829990850669,-0.0041169206468821828,-0.0076114025740531277,0.0025774962602866935
2010-06-24,-0.016570351218049617,-0.005945860953001314,0.0028938082872824733,-0.020949975430989642,-0.017645171856150221
2010-06-25,0.0041888535575589358,0.0040555284660834801,0.012036265851120165,0.0028661019444939928,0.011803882876298966
2010-06-28,-0.0031517137020546926,0.0093894702272518948,-0.013603826729219115,-0.013526468024745664,-0.0068476906946354221
2010-06-29,-0.030875176744249555,0.010901755161909943,0.0014865002115740378,-0.033024301984606708,-0.040602674681851303
2010-06-30,-0.0095002788194004095,0.0067282451993608827,0.0033809159186846127,-0.0077891091298384341,-0.0066543769583735646
2010-07-01,-0.0044563859059776334,0.0015775097148362782,-0.0381328022519003,-0.0036233808165987424,0.0072350631394704212
2010-07-02,-0.0054492831022032728,-0.0079730433173600401,0.01238890069121501,-0.0024239345806450485,0.0042564232440622796
2010-07-06,0.0065557737993318099,0.0082351380769580818,-0.016710235152637143,0.0097204801712429401,0.018542969529039555
2010-07-07,0.03149605213376061,-0.011710580067197274,0.01047121447372934,0.035299074785423157,0.02210667649610043
2010-07-08,0.0098951990494222652,-0.006372165106705685,-0.0044169222596927016,0.014141123944726219,0.0048348341569501851
2010-07-09,0.0074651302450015056,-0.0057110187842976945,0.0098114626299936614,0.0051580859428490555,0.012154554768151193
2010-07-12,0.0006484573632010715,-0.0004045680494211279,-0.0086178123284981201,-0.002660966158650413,-0.0080060209944899929
2010-07-13,0.0150887883103068,-0.0085700496999575604,0.0086927245977044265,0.012004626510673022,0.011601245822899786
2010-07-14,-9.1385430852297667e-05,0.010067884025881435,-0.00050690738665393198,-0.0011292818092754064,-0.0019941355322570242
2010-07-15,0.00027371929725661381,0.0099679003252930443,-0.0005917133813900799,-0.0011312925779278782,-0.0047463302127898066
2010-07-16,-0.027534705121372238,0.0048850812380392128,-0.013194664160489422,-0.023777804369576994,-0.029869657206863298
2010-07-19,0.0059061065012486758,-0.0061505365965817127,-0.0080568683188847467,0.0063791229933856108,0.013195384839849167
2010-07-20,0.011091957013684706,0.0014974362132271768,0.0079495216647307299,0.022858022657805677,0.023493569952475424
2010-07-21,-0.012997486698613669,0.016943260031868856,-0.0068581486608925157,-0.016337811424828264,-0.010229970890446305
2010-07-22,0.022321370268267637,-0.011565065449794854,0.0087181886019280785,0.022145558525525244,0.030250149717428565
2010-07-23,0.0086793371900142358,-0.010609713218533545,-0.0065891174776592232,0.0044829698604025303,0.006850698949534495
2010-07-26,0.010415634207243674,-0.0017037640184197622,-0.0049099811594892628,0.0087389299365026041,0.0068044118636492179
2010-07-27,-8.9465716192616007e-05,-0.009637848751476108,-0.017399537441525559,-0.0047924770349259127,-0.0016895576706060789
2010-07-28,-0.0064544616457041792,0.0032444982070169992,0.0023786154346325805,-0.002222471594455655,-0.0055610582710025058
2010-07-29,-0.0048727514026405405,-0.00030353062536547792,0.0044823531525934879,0.0014845463865627018,0.0017018813683706835
2010-07-30,-0.00018108375734737781,0.015565042124580764,0.010499579478777887,-0.0020385562683574721,0.0048543218791217146
2010-08-02,0.022580667392909426,-0.014037846918610986,0.00043296434914474879,0.034918097704131901,0.025845786050298303
2010-08-03,-0.0047889920309871492,0.00577206108796946,0.00389472861932183,-0.0003584066570221367,-0.0047094748884382032
2010-08-04,0.006683379479574425,-0.0076522812035008103,0.0062936750614563941,0.0077195171415811448,0.0014196037841389675
2010-08-05,-0.001062072728975294,0.0046678822378807272,0.0022275713974577727,0.0032067229137251463,-0.0044887544019950321
2010-08-06,-0.0040761910200606266,0.01090692221349232,0.0073516238355113561,-0.011898167453999631,-0.0014237288696152817
2010-08-09,0.0053383984948767171,-0.0036962282167799509,-0.0037338325329719924,0.0041333756994135218,0.0052281430576470722
2010-08-10,-0.0053986538160769593,0.0021044039007873661,0.0028109184562654654,-0.0082333032965391517,-0.013711392671982958
2010-08-11,-0.02740694749704442,0.013408529889731291,-0.0033127240968519045,-0.029777957274391809,-0.031879541279971502
2010-08-12,-0.006129826690393303,-0.002468401206867199,0.012186810548876936,-0.0059524499385987806,0.0017330623464484329
2010-08-13,-0.0029461849493369607,0.012471120250121315,-0.00025257876690043535,-0.0016837661515517466,0.0054373441181962967
2010-08-16,-0.00046131282463690582,0.025027898076413813,0.0083375906263691846,-0.00018758990583822577,0.0093415131253642425
2010-08-17,0.012285232823867398,-0.0057229367055509073,0.00016701447010558645,0.016685310542358778,0.010472367174045649
2010-08-18,0.0018251777444815431,0.0026858895270707173,0.0039248536175626736,-0.0095891460204449164,-0.00072304912393039711
2010-08-19,-0.017397491953253907,0.015593652187267493,0.0014140589520807989,-0.016197710319524883,-0.0077182338474749423
2010-08-20,-0.0032438460991520701,-0.0011304179501441247,-0.0034886466573188502,-0.012301391995580113,-0.0029167366192239808
2010-08-23,-0.003812540137023035,0.00018897911396864586,-0.0015837495996745554,0.00038358104021529726,-0.0090199111161523016
2010-08-24,-0.014843695756925235,0.016028107079236298,0.0048422260558156349,-0.015514189356335639,-0.012792554613612062
2010-08-25,0.003885276048171793,-0.0032476385885052972,0.0083084080668740512,-0.0031130330638229342,-0.006478394287899536
2010-08-26,-0.0067019487396089428,0.0094027675071346462,-0.0032959914623202913,-0.0089773169658313723,-0.0062709038531321148
2010-08-27,0.015489694945584498,-0.02831519865944454,0.00041338502096799346,0.025994244944899547,0.021959050261994628
2010-08-30,-0.014504796149425903,0.019174982835501453,-0.00082636536117497439,-0.014587430468346207,-0.016547570915324217
2010-08-31,0,0.011081815696946995,0.0096766035357582769,-0.0027266777651937524,0.0060274540567408774
2010-09-01,0.029911402807641707,-0.020675802926522602,-0.0031946214269242823,0.037304453534699133,0.035196982137103427
2010-09-02,0.0093125266375817528,-0.010566846068952418,0.0049305486242388064,0.0082848419976984111,0.0016877341525938228
2010-09-03,0.012971949384747994,-0.012395028633726879,-0.0035162343769447046,0.012138170841932139,0.011796040113736916
2010-09-07,-0.011272893910963311,0.020468000092177085,0.0068931259944475798,-0.014944755870029303,-0.014513234359723515
2010-09-08,0.0070232686322158067,-0.0079470547878861542,8.1517004720810249e-05,0.0086163521783215735,0.010864127678736235
2010-09-09,0.004618994022931755,-0.019741156153159856,-0.0093717018536301211,0.0020420992927769888,0.005731894880181887
2010-09-10,0.005048671546945549,-0.0045717840826002831,0.0013985340716866634,0.010378284691231698,0.0035622081336958988
2010-09-13,0.011123161546160887,0.004886217203681209,-0.00090364419056998546,0.008070161069900994,0.02389974968243358
2010-09-14,-0.00062116357331398753,0.0096280513507069898,0.019733545817173015,-0.003456493294851759,-0.00046207938697306883
2010-09-15,0.0038171784092178029,-0.014834715475176008,-0.00064501051302545687,-0.00200892301676181,0.0013868790091213778
2010-09-16,-0.0002653270740875513,-0.0098756717647392467,0.0055671679717606004,-0.0045732570702301523,-0.0050797273055593894
2010-09-17,0.00037304436288021492,0.0040488034150807373,-0.00072210815914264259,-0.0050040070346315524,-0.0016240342640752026
2010-09-20,0.015290817714379346,0.0058033962327559419,0.0026497657670527808,0.01688655100066172,0.015806419196347177
2010-09-21,-0.0020137361888222793,0.013885725971815921,0.0091294895857576552,0.00072999163315468074,-0.0029749434033362609
2010-09-22,-0.0049134067872836917,0.0089697208522929728,0.0015077756431296496,-0.0072941201140698242,0.00068840825322213917
2010-09-23,-0.0081113175001548132,0.0028682735747382893,0.0007924414099362842,-0.0062454867434120764,-0.0064216866810720141
2010-09-24,0.020622450615973342,-0.013439696280973412,0.0030878810785825994,0.021626506146392055,0.018466852951432244
2010-09-27,-0.004790383734552317,0.017391266682985629,0.00023678884457156713,-0.0037993995583419649,-0.0018128913627751819
2010-09-28,0.00350055677445682,0.0068369479168584046,0.0089172762194809074,0.007083692968239852,0.0072660136445965584
2010-09-29,-0.0017444364939243062,-0.0041499916915596069,0.00078215467590592169,0.010639989756379586,0.0033814068781776729
2010-09-30,-0.0029697645583971477,-0.00066262519616810955,-0.0003125696528855082,0.00035657364202568154,0.005841369320828127
2010-10-01,0.0042055021235480883,-0.0048328839599125484,0.0078179968053291304,0.013378442509540456,0.014741973409718723
2010-10-04,-0.0075038524419113184,0.0025810163575532563,-0.0034907837674233999,-0.012497658757293917,-0.0030812390370826837
2010-10-05,0.020131968460122884,-0.0060074815272388449,0.019694836112940761,0.02352919499142625,0.018105471764392922
2010-10-06,-8.6161671258522254e-05,0.012566149359817924,0.0062599590124643445,0.0088820370695825712,-0.00043385148282581998
2010-10-07,-0.0012066279322683338,-0.008336743985844608,-0.010924834747577661,-0.0050059285575360102,-0.0088957222889667342
2010-10-08,0.005609062233847828,-0.0043938029181853633,0.0098949803884114118,0.012490975837942786,0.012040059133033187
2010-10-11,0.00094379829474600108,0.00019250243552648705,0.0047849734657476883,0.0027418478513556721,-0.00064827660574839907
2010-10-12,0.0030859448070701401,-0.0098817426432075139,-0.0024944182403267012,-0.001537630662174716,-0.0041129788854940008
2010-10-13,0.0077771779806521391,-0.0015495929993811774,0.015989697658372659,0.012150929593934823,0.018474339609232615
2010-10-14,-0.0039011878011276924,-0.014944349937880297,0.0050719224183888301,-0.0015216200813212843,-0.0017074019179044164
2010-10-15,0.0020433963007266964,-0.012216199426292373,-0.0079406851519017163,0.0027099176926368429,-0.0012825697137313075
2010-10-18,0.0049279235098036445,0.0080783161582935747,0.0044883762446847886,0.0027020483259008188,0.00042784280259189345
2010-10-19,-0.013104609445758975,0.006034965395742109,-0.03105449960421236,-0.019875484008499589,-0.031664488992375395
2010-10-20,0.0097660101712184755,0.0021634435611290748,0.0092998747843440199,0.012888844182988857,0.015908431710413895
2010-10-21,0.0022061928854404389,-0.011873607828203125,-0.014087770334554661,-0.00050903727503270879,0
2010-10-22,0.0018623607239487416,0.0067528328902670687,0.0020081447778217409,0.0066201968314825166,0.0010872290918535477
2010-10-25,0.0029570525230029343,0.0028606683640561847,0.008633395612906769,0.0026983843031778143,0.010862579254101723
2010-10-26,0.00016829186054123646,-0.015442132253800978,0.00022926081694740752,0.0020184506183127393,-0.00085975568100582489
2010-10-27,-0.0028638760670238739,-0.0087903287270004737,-0.010391202319783521,-0.0041968425872823678,-0.016992681810372723
2010-10-28,0.00016951307008783445,0.0027204343545947918,0.013279811333891667,-0.0021907848092664883,0.0063455262743659091
2010-10-29,0.00076016833685210727,0.0093479352861383092,0.010515007362563056,0.00067540815867728199,0.0028266943352939222
2010-11-01,0.00033752035499512445,-0.00430587637927482,-0.0052782157594233325,0.0011820662264627746,0.011057911629455797
2010-11-02,0.007929987476505751,0.01314347720475717,0.0043208560652703287,0.010958810401665575,0.012438518979021262
2010-11-03,0.0040177820071700676,-0.020399820684487646,-0.0069439061876466202,0.0021683050349627919,0.006142454113546858
2010-11-04,0.019258174399513273,0.0077838086780370741,0.033898238251881319,0.031785789775968576,0.022737452302572736
2010-11-05,0.0037627855692836665,-0.017152749035059367,0.0025730067386349198,0.0050002349754068032,-0.0018528467602381138
2010-11-08,-0.0018744221736184397,0.0044903953607455804,0.010265389693213001,0.0030489173626855326,-0.0041245767889720453
2010-11-09,-0.007184529896497982,-0.022048949984503352,-0.015894922781312437,-0.0019197570099505068,-0.012631778052968334
2010-11-10,0.0040297098902268846,0.0013510112675327868,0.012169106865093537,0.012824516090144344,0.0073401513134701002
2010-11-11,-0.0037675503485368189,-0.00051843846210364308,0.0030603188001638859,0.011079619735245405,-0.0097852704660006395
2010-11-12,-0.011838151089817006,-0.0053990536728791838,-0.0288391770673464,-0.014715280495085414,-0.024179816250708419
2010-11-15,-0.0014143063031758496,-0.020874928019763206,-0.0094996203849839755,-0.0050841448503466946,-0.00043093152820261604
2010-11-16,-0.015579487352593069,0.024838368333886196,-0.010949984657092626,-0.018684234771323638,-0.026298733675230612
2010-11-17,0.00050760932046123308,-0.0055128584864646557,-0.0045048204351498811,0.0040684989806147875,0.005091815132945321
2010-11-18,0.014718658047284672,0.0040793449135647641,0.013115442483800255,0.022041893072834995,0.023788108201032276
2010-11-19,0.0027509253139152978,0.0061453601797381019,0.00083277018246086243,0.008404825782585279,0.00064571240161082066
2010-11-22,-0.00083150962314870736,0.0042447567636523242,0.0096822905358917577,-0.0031450211772818815,-0.0030101507011583983
2010-11-23,-0.014476987202091118,0.0049490441968440546,0.0069673955973796886,-0.019561546827358556,-0.031701605590597759
2010-11-24,0.014774142752811192,-0.017850222455799702,-0.0017112638945114833,0.018020955789141535,0.023162466288022543
2010-11-26,-0.011647085340015462,0.01389169932992651,-0.0079743040977435786,-0.012012361885561318,-0.024814639013971962
2010-11-29,0.0030298415596392569,0.0085507936343638402,0.0030049875640467683,0.0067191094544500896,0.0078123775446043986
2010-11-30,-0.0056221885885219258,0.0052099020526124029,0.014306072509137735,-0.0034960530039990223,-0.008194953108942693
2010-12-01,0.021267439969350876,-0.022229763826068782,-0.00029532777044438685,0.02966029972250972,0.028584185654548788
2010-12-02,0.012808883295554629,-0.0026074420112862651,-0.0013296493431664835,0.014867807415383627,0.019757021431700439
2010-12-03,0.0026924025482266689,-0.0078413337338841815,0.021227887875435947,0.0044255508942789845,0.0036193040811152155
2010-12-06,-0.0010577481962222857,0.014121820606322943,0.0075323620697047566,0.0033422545843735385,-0.0016971467012470987
2010-12-07,0.00057003349593331976,-0.021407827046145966,-0.018762134993171364,-0.0037853337929917297,-0.0046748884044383043
2010-12-08,0.0036636793403819201,-0.0096631946392101709,-0.012527521713312728,-0.0047119868727407699,-0.0064045190059056623
2010-12-09,0.0038936104564759599,0.0049326169067944736,0.0043030036348725709,0.0022907814447690189,-0.003438167634369993
2010-12-10,0.0058177228603517595,-0.0060823439357768905,0.0002955495779344286,0.0041137461136468989,0.0045277663165899096
2010-12-13,0.00064271972950380452,0.0037578999220588827,0.0047263818945417757,0.0084979884149800622,0.0064393459130380748
2010-12-14,0.0008831922248659918,-0.014545042744042225,0.00095545476742087132,-0.004664775689390277,0.0014926492426323712
2010-12-15,-0.0045722973447658299,-0.013024127594934654,-0.010867938075622141,-0.0054418792258311699,-0.016183497209263598
2010-12-16,0.0058019468305527955,0.0069275176987189102,-0.006607271045376617,0.0056240603571109382,0.0028132640987494906
2010-12-17,0.00107110774665653,0.018238009291831059,0.0029145758670061639,0.00034861027539045963,0.0015112701391324368
2010-12-20,0.0024135238642193357,-0.0010723359948392464,0.0067809514366854451,0.0065263067060565838,-0.0045265068437683187
2010-12-21,0.006340181606014017,0.0069774732497254188,0.0015543387826104649,0.010102327697879332,0.014597175494180492
2010-12-22,0.0031105785818490439,-0.0071426420737296104,-0.0019953019350200663,0.0034338093498431643,0.0034412615564667348
2010-12-23,-0.0014314573228750849,-0.0020405535223564364,-0.0028878147414700406,0.0028264229545462705,-0.0010716064750062593
2010-12-27,0.00039817042763967692,0.0089311268290077628,0.0026734041330853664,-0.0035603066172621434,-0.0032183822528424333
2010-12-28,0.0014326993947713085,-0.01958483330311811,0.016293859269939981,0.0037218320284386763,0.00086076972435100707
2010-12-29,0.00071512565255704708,0.016919423220781882,0.0035709480309356056,0.0099375965454289172,0.012802760329618135
2010-12-30,-0.0015884748229129109,-0.0007512049296284351,-0.0049379703828148491,0.00088161288777666158,0.0050988999571410787
2010-12-31,0.00023876993766869248,0.011064596219070966,0.012333083678473855,0.0014670223862482956,0.0069749850670868252
2011-01-03,0.010337928703604504,-0.0075432885688314633,-0.0051903201727745429,0.0074727013720277125,0.0096561212602712665
2011-01-04,-0.00055082409755990991,0.001176884574541015,-0.023550724637681153,-0.0085803684597000052,0.0045736176836235209
2011-01-05,0.0051974181958354126,-0.022027005346619832,-0.0028200733418367596,0.0039607605520741718,-0.0024834427068315401
2011-01-06,-0.0019583266271387956,0.004373908303219709,-0.0040187043667142541,-0.0094976825305024271,-0.010580743153336791
2011-01-07,-0.0019624840112842934,0.0053336292557850662,-0.0018680415196855593,0.0072281413054089416,-0.0092264333475379212
2011-01-10,-0.0012585067890680257,0.0054148089278609479,0.004042471019095828,-0.0039540041227146272,-0.010370235031359587
2011-01-11,0.0035439562218286813,-0.0055999450675364715,0.0058903114649804245,0.016614484455324874,0.010692742663426014
2011-01-12,0.0090246711481336561,-0.0077990880570445453,0.0040768144453937616,0.013740700170472575,0.020101689497105779
2011-01-13,-0.0016333544595169558,0.0089518014191780626,-0.010409003338437195,-0.0028534771814968662,-0.008711770913768957
2011-01-14,0.007244770037382553,-0.0063837547537636263,-0.010145472431108082,0.010874058635010675,0.0029296667523535103
2011-01-18,0.0017013354176456108,-0.0046820286235950137,0.0055768348840130599,0.0062280738090154664,-0.0014605544383985425
2011-01-19,-0.009805406772000036,0.0072203159559065533,0.0021734884271975563,-0.012097399496557637,-0.0077307467175814493
2011-01-20,-0.0013252434485974129,-0.013793324105118021,-0.018845380268144751,-0.0071194268118216497,-0.010949589798949333
2011-01-21,0.0022639350088378141,0.0079281358535920887,-0.0012957177812463749,0.0053058408339989871,-0.010432728132036662
2011-01-24,0.0056862997937843218,0.00043763313272582316,-0.0051133188978642607,0.0037091300660936355,0.0077454925657041152
2011-01-25,0.00054269885975766208,0.0095026588793387656,-0.0019944346856293205,-0.0028423449707094539,-0.005977830966510389
2011-01-26,0.0038704923104770916,-0.015147138794771142,0.0081475596377016402,0.023945569325733107,0.0088061984420777506
2011-01-27,0.0024679045983764247,0.0045035317235473382,-0.024626435397597568,-0.0058468222984131568,-0.003406803738588482
2011-01-28,-0.017462881475326486,0.0052498523664850083,0.018369408805715581,-0.004340684131228234,-0.031617309879253819
2011-01-31,0.0075164372511333788,-0.007615463801455058,-0.003147095992869553,0.028688261765690504,0.01058912682184765
2011-02-01,0.016008962719071596,-0.004950582604122955,0.0071610685264993368,0.016267939554644562,0.024230330639668951
2011-02-02,-0.0019121983839680556,0.00022204364813305233,-0.002675887579124292,-0.00080714670481862871,-0.0074591820006192355
2011-02-03,0.0022222000256626462,-0.008290465760348753,0.013415101885317249,0.00053850361457241647,-0.0012884963687985751
2011-02-04,0.0028292039099806487,-0.010142742482569522,-0.0040846694296386987,-0.0025564938405288062,-0.00021521694679726977
2011-02-07,0.0062519608808475624,0.0051796539951440845,0.00015182297672700074,0.0058008660562787195,0.0012905507767539959
2011-02-08,0.0045471131658496589,-0.0091855695146478844,0.011087536414601473,-0.0033532015695029171,0.00042962913403865599
2011-02-09,-0.0022628114873076699,0.0087049842330668703,-0.00052570276213426137,-0.012649508791142017,-0.022971350576549088
2011-02-10,0.0003776368347969683,-0.011544410908231328,-0.0016532742811616874,0.010222324691707696,-0.0094483316229021508
2011-02-11,0.0059708047349087412,0.014400973968869746,-0.003989452427152318,-0.00013563236703728609,0.012200622501195468
2011-02-14,0.0024035218713334139,0.0006709066011485465,0.004761106326723441,0.021994951500294846,-0.0050406756005810793
2011-02-15,-0.0031476689553954218,0.004468049075840419,0.0076720894763016023,-0.010430917452991628,0.0019824361612468255
2011-02-16,0.0063152161205199953,-0.0032254644692011336,0.00097040293817962642,0.01334259002208471,0.0083535564929342332
2011-02-17,0.0029885055232707902,0.0015618158544039584,0.007009598358195257,0.0098747374095913276,0.0034880387089089027
2011-02-18,0.0020858028290862141,-0.003118694450390036,0.002740005882498453,0.0041721880183998028,0.0060829082657891664
2011-02-22,-0.020069940498481986,0.014974102234528219,0.0064987046763493872,-0.009737553541136923,-0.031958559581105273
2011-02-23,-0.0061442674203241454,0.0036330835387641258,0.0089515098745496235,0.020322536548326164,0.00089218008424962747
2011-02-24,-0.00068718056243199932,0.0063619385973414655,-0.0074903557591639025,-0.014135155867157523,0.00245154516770274
2011-02-25,0.010692929195468936,0.0058858894487874291,0.0065944400897415267,0.015901786304881371,0.01200532955653677
2011-02-28,0.0061966664817978412,0.0013006803504158615,0.0020381334207675295,0.0076983205074754313,0.0059311637466681333
2011-03-01,-0.016673148681866867,0.0028994984663492929,0.01721629416053716,-0.018716494332893796,-0.010264034816430789
2011-03-02,0.0021388461977300821,-0.015373770271864484,-0.00078555032000637848,0.0057088506212461532,0.013680449280630391
2011-03-03,0.017224248388132857,-0.0097855439312536374,-0.013078915487442111,0.01715911728406283,0.019808766011620182
2011-03-04,-0.0074922710297250505,0.0083280073293898749,0.009124554993410916,-0.0063421695947056822,0.0010671405580129356
2011-03-07,-0.0078505883021647849,-0.0063862603900420867,0.0026551496302960054,-0.0070205038713387902,-0.014072146129797125
2011-03-08,0.0087494746844234417,-0.0060963115933521106,-0.0025765860807780427,-0.0082274536301387702,0.013407793484020214
2011-03-09,-0.0014330567395184346,0.0097013525189189043,0.00035880490484219152,-0.0068689307437840297,0.0019210107688456546
2011-03-10,-0.018506070491555504,0.016786700420055922,-0.011763857302689251,-0.036414055569248038,-0.02960603300353204
2011-03-11,0.0069263762630238368,-0.0056481004630479781,0.0032662911685206186,0.017337145842048818,0.010315961469217649
2011-03-14,-0.0060379611086185392,-0.00043727624033451651,0.0046302950658096975,0.0054588594993849604,0.0058655625535279921
2011-03-15,-0.011456972941468524,0.014971572393223775,-0.018651853136298691,-0.0075481236960204257,-0.016630680407807019
2011-03-16,-0.018512727207501189,0.011304722954762481,-0.00022014220559418707,-0.016010867741626855,-0.020426257881534959
2011-03-17,0.01323488397039374,-0.0076643974939517578,0.0053581598510408224,0.030509155424047085,0.012332172348863635
2011-03-18,0.0036371583958956233,0.0026814206034040389,0.010221171672682772,-0.0046868299654818646,0.0017719488835721275
2011-03-21,0.015498090223285521,-0.0058851150255739837,0.0055648211290952876,0.03037512449291957,0.019235065827523767
2011-03-22,-0.0034684116164435119,0.0033366180802640866,-0.00064680421363660923,-0.0021884078996251555,0.0030370662064982401
2011-03-23,0.0028616295336352238,-0.0012874364765561586,0.0092771899160091209,0.0025805068601105763,0.013191779799857972
2011-03-24,0.009563438951484704,-0.0075187179036840801,-0.0079805839134478029,0.0036027675524070712,0.011525912283201878
2011-03-25,0.0030558305659014184,-0.0024890409933810975,0.00028726681354784844,0.0089759417407100361,-0.0010549809402353727
2011-03-28,-0.0024374448212489686,0.0014107348629173178,-0.005170194234553005,-0.0024148906635523826,-0.0050697056453532507
2011-03-29,0.0067189511738330321,-0.0076924892242841159,-0.0023818867349306716,0.012229439173728984,0.011464623094026072
2011-03-30,0.0069010022556164063,0.0079703085335489643,0.0033282065894868484,0.0069215577760530778,0.012804679375309602
2011-03-31,-0.0013554927984745779,-0.0020579539266732949,0.0085815422017705423,-0.0032488298403938742,0.0087047687501775606
2011-04-01,0.0042235572354984985,0.0048606049994075473,-0.0047190308825190153,0.0030089542794726754,0.016026180135444212
2011-04-04,0.0008263589770272084,0.0010853169104221294,0.0045976968655137007,0.00062476454126247916,0.0084934232917317498
2011-04-05,-0.00015027285460211814,-0.0040091224297857941,0.015803824168639347,0.0029986151797474214,-0.0020051414594202122
2011-04-06,0.0031516339384485281,-0.015012858032468657,0.0023231385002817628,-0.010463337117673888,0.0054252186258221258
2011-04-07,-0.0025435596540770433,-0.0019884396202974886,0.0009129766790669791,0,-0.00099921749563336437
2011-04-08,-0.0034500047697298974,-0.0053126561213705514,0.008069673704311775,0.0035244704458341491,0.0010002169298890529
2011-04-11,-0.0030107493595113999,0.00089088423811545248,-0.0071001270114123827,-0.019693753152596694,-0.011790893926784562
2011-04-12,-0.0074738623951675631,0.010782600331872283,-0.0072209673563110588,-0.030966031244345382,-0.018806919609983375
2011-04-13,-7.6007580712134093e-05,0.0062684952491487422,0.0020478305549249676,0.004093620762320338,0.008243836569459706
2011-04-14,0.00076020952045663392,-0.00076556022802221069,0.013460209614263308,0.0068386664495045935,0.0030665013523250018
2011-04-15,0.0036488288835305749,0.013562904999417924,0.008622526348759818,0.0082282605482990601,0.0012229589996197721
2011-04-18,-0.011208878676653988,0.0022657067850790913,0.0060668018304654847,-0.014897893543338148,-0.025035762670253425
2011-04-19,0.0057444318487835933,0.0043069154682491284,0,0.010126362026041225,0.014404945890450938
2011-04-20,0.013632202693886875,-0.0064328266458809624,0.0039060327062796496,0.023564231960867321,0.023667389668548866
2011-04-21,0.005108669670587096,-0.00086275752712738907,0.0016382627519730963,0.0045786321260083973,0.0088460657172952928
2011-04-25,-0.0010464039053408314,0.0037789484608541368,0.00088584993292428749,-0.0051908429164331249,-0.0081705986419059462
2011-04-26,0.0086049179240450524,0.0096835381504671858,-0.0033362174076743134,0.009927648207767481,0.0086397199402044045
2011-04-27,0.0065287361633830088,-0.010229683273921819,0.0192648720546722,-0.00050434379524244566,-0.0017927747260485516
2011-04-28,0.0032434516565296168,0.0076441882065676481,0.00415556560762953,-0.00012616977812707209,-0.0081819061347269129
2011-04-29,0.0023509410658517638,0.0030983557460235733,0.017020342199359551,0.014880454611262861,0.0060359990822944631
2011-05-02,-0.0015390813541399373,0.001604068525112412,-0.012863368890775995,-0.013295140049915832,0.00020008849822850117
2011-05-03,-0.0035972873227628765,0.0056597380848637524,-0.0035236936798931362,-0.025059935883800732,-0.022195494763874724
2011-05-04,-0.0066308372766966661,0.0044601747435581984,-0.01434486979737204,-0.017694975807258873,-0.016564569436534393
2011-05-05,-0.0090483586310020625,0.0095144828890620925,-0.028836354362946848,-0.020776194625712119,-0.0095654303001093677
2011-05-06,0.0044155355303121535,-0.0043977190730449811,0.012755292503549676,0.0044308469723148836,0.013017074440058618
2011-05-09,0.0038753407390574868,-0.0010521638535505584,0.01431522221175574,0.017513570103043552,0.0018654492403240575
2011-05-10,0.0085362298672531089,-0.0071599200636089932,0.0035282195443360198,0.0047301336660090509,0.011791413841390819
2011-05-11,-0.010525181989994303,0.0057270757965917074,-0.0091954068051106619,-0.028900041553544309,-0.022081468638786794
2011-05-12,0.0047604380642578548,-0.0063279673929024227,0.00034122460794838716,-0.0014814708669815824,0.0029269946235812583
2011-05-13,-0.0076990055247965206,0.0090210954183724823,-0.0065488196947992572,-0.0048553370972288512,-0.021888835734108381
2011-05-16,-0.0063413911186116501,0.0055744535644695059,-0.0017854134237942354,-0.0075891912403219797,-0.0014915418305256889
2011-05-17,-0.00014997714366316028,0.010249054479836595,-0.0043336977724707237,0,0.0032017620697510907
2011-05-18,0.008935885611069061,-0.013251899105997333,0.0059416925363608986,0.020210267243290003,0.016169898964993434
2011-05-19,0.0023815614510689365,-0.00041920105058979029,0.00034332273951420689,0.00013428145478733278,-0.0064905432226503024
2011-05-20,-0.0079446807573864131,0.00052544108388374866,0.012633104523076089,-0.0012043386389549715,-0.0080087231415318927
2011-05-23,-0.011600848678212206,0.0048257650734928603,0.002305216117890696,-0.015543775755547551,-0.020820009362307212
2011-05-24,-0.00083333081358605288,0.0037588390321039444,0.0051410031618919216,0.014155337635562981,0.0099807376929590408
2011-05-25,0.0033346658782358318,-0.004681275211345759,-6.7262312956839487e-05,0.016910848832349501,0.0021482642648253947
2011-05-26,0.0046080148588139025,0.0085695450332856637,-0.0024229412162809494,0.0050152335180035923,0.012861384952839394
2011-05-27,0.0038343454674336641,-0.00041502502803369978,0.009985128291392531,0.0024946823322784528,0.010582306427754595
2011-05-31,0.010411176417324475,0.0022815722472968591,-0.00040078530271780988,0.010086739307558323,0.016335067319767971
2011-06-01,-0.022461008682612582,0.013514567148753764,0.0018043589518994541,-0.023862199970487996,-0.01792709808892412
2011-06-02,-0.0010620897839075383,-0.019050311188492874,-0.0027349986798312909,-0.00039839938490815463,0.0094419297839776206
2011-06-03,-0.0099443185455709848,0.0057428406570785295,0.0048160616769439279,0.00026590424311945249,-0.0049885644662126527
2011-06-06,-0.010581073841561928,-0.0075784179075640834,0.0017307582527172904,-0.022588442040746504,-0.01608534937393058
2011-06-07,-0.0006196661136862458,0.0046023207816665579,-0.00039870787013029929,0,0.0078554902204215349
2011-06-08,-0.004187468542702133,0.0078096848077566783,-0.0040553159006586625,0.0029904408895995438,-0.0071623406393485078
2011-06-09,0.0076308605323716083,-0.0040290357618271155,0.0050063414473167089,0.013554139011726418,0.0078506031450913394
2011-06-10,-0.013910258427930144,0.0076757099818840491,-0.0087672163046893514,-0.019390086141680918,-0.021684293270942789
2011-06-13,0.00078359789411197589,-0.0050440763612387141,-0.0098499140082815018,-0.015818989063454914,-0.0017212731724699504
2011-06-14,0.012686441503423795,-0.015105806349297035,0.0060905046387151884,0.021338389827181281,0.015089372455091565
2011-06-15,-0.017785506788135064,0.018174779002963826,0.0030268174734946474,-0.022927687907168037,-0.021448409699292847
2011-06-16,0.002204658169526974,0.0045386067436830047,-0.0010058603902615149,0.001527281770447031,-0.0075952711105368165
2011-06-17,0.0029837625725179784,-0.0047235950105394275,0.0065113862707568693,-0.0025737298962900113,0.0013115831167413994
2011-06-20,0.005115765990003629,0.0012377878507263684,0.00060021566243340096,0.0027896698194238567,-0.0015284662028561824
2011-06-21,0.013704251098751508,-0.0044325169540448961,0.0048656650901726106,0.019894173895404155,0.018372811136956546
2011-06-22,-0.0060253190783225996,0.00062145759457976624,0.0015256765369389136,-0.0028644236130470624,-0.0099569377569797002
2011-06-23,-0.0028760560651053257,0.0076565870084823739,-0.017550891177319783,-0.010943931691707154,-0.0013145350629365504
2011-06-24,-0.011613049681938548,-0.0042093435710740534,-0.014021854404774547,-0.01894876638014209,-0.0017550589438376507
2011-06-27,0.0089111561825450103,-0.013714781163897127,-0.0036236756406557991,0.0053574015710950995,0.011648127238817585
2011-06-28,0.013052744298435615,-0.0080502027309520274,0.0034996897040917574,0.02916852324465502,0.013687101842914107
2011-06-29,0.0085642142089743523,-0.0066401568808442946,0.0064277020466956269,0.011717851533152857,0.0092153594663604288
2011-06-30,0.0095621985168765633,-0.0015917504956450834,-0.0080173443029082359,0.014814747275361251,0.010830104599248491
2011-07-01,0.014776340272299793,-0.001599335589659856,-0.0073288172891695647,0.0094230216324930893,0.011765165080293905
2011-07-05,-0.00082148582642105339,0.0022432557528755392,0.018629768463946483,0.006179203103809261,-0.00041550527550715532
2011-07-06,0.0011957898812777756,0.0051146486621469478,0.0086703159043646227,-0.0018294911265674951,-0.0066471306028107469
2011-07-07,0.01037533119661127,-0.0029680944407428633,0.001611646151856716,0.015054622890320779,0.013801570709152555
2011-07-08,-0.0070921418507626788,0.014143059687246495,0.0073751669361721284,-0.0083829542725185613,-0.011344896625832601
2011-07-11,-0.018080502504473572,0.01499386152412141,0.0089184448445298603,-0.023670203995653116,-0.027957406290798015
2011-07-12,-0.0043188140931069707,0.0034092956158850996,0.0077842071579716787,-0.0037296337943378832,-0.010087882904733725
2011-07-13,0.00334835628379615,0.0027797655353836159,0.0089676970535665923,0.0074872774693981459,0.016261639666641958
2011-07-14,-0.0069022077978342367,-0.014271101490461402,0.0025950038800326425,-0.0066353851495125626,-0.01066747039146998
2011-07-15,0.0058044862221311444,0.0016669378248077571,0.0042707628496356786,0.026853648078740466,0.0062541088700742709
2011-07-18,-0.0082008428040546422,-0.0096707681646753807,0.0088273866167243309,-0.0033827653552110926,-0.011573201968843039
2011-07-19,0.01623156608373888,0.020789049392852199,-0.012199039233320219,0.018276857318380468,0.014527244317624088
2011-07-20,-0.00060283460239185516,-0.011828093493746139,0.0087934862158856042,-0.0025640454568232052,0.0029918989930939333
2011-07-21,0.013870788573665749,-0.007703135543202233,-0.0076272427177230817,0.019665526624240259,0.015981308578916442
2011-07-22,0.00066954490962323199,0.0075526748004264288,0.0083316751978108616,0.0050422784947909971,-0.00062898059554017394
2011-07-25,-0.0055729536336871499,-0.010931307273522539,0.0078145097287978249,-0.0040134249714145476,-0.0020984369969089256
2011-07-26,-0.0037360989248630405,0.006841672275636812,0.0027329855381899026,-0.0047853782120883537,0.003364470960850019
2011-07-27,-0.020475368033762376,0.00010477812056897129,-0.0036762490673009074,-0.018853481586109444,-0.017606449914024602
2011-07-28,-0.0029099943958705854,0.0037631869150909214,0.00082705567016549963,-0.0041271069199588784,0.00085354585925268012
2011-07-29,-0.0068340612069900386,0.019787249140934993,0.0061656872410069674,-0.0099711329510309143,0.004263753105784307
2011-08-01,-0.004253126056100065,0.010092462166769289,-0.0036009355588216829,-0.0014390923342393336,-0.00084930889471757087
2011-08-02,-0.025547225110083671,0.030026563500710202,0.024093349114550966,-0.027901535194333693,-0.030805175549481367
2011-08-03,0.0054188125631975392,0.0019698636445035778,-0.00018572795011984056,-0.0056597991086739796,-0.0035072708956046528
2011-08-04,-0.046841541798035902,0.035581218174727924,-0.0052635214230122296,-0.068572666038519414,-0.057193282907127996
2011-08-05,-0.0014967135490985273,-0.028853090482526711,0.0069098643835221463,-0.009602932583584689,-0.0065323544032207526
2011-08-08,-0.065123479896644798,0.031567490890916927,0.033199351574574987,-0.085059367856275658,-0.083372959871902963
2011-08-09,0.046499095757021935,0.0030316414191746688,0.008915782292353791,0.050898963502357564,0.058673111621145635
2011-08-10,-0.044177476988431219,0.029752761931252536,0.035407159712308234,-0.034530076066579762,-0.053001015512276428
2011-08-11,0.044883365350965487,-0.050449098181446717,-0.021938376623234723,0.051907149047117906,0.055200456405211762
2011-08-12,0.0067333200243355762,0.019803133312163324,-0.0045680748421486062,0.0073715527188671359,-0.00048451144012962022
2011-08-15,0.021165008520245721,-0.010135925788163136,0.010766616567110976,0.033751487958978199,0.023261892449065513
2011-08-16,-0.0085392419715972778,0.016555208794428067,0.012339901510646678,-0.016613741850907027,-0.0085247718407279738
2011-08-17,0.0006689052663020334,0.017509681758883122,0.0028748850348669919,0.0039666142363508072,0.0071644808683408723
2011-08-18,-0.043118828248428054,0.020538200274421659,0.018919866336435831,-0.057945752951898633,-0.047189527685987387
2011-08-19,-0.01633053482017921,0.0080684497173888481,0.012547803917521527,-0.017706991697286956,-0.012444198705561238
2011-08-22,0.0007996002616008635,-0.0025182977271105411,0.025784937306684297,-0.0080646684324897633,-0.001007677422255826
2011-08-23,0.032909773050723956,-0.013793714006723912,-0.037488478824596272,0.045114084864824378,0.035065223204552742
2011-08-24,0.014084847080594542,-0.0284305421528811,-0.033883065990334194,0.0059486842568001741,-0.0097487479021062251
2011-08-25,-0.015243549267560774,0.010820646132593037,0.0041363631757269648,-0.021076364160370731,-0.019443705706201353
2011-08-26,0.014533490063950882,0.0098666444311605872,0.02964725337814067,0.019361348155744418,0.017068451226966763
2011-08-29,0.028736306296057723,-0.013825870925610828,-0.020172433686990066,0.029175088476925515,0.032329525904367662
2011-08-30,0.0026368435014760827,0.016076165673077458,0.029961508609777754,0.0059056710774689769,0.0014341405732056778
2011-08-31,0.0044377415715972646,-0.0154535235958283,-0.0077052196302823672,0.0074856454508382964,0.020529738918697804
2011-09-01,-0.010473158204182487,0.021197298433896172,0.00084398995866585835,-0.0075753670583282862,-0.0053798062311912753
2011-09-02,-0.025549705486024088,0.032486915581467324,0.030190647795535153,-0.027892078859996117,-0.022577601919216206
2011-09-06,-0.0072971745311219971,0.010399125162138034,-0.0018555532988803192,-0.010872952424105908,-0.010346596416189735
2011-09-07,0.028207487365137229,-0.019089170312618475,-0.031820624711029866,0.036641186836841699,0.029662300126948038
2011-09-08,-0.010391391318400722,0.0089682707974105824,0.026711066628809732,-0.011634658625785499,-0.022196093266865669
2011-09-09,-0.026209667325004959,0.010664821860376428,-0.0061052781764315833,-0.033080003544085579,-0.03380817067809283
2011-09-12,0.0064699627297171158,0.00105616799658792,-0.022302151894618927,0.0047772383886937053,-0.0019996525832199907
2011-09-13,0.0091710421714685797,-0.014231746760181241,0.010584678420606952,0.0027605180773722093,0.0015029091679106266
2011-09-14,0.01384394418348478,0.0084657209457430493,-0.0074492361503237792,0.012389257082213057,-0.0027507818976295617
2011-09-15,0.017257325209458774,-0.015287928067579282,-0.015856964679878405,0.019791582035505462,0.014543122645131357
2011-09-16,0.0059186182021293554,0.0072692954681419231,0.0093463586001041321,-0.0021712205179250654,0.0017300576690226777
2011-09-19,-0.009957259115221273,0.019066299121722752,-0.015451918647760743,-0.015799994746705348,-0.029607373592409614
2011-09-20,-0.0011633603346613564,0.0041959626766963076,0.014251925771726182,-0.0062092813084706489,-0.0073736515858124907
2011-09-21,-0.029458753181421216,0.033083763343423556,-0.01245876923776712,-0.041603177137700564,-0.037141254759002984
2011-09-22,-0.032324300809882689,0.03758632802334172,-0.026153542150526787,-0.056447534785301734,-0.070231491801203694
2011-09-23,0.0060252109677578769,-0.018599212606669635,-0.054717538201806137,-0.010785358174861037,0.026609651274036583
2011-09-26,0.02377998664305836,-0.016055734773863461,-0.013892372830456634,0.03645656767261829,0.015050105040560702
2011-09-27,0.011183716477522587,-0.015308163347639847,0.019355267269433041,0.014628369705756317,0.031850606245015234
2011-09-28,-0.020418086019776793,-0.00034234834097457423,-0.027454420270526025,-0.032722811607803659,-0.030069223582866123
2011-09-29,0.0079033976722300281,0.0069218536408677256,0.0094737915502136616,0.0095455710668361782,0.013717783301866016
2011-09-30,-0.024989381041608305,0.025119556394626263,0.0022828193869255387,-0.029363167796375156,-0.050068030040333777
2011-10-03,-0.028457791099046004,0.027518671244955994,0.018347521194908234,-0.034010899762652924,-0.021082470663580266
2011-10-04,0.02192278382478885,-0.012680541249255106,-0.02062628718772741,0.032731971527236947,0.015424844770826951
2011-10-05,0.01851557483743238,-0.007198738166759644,0.011545339579202452,0.036833793274827054,0.023215689173227361
2011-10-06,0.018091229496933314,-0.018457179025845316,0.0064592922107742368,0.018836789486591732,0.033053353437730193
2011-10-07,-0.0066959792142146091,-0.0073869924360153716,-0.0081625819212687301,-0.012325648963272373,-0.01193056896650635
2011-10-10,0.033445696680795889,-0.014124452090628181,0.025694256721133568,0.045320343704248423,0.044730886439815931
2011-10-11,0.0010031942882964273,-0.0033456850828575968,-0.0071660325738268638,0.0020419510871119151,0.00052556104834322603
2011-10-12,0.0087724345958017924,-0.014546105375881968,0.0071560046862648719,0.0053301877054632296,0.028091243030284208
2011-10-13,-0.0019878476861326932,0.0099565325611183919,-0.005880138964710846,-0.0014036031004460714,-0.008937584816569033
2011-10-14,0.01709400027258301,-0.014528941720432731,0.0067775158597858098,0.039975220378099863,0.020097649489121849
2011-10-17,-0.01909109042671131,0.017288118707200928,-0.0047735545191697204,-0.018168375563821448,-0.033846763747871433
2011-10-18,0.019546246498781228,-0.0062107406669753562,-0.0047964506377877747,0.032115066925847424,0.026666605205173832
2011-10-19,-0.011829805779993929,-0.00034712487686716642,-0.012172523883343001,-0.010372021436120482,-0.019098684993963166
2011-10-20,0.0043760448461789281,-0.0071210458082288097,-0.013135615868301143,0.0077856072850834845,-0.019210528724896037
2011-10-21,0.018987192166243894,-0.010581739875312857,0.011092095788866496,0.0184223740992846,0.028586366814897124
2011-10-24,0.012261318101461027,0.0016791147937815776,0.009403209377038424,0.013129340036097448,0.039114986332031254
2011-10-25,-0.019443573380113044,0.02541417329209672,0.028381517477150453,-0.020878600254581769,-0.019811735205636505
2011-10-26,0.01015790567614272,-0.017469179630153597,0.010930597249971585,0.021617857642044491,0.018443452010715511
2011-10-27,0.034835205854047091,-0.033897562156066097,0.0128435438092247,0.044335688580936505,0.060779022247360981
2011-10-28,-0.00023309555896111611,0.010517822040165159,0.00041281075889054719,0.0067537640923005515,-0.0084189262010306853
2011-10-31,-0.024106117172658537,0.039655054684209157,-0.013441804297433579,-0.045591550096851008,-0.037499894487479812
2011-11-01,-0.027888185513133212,0.033474527473476678,0.00023908536989014628,-0.0322764315119205,-0.024258816944422223
2011-11-02,0.01631115955807716,-0.012474726985669093,0.010036997411712711,0.030091604794113325,0.03063779178231707
2011-11-03,0.018227496641717966,-0.013732796415602988,0.015734080802807693,0.026334957122624569,0.010233768602152082
2011-11-04,-0.0060989627865112306,0.0012038013546018522,-0.0050663586711098274,-0.00084151995594905493,-0.0065125604639599821
2011-11-07,0.0062163261985492824,0.0063534006053729275,0.024173189795036576,0.0054729689133330428,0.0084973003501782607
2011-11-08,0.012830473168214063,-0.012797105047783086,-0.0082866440944482367,0.016329446908809331,0.011795923099291006
2011-11-09,-0.036909473310671181,0.020739711794349303,-0.0084134816190196693,-0.044218520889624413,-0.058529309172136945
2011-11-10,0.0094183313592954843,-0.014900235185527411,-0.0054048230079862813,0.017385167485763464,0.0065705029726443875
2011-11-11,0.018822513980140565,-0.0061013827483936689,0.016477780380250051,0.020477153680939164,0.024102027843494467
2011-11-14,-0.0094739901418258166,0.016082766864121245,-0.0043688763870599612,-0.013146807439729957,-0.013728553188054882
2011-11-15,0.0049418885609209262,-0.0013616252739990786,0.00092380868896424495,-0.0011221243889784072,0.0062142683982548963
2011-11-16,-0.015863113657783257,0.0091179400948233624,-0.010671470333423416,-0.015021455777590842,-0.026927032784633376
2011-11-17,-0.015876846421606805,0.0080224756550812959,-0.025712719634799708,-0.022805175398269761,-0.02538709312555909
2011-11-18,-0.0010644720613514069,-0.00025108462945855337,0.0031118431758150322,-0.0059801461042290338,0.0039073778499707501
2011-11-21,-0.019019773386284466,0.0059489277523423478,-0.024579377384584156,-0.017901530752269856,-0.032174499975930471
2011-11-22,-0.0039275903539035539,0.011162048841446781,0.011070321459289101,-0.0094130455528632639,0.0034852215150042998
2011-11-23,-0.022065710766664304,0.0098030630491028337,-0.0029036097914703074,-0.030316705306037584,-0.032326584780535739
2011-11-25,-0.0018873646612184158,-0.014520793820865019,-0.0086756532104879103,-0.0071549204290319857,-0.0033134114987672936
2011-11-28,0.028966679272323992,-0.0004967985475194947,0.019767509834635488,0.037443308939964837,0.047922583226210236
2011-11-29,0.0028403016732898578,-0.0082000063542202462,0.0015003300286513532,0.014345938215636123,-0.0044937656384247404
2011-11-30,0.04114922503529006,-0.015615212571135295,0.019475071338128425,0.055083869276370878,0.062400450014499675
2011-12-01,-0.0001599489554890976,-0.0050180240130018872,-0.0029389289699039978,-0.0055027275754874205,-0.0029993473273934868
2011-12-02,-0.00088005768256593786,0.014017398040868434,0.0011200992509403651,-0.00085154933416853318,-0.0030085683901084348
2011-12-05,0.010892283139526171,-0.0020233512630862815,-0.014721469156617206,0.012354736513835229,0.016344089066779199
2011-12-06,0.00031701533002825855,-0.0095432539640819547,0.0051397640085928398,-0.00014046105672582687,-0.013607010934972519
2011-12-07,0.0037223603512190895,0.0035812223529525511,0.0072541400513379539,-0.0095398415208910459,0.0040130850333774948
2011-12-08,-0.021936452830894959,0.012490284887829661,-0.020188891925434049,-0.027903424296536916,-0.035973072278990603
2011-12-09,0.016942328314417665,-0.020560079075813475,0.002530414385808033,0.022730885804405743,0.020212364338241251
2011-12-12,-0.014597590758170242,0.011138396547300422,-0.026502335126668997,-0.023365615129089412,-0.037591944995731708
2011-12-13,-0.0093383988695232567,0.0093214346408612148,-0.021853252823497593,-0.0093361122928309337,-0.0092372944747297625
2011-12-14,-0.010646361510001534,0.018889890642619145,-0.035089919000818481,-0.028125868587627667,-0.014384599336784598
2011-12-15,0.003614034053794235,-0.0037086004409215834,-0.0036627481249873473,-0.0042421636364740056,0.0064864129783452906
2011-12-16,0.0014824350694571109,0.0116621513670776,0.019037575406193996,0.010650203433299366,0.0075190892208767401
2011-12-19,-0.010691363189592407,0.012672202162731239,-0.0023191433373703774,-0.017538064030671485,-0.025853146831565699
2011-12-20,0.030260195771349307,-0.024945836470618432,0.013624334453907316,0.041089156836053409,0.041902959294259912
2011-12-21,0.0019369953917021121,-0.013909738811635375,0.0011466934607562429,0.011086364246749136,0.0031809496009767013
2011-12-22,0.008858392728035458,0.0041979133531251378,-0.0071265611471005297,0.011696198906696376,0.013213526031477629
2011-12-23,0.0089409208595827572,-0.011120108914214444,0.0017303530125498678,0.0057800319660357147,0.0039127220473671454
2011-12-27,0.00079056321588222289,0.0047499234496333198,-0.0089565217730848135,0.0025865128333069087,-0.0096134174197529676
2011-12-28,-0.013123385866004922,0.018488630118570715,-0.025046832296741761,-0.01905996754977568,-0.01678906241078626
2011-12-29,0.010334095963665524,0.0018238048868752799,-0.0045686449512229999,0.010372622946359211,0.01147303782559761
2011-12-30,-0.0049162696367558434,0.0032272703680684689,0.010975184218875667,-0.00043381265540332059,0.00079120043746705448
2012-01-03,0.015936862256924478,-0.015010125381904826,0.025856915150634707,0.027773768584215874,0.030574989196323177
2012-01-04,0.0015684398236761599,-0.011890318514277243,0.0050667557349883818,0.0021110966271848941,-0.0056270372985633976
2012-01-05,0.002662418322039839,-0.001778874906405159,0.0068278477416146011,-0.0047750835804228897,-0.0043724631430634986
2012-01-06,-0.0025773494355869619,0.0078940728767824542,-0.0036760161968690808,-0.0059274023072892756,-0.012658048850452852
2012-01-09,0.0024277615412675591,-0.0017683778242033599,-0.0044529068818790485,0.0048263338227567676,0.010465843486682225
2012-01-10,0.0086703107269809898,-0.0016880483867137697,0.013674117505740879,0.0089017406537674759,0.021750315383116448
2012-01-11,0.00054199416742184425,0.013015309495689742,0.0064926801768765419,-0.013443983049110764,0.00076018792521947987
2012-01-12,0.002399383128691257,-0.001417756375374668,0.0044467133588612651,-0.009368314320285287,0.0040517839427005597
2012-01-13,-0.0051736833369439017,0.009942416362622275,-0.0069834788744079779,-0.0050151584867238475,-0.0090794618247779235
2012-01-17,0.0038813111320985527,0.0046321478493165369,0.0077860450579811946,0.0070567031381441048,0.019089116378109283
2012-01-18,0.011055978092432639,-0.012104399857486237,0.0068536205826519314,0.016445321198090168,0.0252244061325404
2012-01-19,0.0052765752679064803,-0.013753631876624373,-0.0023515152751236723,0.0040792364724560048,0.0087696828606635968
2012-01-20,0.0037269387633751538,-0.011324989384521755,0.005272336540625755,0.00014059994814497045,-0.00072445367606888134
2012-01-23,-0.0025766647440786938,-0.0063251761022800057,0.0067254660864555227,0.0079852916208975611,0.0096663641984271464
2012-01-24,-0.0011393712998413186,0.0018059608172131814,-0.0070483521050600517,-0.002919023318904812,0.0014363880906875792
2012-01-25,0.0083670118858361064,-0.0024046264171687648,0.027220565469022961,0.012266860984317729,0.011233397965201952
2012-01-26,-0.0051292456714512324,0.013256780271581725,0.0051075959191677622,-0.013632603027672219,-0.0040179320347371039
2012-01-27,-0.00045496423690694066,0.0031436083818234817,0.010163190678665446,-0.0020940027432435615,0.0052203582528453918
2012-01-30,-0.0034140829113562532,0.011771145830525853,-0.0055631321217690655,-0.0047565551303084819,-0.014399993600358374
2012-01-31,-0.0003802600269942058,0.011551014834489504,0.0076176801082890044,-0.0063255440525334938,0.0086223317787459397
2012-02-01,0.0087569351691567654,-0.011454762761273662,0.001476581439991298,0.0039608655940419624,0.022085174868461843
2012-02-02,0.0015855055084974534,-0.00041968136336822948,0.00878748239335847,0.0076089430654824319,0.002788311331069826
2012-02-03,0.014018630026351619,-0.021489126275820114,-0.019935712372232683,0.017620129920752126,0.016681779359198456
2012-02-06,-0.00066924569681736656,0.0099517798432213755,-0.0027440152442257393,0.011954982192929231,-0.0084320816631063833
2012-02-07,0.0025288996759262883,-0.012401357923624179,0.015073599610379684,0.0051601222504131794,0.0020684043595728951
2012-02-08,0.0029678082849469156,0.00077372173263978716,-0.0070712844420862675,-0.0033776034891204176,0.007110342675328285
2012-02-09,0.0012573102176340889,-0.0074765154733552608,-0.0028486393325760639,0.00013593986357074428,-0.00045555052158574583
2012-02-10,-0.0073875513194683329,0.012987848163122262,-0.0052375006572757954,-0.010029933615754438,-0.02210052834448617
2012-02-13,0.0074425334170336033,0.0012827106901047713,0.0022136838491002564,0.0079408480327851638,0.016309246003462174
2012-02-14,-0.0012557313737472375,0.0052924631102375663,-0.0023282156434702994,0.0017659996661267829,-0.0082532303719260458
2012-02-15,-0.004659871036538199,-0.0017828649914340966,0.0059239200699465755,-0.0016271674341803433,0.0027740714371449204
2012-02-16,0.011072911377957073,-0.0079969532444709168,-0.00065433710042350768,0.01303821123382054,0.010834429991714467
2012-02-17,0.0026458998260896482,-0.00025722080828860516,-0.0038690112885975125,0.0037540235937592037,0.0018246955927918584
2012-02-21,0.00043999955942441993,-0.011065306752058079,0.021930074903464325,0.0068120314073671917,-0.0040978499786509248
2012-02-22,-0.0032240690190389332,0.012576536166227781,0.01122674611729324,0.0022546415419972821,0.0018288665638792612
2012-02-23,0.0044106255815850037,0,0.00046259876214471696,0.0050300871963955274,-0.0018255279169105965
2012-02-24,0.0021956646314715833,0.0065104461970706407,-0.0045659954075473186,0.0039507501569562287,0.010057097862354425
2012-02-27,0.0016802358253902305,0.0088513331673134577,-0.0030772733695895171,-0.0031480461769949342,-0.0099569597437993984
2012-02-28,0.0029157378606681217,-0.0032901037473322958,0.010425210114951122,-0.0032902061532948945,0.013943260570706828
2012-02-29,-0.0039251772019334163,-0.0060943863527032072,-0.053029061708074865,-0.011354795108327931,-0.00067621754414337598
2012-03-01,0.0051814492692132674,-0.0094141149649525913,0.014121415904973178,0.0096156758409464693,0.0094742749380185565
2012-03-02,-0.0030491945901073292,0.0093919486463251989,-0.001620576624883352,-0.011375821075921611,-0.0024580887137031215
2012-03-05,-0.0040786473051426242,-0.0079386631676992003,-0.0041481451039870887,-0.0064220337454492515,-0.017249254187150176
2012-03-06,-0.014625493705920478,0.012132082574633385,-0.0178086148924681,-0.016294113165871704,-0.033507908340515868
2012-03-07,0.0069763040469894566,-0.0061207294712622984,0.0057160906700333136,0.0083503841662355693,0.012027717986327735
2012-03-08,0.0099491178175787898,-0.010007474892791746,0.010083687876597303,0.0081456058982949386,0.020974665936334125
2012-03-09,0.0038674088575629817,0.0019865143086137405,0.006655409678363311,-0.0009427403998683026,-0.00045659030450662108
2012-03-12,7.2738693915663788e-05,-0.00017167336268375522,-0.0078735275883446976,-0.0055263535851877155,-0.010961327695393153
2012-03-13,0.018025964040576881,-0.017594461957169738,-0.016780784815864758,0.012062743990909564,0.027245313992687814
2012-03-14,-0.0010711921391127754,-0.025194931137883847,-0.01682067576220847,-0.009642378343598712,-0.015733830823909556
2012-03-15,0.0057895735736139819,0.0015308584609357023,0.0094628967696159805,0.001622766950003296,0.0079928493178018645
2012-03-16,0.0013847345766053731,0.0019777682560278009,0.0013657885411118009,0.013756589320329748,-0.0011328826998702191
2012-03-19,0.0039203005784456124,-0.011935034677064249,0.0017978504689784014,0.0045450710618186729,-0.0038559569337935917
2012-03-20,-0.0029109560514011257,0.0039962451332244964,-0.0090351598995350724,-0.015038465404987211,-0.017303894634498884
2012-03-21,-0.0016380551775847518,0.011308316524447193,0.00049960549937688725,-0.011890478672556992,0.0018537457755625208
2012-03-22,-0.0072036760895189955,0.0032194721960068229,-0.0039947529044891406,-0.022562349089664591,-0.015263688382085916
2012-03-23,0.0032333713933798691,0.0094521437553805043,0.012282956477502438,0.010912019722151278,0.0075150052175292359
2012-03-26,0.014034753870739936,-0.0051236368811754529,0.017767567256091299,0.0074730849384732068,0.01748205349373122
2012-03-27,-0.0031068141884430522,0.0071911891992049171,-0.0070558907931025372,-0.010027192828097498,-0.0052689632784914675
2012-03-28,-0.0049587741900228854,-0.001409763588140156,-0.010597959618425579,-0.012488118905945478,-0.016812300188394858
2012-03-29,-0.0017084925779131677,0.0075041504653992064,-0.0014240340248994343,0,-0.0011711179120347248
2012-03-30,0.004136027841719514,-0.01691115284824185,0.0052083106662228484,0.00814934781365384,0.0072698723476363192
2012-04-02,0.0073150446339234065,0.0055404409074333305,0.0050580270720217424,0.0097560701025580787,0.013737055870403747
2012-04-03,-0.0040892865710046022,-0.017328643168202817,-0.01871856515317416,-0.0086954885718302233,-0.0057420535422111341
2012-04-04,-0.009910746594026576,0.013745233402131296,-0.016761477803562741,-0.012810130995649205,-0.018017975163678646
2012-04-05,-0.00050081571303006722,0.0072261506048179047,0.0069969518335344372,-0.0056413654203106844,0.0054106900125923119
2012-04-09,-0.011230705454149725,0.023381631444159279,0.0066957082618956942,-0.012624349190563766,-0.014740530653248651
2012-04-10,-0.016785046935232306,0.01133679768113427,0.010855311785985977,-0.019681106156221317,-0.019472670999690522
2012-04-11,0.0080942389942644244,-0.011979992320655386,-0.00018621215493686005,0.00029296617618568277,0.010898827865601257
2012-04-12,0.013065878702662737,-0.0041573960406495747,0.010119758799926215,0.021828555337056077,0.025634761523733562
2012-04-13,-0.011888996209782343,0.016176532149410505,-0.011370564716820963,-0.015053901195858144,-0.015183378114551616
2012-04-16,-0.00065590320009467629,-0.0014542297370604418,-0.0024246153239028123,-0.0066957683456869699,-0.0049812704650935569
2012-04-17,0.014812309966427017,-0.00060083992455184365,-0.0013087791666472892,0.016266466053885154,0.011442361099762488
2012-04-18,-0.003379499367587302,0.0029161092562282054,-0.005865849868369688,-0.0020187574736567626,-0.0047135454934608134
2012-04-19,-0.006421117860393899,0.00094053466415955356,0.00075321774544234721,-0.0013006909299397851,-0.0044990933299228208
2012-04-20,0.0016699105992254992,0.00017052670925732372,0.00068996183531955246,-0.0023145292930701888,0.0068980624686572067
2012-04-23,-0.0084087055734703986,0.0072609584188418896,-0.0029458817957397354,-0.0010154075466670687,-0.019135430146609456
2012-04-24,0.0038016777615645925,-0.0070381876693350609,0.0014458773932806146,0.0074034473939352807,0.0021674143651910782
2012-04-25,0.013691328156169025,-0.0051244740563698432,0.0020087386020055664,0.009942116996121575,0.0091325156308130762
2012-04-26,0.0069693087982045654,0.0060091683069416479,0.0088335027267367749,0.010557958160903436,0.0061920179229391081
2012-04-27,0.001641118164693367,0.00085278259007659507,0.0021735459614287134,-0.00042346919183666731,0.0014202855846905393
2012-04-30,-0.0037043991053894443,0.00025633640048838835,0.0030982772640457679,0.006214522884154805,-0.0021274376556095209
2012-05-01,0.0062200455581185032,-0.0051862736119528963,-0.0034593374209442862,0.014317836789788485,0.006632133539615781
2012-05-02,-0.0029840916756311842,0.0070421626768897294,-0.0045252352664536533,-0.016329945114469946,-0.0018822882319941003
2012-05-03,-0.007625432788148645,-0.00025522304747571667,-0.010087771057537998,-0.016601394300138517,-0.0075437818258192735
2012-05-04,-0.016157955696956217,0.0078483164859297627,0.0031452475068289854,-0.022889373535028512,-0.017577244887458932
2012-05-07,0.00072993815508337612,0.0001697015179520367,-0.0024455972073937904,-0.0029285658518466429,0.0036268992157630908
2012-05-08,-0.0040120167954441621,0.0053313057346491277,-0.019361338921316418,-0.0032303653602528959,-0.015900209120076836
2012-05-09,-0.0059315703807701903,0.00067394235781348399,-0.0098076844826723297,-0.0048613446264854643,-0.012973583958869828
2012-05-10,0.0020628418006558569,-0.0029448369298344934,0.0019421444253708842,0.0042928017587118283,0.0042155901195846113
2012-05-11,-0.0030141790698245963,0.0082686488613603615,-0.0078180957579936372,-0.0073700373827376708,-0.012842175671234579
2012-05-14,-0.011061370595965458,0.013974723260127053,-0.014521983348483536,-0.016632305368234457,-0.022767087641265116
2012-05-15,-0.0057416728392541971,0.0040441417788759093,-0.010506815031071648,-0.016610857185223704,-0.008704890453129166
2012-05-16,-0.0038245893547084187,0.0028762759885667677,-0.0018698996195085638,-0.0056820665069439169,-0.01420441310991416
2012-05-17,-0.014830948401787336,0.017703914892886807,0.022347090779173184,-0.0063316608675659802,-0.013623138069264851
2012-05-18,-0.008558925302505016,0.00024081609164650075,0.011452879352412237,-0.0062172325860746502,-0.009562046580100958
2012-05-21,0.017187854075212394,-0.0020925251385183197,0.00064698054190959198,0.022990294750025786,0.023866854608232346
2012-05-22,0.001743262675012458,-0.011134450946365004,-0.016618119410660492,-0.0024459034879208419,-0.01047653762286993
2012-05-23,0.00052976031950979774,0.006935684746497639,-0.0030247679400885463,0.0036777541859394081,-0.0068816783507044121
2012-05-24,0.0019653510415000852,-0.0038090182076473411,-0.0013849852383639449,-0.00076307403880282454,-0.0050639477019274182
2012-05-25,-0.0032445687777757914,0.0037419518326549106,0.0083877483848822099,-0.004737487803574969,-0.0048221467242828275
2012-05-29,0.012111926744025947,-0.003079789990429016,-0.010872337457110914,0.016735565316937873,0.028263934242650723
2012-05-30,-0.014509941918695479,0.025361967306333888,0.0058932549627184194,-0.030654967418685897,-0.017277405670619195
2012-05-31,-0.0022007677828611572,0.011574479155203266,-0.0019090812845146132,-0.0087244471508476362,0.0042621126363702189
2012-06-01,-0.025176796304895555,0.023740579363409786,0.038781196888100666,-0.024988150870289938,-0.026790756653456094
2012-06-04,-0.00046856856271138003,-0.0079016927544937055,-0.0011428106398809756,-0.0008061183210807954,0.0043612099478527178
2012-06-05,0.0075722044151729229,-0.013376457063307701,-0.0011442151423203262,0.0085501191167220991,0.0027138583474310973
2012-06-06,0.02246817020583558,-0.019984505458773505,0.00044550925601805069,0.030869898003730079,0.029228170368540418
2012-06-07,0.00060677098633021842,0.0015193958374384309,-0.017238131150261848,0.00062087784744857544,0.006048147755178368
2012-06-08,0.007951580161187799,-0.00023980787082977795,0.0014886454856897213,0.00015509868581986552,-0.0086252231826999815
2012-06-11,-0.012697324124078424,0.0045528174525515386,0.0040716402779579219,-0.013643632620854218,-0.014500326978937328
2012-06-12,0.011490423283218254,-0.0091429060462993039,0.0070803688156160227,0.014146497993589247,0.020866508846757004
2012-06-13,-0.006394776373340294,0.0098694016660434425,0.0042182562635786347,-0.012708953358218422,-0.0036686036464036453
2012-06-14,0.010600455584912849,-0.0012718022927986627,0.0040097053359924306,0.015698354932552228,0.007101710327142241
2012-06-15,0.010227527452000285,0.005569199325069274,0.00057049976475842534,0.01911812211877284,0.018281143248636944
2012-06-18,0.0019381153278688057,0.0053795312089437441,0.00057017448035145968,-0.0089909773437286677,0.0020521392863468435
2012-06-19,0.0096729170986387114,-0.013062526911662875,-0.0048755084491937106,0.014454481916952533,0.016124832332526928
2012-06-20,-0.0016213775257865048,0.0049429103228033622,-0.0075719166052243825,-0.0039406666632395559,-0.0032743645684207845
2012-06-21,-0.022438916522118713,0.0053158913503050798,-0.025325363321968553,-0.040937424734204253,-0.036622349917651342
2012-06-22,0.007702002212113257,-0.013337071979056425,0.0040783785012681317,0.0066643446995120481,0.0031853139685427134
2012-06-25,-0.016035132036665511,0.014557380908460926,0.0073374942457151704,-0.022383576091754565,-0.018523294819333791
2012-06-26,0.0050259262510097269,-0.0039421436968491985,-0.0074141482204446163,0.010803452065858421,0.0086280420707940397
2012-06-27,0.0090168151597112001,0.0015829724543199308,0.001376010487393442,0.020736622236915192,0.0064152464919020602
2012-06-28,-0.0028539196749396423,0.0024506133218427095,-0.011646919832302038,0.0068760130979903522,-0.0047810558427240357
2012-06-29,0.024927039577284482,-0.013008148711819989,0.027408138404537707,0.030110036899908543,0.044302143724628262
2012-07-02,0.0030123874517731242,0.010317936314788057,-0.00064441073485632661,0.00045221397489747517,0
2012-07-03,0.0065924564928938612,-0.0076852533585113347,0.015281516744723334,0.023945819384391109,0.019933800846832606
2012-07-05,-0.0045118194762543418,0.0051099604470408178,-0.011304546946454441,-0.01309011053893705,-0.010523835413588145
2012-07-06,-0.0095034848860749976,0.0092935869488910416,-0.012654072807009586,-0.012071418048592242,-0.018232496784171492
2012-07-09,-0.0012550335589742723,0.0088153786517062294,0.0021468125551507011,-0.0045258900007503211,-0.0036110940771958422
2012-07-10,-0.0087197220591738178,0.0020279512892147356,-0.012269536951600046,-0.015608184630026223,-0.011131123578229096
2012-07-11,0.00014872323172165913,0.0012458718310788264,0.0055209440051058323,0.013546772431026088,0.0052356038594019161
2012-07-12,-0.0048447128234159198,0.0070762363920224836,-0.0026146097190075102,-0.0033415944762581473,-0.016666591762947602
2012-07-13,0.016777714264648802,-0.0026255711258040826,0.010157959820154439,0.017525242171524402,0.019332570736599886
2012-07-16,-0.0023570825256895578,0.0046448924340698472,0.00045418012518472217,0.0032947694159917162,-0.0023382904922234493
2012-07-17,0.006866958646416732,-0.0078601496854552311,-0.0047986866023365105,0.01253917672418603,0.013281167253051063
2012-07-18,0.0074066882750356555,0.00054456524675772222,-0.002736679257213992,0.0086984088949371152,-0.002570233078554196
2012-07-19,0.0026208003591359219,-0.0025618808974736673,0.0021561700390366756,0.0030694589931661298,0.0092763770195611883
2012-07-20,-0.009148364969613243,0.01221833302851949,0.0018906850756352789,0.0023312873105714171,-0.014807490198899598
2012-07-23,-0.01011228659428165,0.0056131239353756079,-0.0041647647379081665,-0.0095949693536512282,-0.026172375008084781
2012-07-24,-0.0085866739974946871,0.0078749086587004413,0.0032020224601241321,-0.015998437351214423,-0.0042578726880918571
2012-07-25,0.00022405198412744909,0.0025796476527244483,0.014004649795792412,0.00074568896226701042,0.004810374543996021
2012-07-26,0.016497568908870219,-0.0091557393893549888,0.0070662691363418961,0.02846914792319355,0.022606563533528634
2012-07-27,0.018432479233602583,-0.018862344487692528,0.0049115838023048308,0.017681070828954537,0.028088071363877587
2012-07-30,0,0.00747193449792527,-0.00069823927281609244,0.0028478577477077938,-0.0058183105279218106
2012-07-31,-0.0069945122775348922,0.0020088246830622936,-0.0059708265664030202,-0.010933856588825841,-0.0045800633147218273
2012-08-01,-0.00087139620245857419,-0.0049989333488948962,-0.0086267880128267915,0.0048816630205301692,0.0017894260898283498
2012-08-02,-0.0069042929992374491,0.0056686590015171401,-0.0065102134253541832,-0.016716800887834671,-0.011737902905658237
2012-08-03,0.019833086294747337,-0.016137576669334686,0.009212989839486152,0.023539626056226171,0.030983884892258562
2012-08-06,0.0019374791119133317,0.00039194153300692314,0.004821600676860438,0.0026970235915118046,0.0062609272070852651
2012-08-07,0.0050136180556015209,-0.01286576006379303,-0.00012798638560684861,0.015008200906287739,0.0027375983984689878
2012-08-08,0.0012113485369646959,-0.0053244222455988144,0.0012797347696722472,0.00083713640829419234,0.0019858995569430604
2012-08-09,0.00085443006862728765,-0.00071935414049151269,0.003259264951112506,0.0068289991274139705,0.0042107235057129433
2012-08-10,0.0016357349777291752,0.0050373862436379202,0.0012101864830207365,0.0017994067469493391,0.0046866874200028885
2012-08-13,-0.00049718454317548844,-0.0016707127225934482,-0.0075708565852385945,-0.0037305901099486949,-0.0088383325750771569
2012-08-14,0.000142340551289033,-0.013546734671389449,-0.0055131776400203503,-0.0018029876862186711,-0.00024788103190731547
2012-08-15,0.0011360751959632598,-0.014055918609370943,0.0032231031023153278,-0.00013927078306652518,-0.001486761466430786
2012-08-16,0.0073788693241896297,-0.0085210252947933718,0.0059756643744985904,0.0088938003126872722,0.0091813959909650134
2012-08-17,0.001338081640448463,0.0048752584883018368,0.0010219958137740459,-0.00041306228373705345,-0.0049176312908943975
2012-08-20,7.0327639918543738e-05,0.0020564790200459093,0.0034455926616052679,-0.003444415837856929,-0.00049440978972115079
2012-08-21,-0.0030244231127711796,0.0044320694240007619,0.0099835137928261375,-0.0031806036842412233,-0.001483389948799374
2012-08-22,0.00042321615044427219,0.016503781038703202,0.010766174119276384,0.0037452527694972204,0.0004955167531854876
2012-08-23,-0.0081791976437216585,0.004179829740462937,0.0084091575929587936,-0.01105609554210718,-0.0091563368278539947
2012-08-24,0.0060430013748677958,-0.00096051237945971035,0.00049417401541984596,0.0058693728842134085,0.00024953807472405387
2012-08-27,0.00021184439760935092,0.0058484252400057279,-0.003766133270076133,0.00041679459739274449,-0.010237062485557336
2012-08-28,-0.00098924536693689724,0.0023899293693734336,0.0017352428001844444,0.00069404846896814476,-0.0020183334937248221
2012-08-29,0.00077821568413116715,-0.0043702519894125436,-0.0064959357567595521,-0.0066607890384674517,-0.0048026587199889725
2012-08-30,-0.0072082083998984414,0.0051882687658946214,-0.00043584324693812793,-0.010617419998438238,-0.011683911794395541
2012-08-31,0.0047689812460181003,0.014133227156444939,0.023050067591338541,0.010025560061355465,0.0095093195608135783
2012-09-04,-0.00092065923914730341,-0.0010043315949705978,0.001583208530649749,-0.0076893623682804391,-0.0056008421427583555
2012-09-05,-0.00085081342480952671,-0.0047127422245557549,-0.0010335492057460538,-0.0038039994861109871,-0.005120658706722292
2012-09-06,0.020296920008863184,-0.016650873348390327,0.0035299241657396063,0.021072009659066637,0.02213095069939186
2012-09-07,0.0038951296570151062,-0.0046542505030545689,0.021529523105697113,0.017313381424126417,0.023161974749181136
2012-09-10,-0.005681835412979841,0.0024183298578275281,-0.0068274111767094858,-0.0043569452816717424,-0.012795561115879095
2012-09-11,0.002787441804035895,-0.0062732146556683244,0.003646366398665668,0.010665647349273888,0.011964284281199555
2012-09-12,0.0033352132278969826,-0.012465093173147035,0.00011914397372314589,0.0060888352885803965,0.0044337287452558272
2012-09-13,0.015236551232001627,-0.0039333905426999216,0.02018818143529133,0.016272128129770191,0.026974080933359623
2012-09-14,0.0044342391982312712,-0.026578083884724379,0.0028603438220029531,0.01323279020074275,0.011700056343946441
2012-09-17,-0.0033958035494219274,0.012003711497009517,-0.0081490636228432889,-0.0075742234280262721,-0.010856693649984761
2012-09-18,-0.00081783877519592263,0.0050116297819295941,0.007746522133214695,-0.0071067319735582668,0.00047699197466077869
2012-09-19,0.00054565000847506262,0.0065655517128271335,0.00011649354949172519,-0.0096751195811818347,0
2012-09-20,6.8293375078409824e-05,0.0024768231601177693,-0.0015721687657199723,0.0028101536700351204,-0.005962044970428737
2012-09-21,-0.00041815233288822196,0.0011538066232736899,0.0028576747517099488,0.0011261416055179385,0.0023991092995412355
2012-09-24,-0.0015082199946367947,0.0078156051831015372,-0.005291949445103139,-0.0050883088700683921,-0.00095744558204213792
2012-09-25,-0.010641641868120666,0.0098773034500150292,-0.0016369410950092256,-0.010901689150895622,-0.014853950205721
2012-09-26,-0.0056214760864857771,0.01074980111285595,-0.005621635473730624,-0.0095250078887293421,-0.0046207064904560946
2012-09-27,0.0094215752141282305,-0.0071162711378075505,0.014898997795603108,0.013600663038872529,0.015881002204874983
2012-09-28,-0.0046323028119042986,0.00056335273669572139,-0.0026110999060248163,-0.0047438691973403779,-0.0060126632660160162
2012-10-01,0.0026396586689290125,0.0037109119904319421,0.0023270341375569714,0.005038607812975382,0.0099202663020876436
2012-10-02,0.0010391020892499547,-0.0013659621065189587,-0.0011027174532514117,0.0017618219387327549,0.0014376064543690781
2012-10-03,0.0040829280524454781,0.00032132010550456336,0.0018012640766977839,-0.012309203123078705,-0.0066984803865958176
2012-10-04,0.0071682666166270614,-0.0124706615564254,0.0069601352749457668,0.0099974860723612835,0.010355904900620327
2012-10-05,6.8328125962135999e-05,-0.012954058224281306,-0.0057024681163732049,-0.0023050780555891048,0
2012-10-08,-0.0034218664988769909,0.0084191241148201534,-0.0033020048751752906,0.0016306232923704034,-0.0088196560580358074
2012-10-09,-0.0098871077376533334,-0.0018004832007738614,-0.0061609854100082018,0.0013568385204369982,-0.0074554918269965631
2012-10-10,-0.0063801210216835047,0.0070516022847932902,-0.00087729779784950779,-0.018698728956792365,-0.0060579521747450293
2012-10-11,0.00055830853312599515,0.0069216409734742523,0.0028097108207538746,0.0074560285715863373,0.009264068785641566
2012-10-12,-0.0032780636451322787,0.0025067106315230792,-0.0073547146378558637,-0.0054824870543224158,-0.0031401040122901458
2012-10-15,0.0083279435606842256,-0.0022584995708778699,-0.010055224506803517,0.0050997116677617971,0.0058152271535463207
2012-10-16,0.010133158023208244,-0.013825254765573058,0.0063557589939839954,0.01590511966775221,0.010358961191142546
2012-10-17,0.0045349857953460582,-0.0092634384514520551,0.00070827008903551203,0.012552666346668628,0.0078687620060926555
2012-10-18,-0.0025989980823678538,-0.0061232169187673824,-0.0044237349870258624,-0.00013301305744850556,-0.0028393441264362718
2012-10-19,-0.016664709336465022,0.013570757138255951,-0.010782582723043554,-0.015731386572195971,-0.015420910132282195
2012-10-22,0.00013933509293639901,-0.0064072299597189852,0.0036533545301065118,-0.0050114777558829537,0.0096384957389856751
2012-10-23,-0.013875774399539242,0.014303060314115434,-0.012829747772893363,-0.023277952799801493,-0.020525142268038699
2012-10-24,-0.0028285985578628825,-0.0098631112481497585,-0.0034455182897020764,-0.0076656864893691612,0.00097483510744500457
2012-10-25,0.0029073576814246938,-0.0051033903661736879,0.0070362953889042679,0.009410296680363972,0.010954207995832688
2012-10-26,-0.00056574822083477194,0.014727015175004743,-0.00054217319818861132,0.0012517607643247608,-0.0077055490149403605
2012-10-31,0,0.0058712635004221081,0.0054240293798601957,-0.00027751236663398071,-0.0014557207136369765
2012-11-01,0.010470281747406052,-0.0081870685333288451,-0.0045555025984209685,0.0043088063021310408,0.01628202105978982
2012-11-02,-0.0088918507467499186,-0.00073543986426383157,-0.020894809825163896,-0.016470370977089255,-0.0052610365234204703
2012-11-05,0.0020491086196385844,0.0056432587461761052,0.0038744747870573804,0.0075992571523546548,0.0048080670910246592
2012-11-06,0.0078247916732174794,-0.0094344875128362649,0.018807862553296584,0.016061287016162051,0.0078945605711704392
2012-11-07,-0.02266359735304857,0.01814605536150804,0.0011425281895340866,-0.026117089285068174,-0.01637796538812808
2012-11-08,-0.012024112347384874,0.014838311867135578,0.009009549825869767,-0.018066052875163274,-0.012547921643645044
2012-11-09,0.00086918277124281573,0.0011127375751089907,-0.0010119540650425085,-0.0002876750258984373,0.0019549465302579616
2012-11-12,0.00079636824706397213,0.0016670277234405173,-0.0022048049089982147,0.0020130460993219579,0.0036584434982416258
2012-11-13,-0.0034714374540188997,0.0033282390686177887,-0.0020901215354142133,-0.0041609207549999638,-0.0089914919310365438
2012-11-14,-0.013499197807098295,0.00094821566851033268,0.00023933743071213875,-0.012104196486615426,-0.015448825111500364
2012-11-15,-0.0016915388961059596,-0.0019727265337271538,-0.0062821769510120751,0.001312833338014574,0.0034868487275032667
2012-11-16,0.0049373387409796798,-0.0008698756163325605,-0.0012643233169258306,0.0039329719001617303,0.0029786895070369468
2012-11-19,0.020238852270631824,-0.0056186652587335573,0.011996564840836887,0.02307048349767804,0.017569639165827988
2012-11-20,0.00043129094378024924,-0.010027010235863387,-0.0028593300857844284,-0.0039710091415764426,-0.0019455012835435381
2012-11-21,0.0018675424637046856,-0.00056240164872201071,0.0010155813941403746,0.0054106300148770714,-0.0019493563998282948
2012-11-23,0.013625540504565548,-0.00096569456975204027,0.012234441881278757,0.01416233208562212,0.016357361752928457
2012-11-26,-0.0021223803076619863,0.0047504728219709413,-0.0010613049579774048,-0.0097754199378509155,0
2012-11-27,-0.0051047660282416141,0.0039263578308339486,-0.0042494599128727328,-0.0083201817332320127,-0.0084074964708895639
2012-11-28,0.0080526813325296764,-0.0014372630715320245,-0.012803055990465051,0.0091013715896084424,0.0055719028239082924
2012-11-29,0.0046654414807285605,0.00016063568896651503,0.0037825854847186591,0.0022544684945362548,0.0072272399495165729
2012-11-30,0.00021090435419468534,-0.0027177712638045692,-0.0067591199517209599,-0.00084342508650736558,-0.0004782561043881195
2012-12-03,-0.0049243746061266025,0.00092351990281924756,0.00048179361387745701,-0.0054883866045638552,-0.0004787314891415706
2012-12-04,-0.001413760764373384,0.0057759581219150036,-0.010293184034235181,-0.0036788219135058808,0.0028727780385227053
2012-12-05,0.0017696857677562683,-0.00047875984887968404,-0.0018246141290523266,0.0069589351962480173,0.010742826714349674
2012-12-06,0.0033927433214191449,0.0021546442806030797,0.0023154088113466198,0.0032442196601880635,0.0075575256932938206
2012-12-07,0.0030284864579799287,-0.0092366402446951712,0.0040121803167743053,0.0060450132508251819,0.0030474191853668842
2012-12-10,0.0004212893737585155,0.0044200324957501813,0.0038750264922358113,-0.0011177394769716908,0.0056089582487828249
2012-12-11,0.0068084860749866305,-0.0076007923834375823,-0.00090475966533376528,0.0058758138657346581,0.0051126776447467659
2012-12-12,0.0004879411950593493,-0.011610137260376852,0.00072448162027427543,0.0036159743578261239,0.0030056681751386982
2012-12-13,-0.0061316848595790452,0.0007340254817203018,-0.0084454914591929331,-0.0092852783391390581,-0.0043800370634050623
2012-12-14,-0.003716428633303015,0.0074990078048411402,-0.0014600610908572786,-0.0037764699883848785,0.0043993061875597927
2012-12-17,0.01175279943819918,-0.014968021969560152,0.0018887317941354009,0.0091269964591473851,0.0025358921847993265
2012-12-18,0.011128647019569948,-0.010183996387243877,-0.014351742734815875,0.018366320406214554,0.0069858549910633005
2012-12-19,-0.0074293998363798019,0.0033190055235636784,-0.002406215358110364,-0.0068312078228421891,-0.0004593558854134594
2012-12-20,0.005752138897283654,0.00016514573669823562,-0.012122003118760882,0.0067404015185750232,0.0059759008013178239
2012-12-21,-0.0090770883473531017,0.010915845333149932,0.0037563771336919238,-0.010149491730849114,-0.011423381185593162
2012-12-24,-0.0030813338102207988,-0.0018002754919690389,0.0018087275171267958,-0.0076315419690357045,-0.002079935755830542
2012-12-26,-0.0042148858161631386,0.0035974681073236425,0.00099616278778147382,-0.0044745229647096263,0.0030103104764378497
2012-12-27,-0.0013407168775597667,0.0033551006117298332,0.0023635084320041688,-0.0018257240384522699,0.0056355646146224458
2012-12-28,-0.010807796478740306,0.0057093894697952674,-0.0038471727592938043,-0.017447481057504488,0.0036748142665137262
2012-12-31,0.016996371646675223,-0.017273068659284019,0.0092189550780052976,0.022769400326182021,0.014874558290020934
2013-01-02,0.025630126448604296,-0.013369032940715342,0.0070978512909460889,0.022122703328918414,0.019616510985659419
2013-01-03,-0.0022592283670892499,-0.013549998265105057,-0.012073305404241008,-0.00027379089959267411,-0.0070763489969474236
2013-01-04,0.0043911714315041372,0.00390018804104586,-0.004714606211065564,0.011098855951489961,0.0020042360292322758
2013-01-07,-0.0027322043914933536,0.00042253763870969685,-0.0062952490043364229,-0.007724684528173098,-0.0075573995773353664
2013-01-08,-0.002877441020356919,0.0065849979383723056,0.0070877810620646464,-0.0032776578933954026,-0.0089585879407239055
2013-01-09,0.00254165980213239,-0.00092194543275436747,-0.00043592467920994249,-0.0016443886048609357,0.0042940906048489769
2013-01-10,0.0079496509378627067,-0.0027709299618955407,0.0092840063765744496,0.0090582655039885829,0.008775844151476031
2013-01-11,-6.7539370260050191e-05,0.0089235352614756014,-0.0056797023904903154,0.0012243179842328367,-0.0080302625812623818
2013-01-14,-0.00068020789682632365,-0.0027533050465721187,0.0029802293233267552,0.00013580325682749361,0.0042723851583537087
2013-01-15,0.00068067089454393326,0.0046018238062932593,0.0063142522895505149,0.0044823353839347213,-0.0042542095366686628
2013-01-16,-0.00013619835444955708,0.0020819017049182875,0.00055361921285812521,0.0044623337076619141,-0.0008996918417311095
2013-01-17,0.0064604706375801513,-0.0099730189966614757,0.0043037948558224404,0.0063276955577749039,0.0056268702612320975
2013-01-18,0.0022296789357105773,0.0077230060227417852,-0.0015917340429129068,0.0098996742577761587,0.0022378564238612064
2013-01-22,0.0053932374100906788,0.0019156043152983582,0.0035563299042145058,0.0095377889545209538,-0.0015628759798695935
2013-01-23,0.0016093563502255215,-0.0014967197552371303,-0.0028104812135655299,-0.0034118115005775662,-0.0053678009567563745
2013-01-24,0.00026775220257224674,-0.0034966784728892586,-0.01096751713306432,0.0028966873566276252,-0.0035981918219899489
2013-01-25,0.0056223199395117884,-0.013704685455760424,-0.0047701913095986592,0.0094525600230823681,-0.0033852193120275098
2013-01-28,-0.0011977319055012092,-0.0036428197560370856,-0.0022409002429438774,-0.0016906170068450299,-0.0070200537692928222
2013-01-29,0.0039314177199825107,-0.0055273971074670802,0.0043671609978899184,0.016153904813893449,0.011174724758518773
2013-01-30,-0.0039160222009100298,-0.0017105297091170035,0.0074538599123976645,-0.0049997555628980006,-0.0047360766343008676
2013-01-31,-0.0024658744081940132,0.0048825273016164239,-0.0061039859316959211,-0.0033505069322919967,0.0020392070616417346
2013-02-01,0.010287307227702991,-0.012984716857902701,0.0015508685157126223,0.0093086833515634293,0.0065580237858591239
2013-02-04,-0.011240576450828432,0.012809191641448336,0.0034066464054138823,-0.009478522689714719,-0.013255313545472602
2013-02-05,0.010097488361072937,-0.0088872878858146098,-0.00024687213662233365,0.0086638495862463305,0.0011383487032359252
2013-02-06,0.0007284949455972356,0.0081910674171012943,0.0026549312049666263,0.00064143804620031553,-0.0011370543389036536
2013-02-07,-0.0013229076053745681,-0.0022233883926285891,-0.0033869268663404561,-0.0025621149694398104,-0.0088795161569291681
2013-02-08,0.0055642084311633422,0.0038570017373000809,-0.0016682465384403322,0.0093764964651361637,0.0073508434948856838
2013-02-11,-0.00019771026952331017,-0.00076883766912949625,-0.011573994499016527,-0.0049631677004620123,-0.00045573956351729894
2013-02-12,0.0016473205878675401,-0.0024771052024562534,0.0011897460553353945,0.0026856153028120833,0.0027375527773079167
2013-02-13,0.00085497799864620028,-0.0081380243271547137,-0.0052535889742770792,0.0035714410398024476,0.0050058049120924597
2013-02-14,0.00091997842060220769,0.0090680662447282234,-0.004401112447727451,0.0086428814939019105,-0.00045266955088019145
2013-02-15,-0.0011816250647083137,-0.0029100855101525935,-0.016356245638453393,-0.011466927362618451,-0.0036240399169613635
2013-02-19,0.0074946471542931548,-0.0049787634091090771,-0.0027606104965699485,0.011599943067180263,0.0020460461028890542
2013-02-20,-0.01246371027877613,0.0030199435753479609,-0.025043451643549264,-0.020917338512136174,-0.0088477477842598962
2013-02-21,-0.0060785835750013506,0.0058478361793790068,0.0077918162754770925,-0.0069497605835979748,-0.013733267362160295
2013-02-22,0.0097724658778013396,0.00068386275221810067,0.0022933174860009231,0.010497274181791028,0.004409451512842999
2013-02-25,-0.019026877852655999,0.019653759711905305,0.0089559724537813246,-0.026163796783039039,-0.013401210770738303
2013-02-26,0.0068454411588911857,-0.0057826304335618639,0.012180931238955583,0.009877236641431475,0.00562089810053501
2013-02-27,0.012598222996660802,-0.0029502349758857571,-0.010561988756825791,0.015259176500785454,0.010945546333169798
2013-02-28,-0.0019744068305116436,0.0018598152328184181,-0.010157257228600503,-0.0020556282111200419,-0.0046071249712422713
2013-03-01,0.0032978005875881067,0.005445991502550207,-0.0036601147620506369,0.0012870337475237026,0.0023138690100414916
2013-03-04,0.0053252769960678847,-0.0052985699822936105,-0.0009183901036885489,-0.0021854009077941772,-0.0094662978286345068
2013-03-05,0.008958765654092371,-0.0028748738030640597,0.00052529106665555325,0.006441614344945723,0.012120986133338896
2013-03-06,0.0013610763181561847,-0.0090728083260145365,0.0055780996028989005,0.001152066210203806,0.0048365448266065592
2013-03-07,0.0018123431975849424,-0.0077021484397389317,-0.0035240703595200706,0.0051144639997504626,0.0027505713735962445
2013-03-08,0.0042638955070013473,-0.010434151422558768,0.00013101232655099437,0.0048341083938951979,0.008685626513145861
2013-03-11,0.0037961567474475988,0.00095824260835009056,0.0018335326238412275,0.00050637233754868838,-0.0054384654769668028
2013-03-12,-0.0022434910313926526,0.0072258132988320956,0.0078436296826971397,0.0011388791898616635,-0.011392082189726205
2013-03-13,0.0014129173948731477,-0.0010363363252960944,-0.0034373096238732304,-0.0022750099948384284,-0.009449254380024863
2013-03-14,0.0053240561719753998,-0.003028294768963935,0.00013008598981834041,0.013681105999789223,0.0041880152542654869
2013-03-15,-0.0013202107482489511,0.0046859225643181013,0.0020822965868685372,-0.00079074956715552425,-0.0090361695849281443
2013-03-18,-0.0055190343742933523,0.0076021449019041398,0.0089610706676135354,-0.0080401774697337336,-0.011222795835776678
2013-03-19,-0.0023230832326036621,0.0067731970514148809,0.0045050645272544099,-0.011018627354634547,-0.0070941932111855399
2013-03-20,0.0069860343031982186,-0.011155963030644478,-0.0045489922189757559,0.0056347725571119778,0.0057157580093420979
2013-03-21,-0.0085427512920283055,0.0096453993163208018,0.0056639306846135717,-0.0050935312389843723,-0.010182340286715275
2013-03-22,0.0080326115216735605,0.00076773768756033256,-0.0044799804687499778,0.0079355907484028876,0.0038280907490000349
2013-03-25,-0.0041770361606771056,-0.00093736192179361133,-0.0019929125844543316,-0.0038095936111061102,-0.00095363232722089908
2013-03-26,0.0080027683063734756,0.0011945150019581074,-0.0033496795546289482,0.010580150274635658,0.014313010481713073
2013-03-27,0,0.0085206570621492173,0.0041365006760534229,0.0032791223740911146,0.0037630882075074812
2013-03-28,0.0030726566928154231,-0.0050696917562900179,-0.0058573870914927495,-0.0028915717057462764,0.0021087265502068853
2013-04-01,-0.0039569984637075617,0.0075319003513647509,0.0014244171256077021,-0.0020172969844552968,-0.010755249158454827
2013-04-02,0.0049343177860992071,-0.004053981072075552,-0.014482482185829704,-0.0056851994686448748,0.00047281140825683465
2013-04-03,-0.010138915301102669,0.0089893172855650683,-0.011152640752650878,-0.018678583760274092,-0.011811978194201211
2013-04-04,0.0040579684427333174,0.011935712055323844,-0.0029191431956356872,-0.0012949375151953824,-0.0028689318264628616
2013-04-05,-0.0044907059893752876,0.020184193674549711,0.016767611850664998,0.0022040634705404738,-0.0023973893253124157
2013-04-08,0.0067673389211770907,-0.0076531757495978958,-0.0042536084475437441,0.0067268730591321102,0.0016821869759311436
2013-04-09,0.0034563495805235434,-0.0024615169206554377,0.0077549464207531393,0.0084812042520614472,0.0098369297028459979
2013-04-10,0.012249164211216135,-0.013735886686333076,-0.016890546496319603,0.0053517335983856995,0.009503344127327118
2013-04-11,0.0032771414231858031,0.001918015719981403,0.001990069995076782,0.0043091590252435363,0.00094161697657346721
2013-04-12,-0.0024496774298983226,0.014899190740683466,-0.047004342668452548,-0.015648545989594087,-0.015283571591314882
2013-04-15,-0.023173992347912953,0.00869395452924282,-0.087808264380812795,-0.0407689972249764,-0.024355283786239079
2013-04-16,0.014762589379782476,-0.008212274721483781,0.011347235708379255,0.012296103019819871,0.020558150291392518
2013-04-17,-0.014611504135111808,0.0066407301954056752,0.00052704867335284789,-0.021917174041591214,-0.01582727392581107
2013-04-18,-0.0062534049402349634,0.0024426391207079678,0.010762459449999096,0.0085041078080914101,0
2013-04-19,0.0086934388494495085,-0.002111988607677473,0.0087118253340203733,-0.0020078005979303759,0.014619913493887138
2013-04-22,0.0044375795324955725,0.00073239005919245592,0.017937496522365759,0.010729647064197989,0.0048030223617967494
2013-04-23,0.010309117347664598,-0.0034977839122057874,-0.007396584908027859,0.011544915249989129,0.0047798800925316076
2013-04-24,0.00063389591873952433,0.0025309217416735752,0.010885375374223738,0.013380266586597855,0.0059469443989526027
2013-04-25,0.0040540124660928267,-0.0043161330234701145,0.023560091643163306,0.00077713027610259999,0.0089855463484405096
2013-04-26,-0.0017665860674469513,0.0091602729360300561,-0.0050836771579502171,-0.0016821009448010349,-0.010077281310207353
2013-04-29,0.0066986628060474729,-0.003647225599784476,0.0098644478995368878,0.010106160785454676,0.010416603548956349
2013-04-30,0.0023851835467365579,0.00056945926105655964,0.0033028897443676541,0.0039767268301962311,0.014292433309363917
2013-05-01,-0.0087670307985936446,0.010272776476760948,-0.011627117828906464,-0.015586993297706075,-0.010857169884946005
2013-05-02,0.0092875070050895125,-0.0012898294216275863,0.0057401853524925439,0.013108386354842683,0.0079403883906936645
2013-05-03,0.010140352469570457,-0.023576653787015789,0.0011978450615743874,0.018062978375549044,0.0083407420550354328
2013-05-06,0.0025410529532627901,-0.0024811042490276991,0.00042225040565901928,0.0067951261554575204,0.0013787621463570154
2013-05-07,0.0050685152925120658,-0.0038963598682950629,-0.012451558843968757,0.0077486619546665025,0.0071136004236069805
2013-05-08,0.0045508474825517453,0.0015815688808076267,0.014816938016144476,0.0016126864359069515,0.0077468071624435808
2013-05-09,-0.0028158332179782919,-0.0025762776860492886,-0.011582262231585427,-0.00086688888570229938,-0.0072350844016024762
2013-05-10,0.003253975952968613,-0.010746382538586841,-0.0085930791567170317,-0.0052055392106976628,-0.0077431621749540769
2013-05-13,0.00079519851341314229,-0.0076628937067297898,-0.0083811846459862505,-0.00012374866491859926,-0.0091805311786892219
2013-05-14,0.010334396420578207,-0.010862113396713391,-0.0044787629125979667,0.014203459959420295,0.0046329749908045059
2013-05-15,0.0053857141500956995,0.0066921717344621268,-0.02307519579215711,-0.0028257263585826919,0.00023039163036298049
2013-05-16,-0.0046952011391740989,0.010396574305510331,-0.004011056416375558,-0.0049277913654206529,-0.0034579104657960213
2013-05-17,0.0096773126168230306,-0.012651917846350114,-0.022522105273698911,0.016714050220433263,0.0043950524192621909
2013-05-20,-6.0386909355614193e-05,-0.0011953934101528452,0.030899424480465454,0.014125568332941985,0.0025336303441463315
2013-05-21,0.0014379140391427292,0.0078682936401097692,-0.016577785045302051,-0.0020415227615212528,-0.002067667271965723
2013-05-22,-0.0074174872909934519,-0.014850629669414639,-0.0070740698891096354,-0.011550144999933343,-0.011050053834441576
2013-05-23,-0.0028924670888200721,0.0047377450665924137,0.020236456870849739,0.00048645553405934905,-0.0074483790749521051
2013-05-24,-0.00084643999201772235,0.0013716137422108421,-0.0063145836094012919,-0.0058403545503294962,-0.0086772141869310149
2013-05-28,0.0059887674449148331,-0.025342619323874493,-0.0020184586181190012,0.010525466139317041,0.0054409011195026835
2013-05-29,-0.0064947785146289849,0.011243876063984359,0.010038177262336356,-0.002180278180095474,-0.012705586229128984
2013-05-30,0.0036926592333383912,-0.0024319452182300916,0.013869280514663629,-0.0023065837417979296,0
2013-05-31,-0.014351778688042383,-0.0033967820682738736,-0.020336494816085793,-0.020680452429534979,-0.018112731491746525
2013-06-03,0.0055055734524696032,0.0052993998222106153,0.019339877339478839,0.009689355348727835,0.014805976387469721
2013-06-04,-0.004806523351665426,-0.0092350372630159994,-0.0093765938817965688,-0.007874144133401817,-0.012198302952866391
2013-06-05,-0.014001163225739854,0.013805867764388413,0.0021445578206344962,-0.011656637618315813,-0.01791738309034574
2013-06-06,0.009053873214460717,-0.00060700161113669271,0.007452733729297778,0.0075277467164982514,0.0083823825901983007
2013-06-07,0.012719678532066014,-0.017879841735337076,-0.023804292309807185,0.012578161385547348,-0.0051344799581376499
2013-06-10,0,-0.0047717216963751863,0.0049520083144831695,-0.0028288543140028155,-0.013516897426983254
2013-06-11,-0.010315046159210528,0.011899017124191058,-0.0051515785338894782,-0.015169689949746212,-0.018933738832378477
2013-06-12,-0.0082774318943843461,-0.01430320677127106,0.0075046904315196894,-0.0061368339945609973,-0.0068561781288242196
2013-06-13,0.015208958648208259,0.015668004696117066,-0.0037988417641410255,0.016759115639341626,0.021222353812175188
2013-06-14,-0.0062730485023723137,-0.0023665564528536631,0.0051591681940856837,-0.0096666953705806247,-0.015773931356538484
2013-06-17,0.0077222969411028242,-0.0052715004423037337,-0.0049095323906777066,0.014390912819951751,0.0091580883446873429
2013-06-18,0.0079048500482994388,0.00052965961632400749,-0.012259844040283574,0.0056750829912988188,0.0042851898424651758
2013-06-19,-0.013816085530533817,-0.010328278747137154,-0.011655252312203657,-0.0092001379257220517,-0.030873229649936218
2013-06-20,-0.02477835745418111,-0.016412587332352957,-0.053526288841325154,-0.029218631397354811,-0.044806791786430211
2013-06-21,0.003210049811634974,-0.016958168871331503,0.011731428766484253,0.0017167906022517165,0.014370592664197268
2013-06-24,-0.01263630743016908,0.0041513326573685561,-0.0089564391783218955,-0.014839448834213398,-0.020315154974936411
2013-06-25,0.0096139977597546888,-0.0089118662363321111,-0.0037117653783580451,0.012855521858364805,0.021282108242240083
2013-06-26,0.0099014677212152513,0.0064895237901410052,-0.042034521665947788,0.0061541276960161984,0.015762799877080846
2013-06-27,0.0058692663256680877,0.010222743469801232,-0.019783533666219544,0.0019108717940261588,0.02006541875698975
2013-06-28,-0.0040972122796348875,0.0068376521129414058,0.027341712111377259,-0.0041968093682704932,0.0057472440128008007
2013-07-01,0.0058596177916026004,0.0020145326683822518,0.016959085154188536,0.0071521763001265448,0.0031168152840748142
2013-07-02,-0.00092912911156439737,-0.00063438818865590996,-0.0089159929509506908,0.0021559802386974525,-0.017866264505804308
2013-07-03,0.00043365845914333789,-0.0029902651693315407,0.0057475618031783693,-0.00063301830333006848,-0.0092273452097555442
2013-07-05,0.010789450739572048,-0.034087960625692637,-0.021948000437012505,0.012408212928136431,-0.0063865713203992147
2013-07-08,0.0057048791044198577,0.0096931829954132187,0.01202477637713506,0.0065033691926124071,0.0013389722936045789
2013-07-09,0.0071974534194867434,0.0010252963491077516,0.0092879306376905113,0.010188578533162351,0.013105273932757733
2013-07-10,0.00036275150473308315,-0.0078209638668647052,0.0027358165656277134,-0.0061496488855239395,-0.0095036878534422442
2013-07-11,0.013620595615961406,0.011730530755513335,0.027201331116488037,0.008044469067101101,0.049040492346077214
2013-07-12,0.00041809150942406781,-0.00083583991238711519,-0.00088538805733218151,0.0056473768852998152,-0.010671204179677485
2013-07-15,0.0038208885235666568,0.005292021481133391,0.00040282810653513579,-0.00085455415967428117,0.010272556000747279
2013-07-16,-0.0037464817676576834,0.0034170168378444554,0.0057174994582687155,-0.0061092219413863003,0.0040671900620212753
2013-07-17,0.0025667567460425644,0.0018407545230287869,-0.012571060152910429,0.0044256893658281005,0.0091139169588068114
2013-07-18,0.0054778246049256296,-0.012493502019138014,0.0055952192921973065,0.010648616842311664,-0.011791223380066995
2013-07-19,0.0017765181618727421,0.015814378268097062,0.008870239941716207,0.013928058975937851,-0.00279273965932747
2013-07-22,0.0019502995862179517,0.0014646931150306131,0.029813729592696125,-0.0032250531742126221,0.0099285655989505006
2013-07-23,-0.0021237643369248493,-0.0042061617127900908,0.0067526420421102351,0.00167705034120047,0.010839488667390373
2013-07-24,-0.0036656035370155049,-0.012672191085689843,-0.017192222970528803,-0.011125340653096893,-0.010224112753145831
2013-07-25,0.0024329663954349989,-0.00037186915803222309,0.0093347566730119791,0.0066536118600653005,0.0057946772223484988
2013-07-26,0.0010661408315155718,0.0061409029344536847,0.00085490488782880014,-0.0025237578623468204,-0.0022545866000590609
2013-07-29,-0.003075632035407061,-0.0073057325805185869,-0.0024071871527582278,-0.0083130947114041787,-0.012553354818286455
2013-07-30,0,-0.00037266417578041278,-0.0027244189319679535,-0.0019434101779313151,-0.0022878303585800452
2013-07-31,0.00071185543476848245,0.0036341085974622711,-0.0012487983048118378,0.0032860124236613331,-0.0058617726412497628
2013-08-01,0.011558660863688619,-0.019268107753068642,-0.010550160079556559,0.016258622030521863,0.018200411169841946
2013-08-02,0.0016986789885842235,0.011010070105598846,-0.0019745675601834378,-0.0044174667196266171,-0.00025154487029410699
2013-08-05,-0.0014617147499061955,-0.0076979707600812741,-0.0052232008461647883,-0.0023983548394439502,-0.006295993240233444
2013-08-06,-0.0056829702735653465,0.0029315155250360103,-0.013762893950199584,-0.006130841365220574,-0.012670999595388421
2013-08-07,-0.0032406352748295397,0.0074536290064426414,0.0014519666322767577,-0.0035074416473734882,-0.010779989625210762
2013-08-08,0.0036648502128568961,0.0027151194312591276,0.021828425704108811,0.0054615348132915909,0.019200628012347565
2013-08-09,-0.0028854039218094707,0.0015877064304326005,0,-0.0030181097746476704,0.0020368300287529895
2013-08-12,-0.0011808555521564124,-0.0068065307301666822,0.017893774724416334,-0.0042370702679201955,0.009400179367062611
2013-08-13,0.0029561353930713796,-0.014455536808724467,-0.010764399957271187,0.0018237318056804064,0.0060410894804467929
2013-08-14,-0.005129381096265706,0.0015233908769982651,0.0098638027031612285,-0.0046126326634028381,0.0032520939771349955
2013-08-15,-0.013986059723743005,-0.013504422375074765,0.020852732103924465,-0.0054868436073338689,-0.01147092657714921
2013-08-16,-0.0033057694339900801,-0.0034703035257535042,0.0067582912381252136,-0.004045662782290349,-0.0085771757495086698
2013-08-19,-0.0063922714422737226,-0.008706451594650777,-0.0042993461785066911,-0.015881153721340135,-0.018829637054848747
2013-08-20,0.0049161636462344838,0.0077093942626487166,0.0033330994600069275,0.0061296778750348224,-0.0018154876010143539
2013-08-21,-0.0061602473338442376,-0.010943178809942888,-0.0028689288998015039,-0.0054703340109149012,-0.023382581087620591
2013-08-22,0.0091150067135699064,0.010183278702164511,0.0056030150173187465,0.014876731099600748,0.016227543819596901
2013-08-23,0.0033727574153912254,0.010855489828239806,0.015736739524963461,0.0071443468273586497,0.011780113195004382
2013-08-26,-0.0037211562992995884,0.0049859204201896379,0.0040771169506490512,-0.0017120175551339489,-0.010866712712373383
2013-08-27,-0.016084671028815944,0.012595014872076149,0.0095976602513661025,-0.0062489975778763363,-0.023018709131636395
2013-08-28,0.0035511097203313469,-0.0081041303332408665,-0.00029245547446299369,0.016644087169397359,0.0021420123986324313
2013-08-29,0.0015864880348781529,0.0079801773999421677,-0.0061444777662679195,-0.010428793692421889,0.0080151243584458687
2013-08-30,-0.0031679501547406952,-0.0011311334818631114,-0.0091999708907171129,-0.00036775816090406366,0.0076861791325533169
2013-09-03,0.0045221525827674469,-0.014104993847520508,0.013370993292570743,0.0073556023849228325,0.0063121959575447306
2013-09-04,0.0082736626369437349,-0.0022063009106759734,-0.012901294021836374,0.005354946235268665,0.017772900745339548
2013-09-05,0.0012666032886683443,-0.013944370065768097,-0.018268280461657072,0.0033887283468794216,0.011813484813884445
2013-09-06,0.00048201435219508149,0.004974155644056566,0.014750355470928067,-0.0001200091546016413,0.014720725736965923
2013-09-09,0.0095762792667744012,0.00048566119241311156,-0.0017889694021170355,0.011220417985388975,0.026263002455300555
2013-09-10,0.0073971297796990854,-0.0069839557657536133,-0.016204899631104497,0.00035820798933983156,0.007555755839415923
2013-09-11,0.0031382600105491765,0.0088883422697676462,-0.00030369320824075174,0.0076337656754525973,0.00072536793784494513
2013-09-12,-0.0026564406413739361,-0.0013543900673230747,-0.030599839579955712,-0.0059185994501040895,-0.011602298708370373
2013-09-13,0.0022493866051573885,0.0038765041741057882,0.0011749160180953844,-0.00035704239146328032,0.0066029983973785455
2013-09-16,0.0057870483524982141,-0.0066630052114617921,-0.010718218978665095,-0.00023830905409949477,0.011175511524805781
2013-09-17,0.004462849714563788,0.0082637862816032914,0.00039543735045155515,0.0045274826435728333,-0.0021618899058613028
2013-09-18,0.011574501747943611,0.012342107299166738,0.043557268828742668,0.012098358872509873,0.041897110099444523
2013-09-19,-0.0016760979937294751,-0.0059053846876404581,-0.0019695062317609535,-0.0024611274902176516,-0.0053152484107967801
2013-09-20,-0.0069916667896599005,0.0052692234114870562,-0.028766610364533873,-0.0081084368754887892,-0.022304696120922451
2013-09-23,-0.0046275262832844444,0.0073395047851079198,-0.0032040953082860257,-0.0048785238081889837,0.0035641999650117828
2013-09-24,-0.0023537157105453232,0.010786213791415644,0.00086241166381562095,0.00095672046611561257,-0.0085246209965146313
2013-09-25,-0.0028908358459623917,0.0020593610726151734,0.0088515556290778008,-0.00023898815011591523,-0.0076426178940843803
2013-09-26,0.003845682926859384,-0.007005410598554751,-0.0077645191609241326,0.0017919232897027904,0.0040914478385849495
2013-09-27,-0.0045964708165392443,0.0024446619548164072,0.0092339016880969016,-0.0034587492130225828,-0.011744811098737484
2013-09-30,-0.0053287919450522025,-0.0015013344678814766,-0.0061255217294288178,-0.0076600652737833785,-0.011399542675202379
2013-10-01,0.0079163708086784634,-0.0030341832066943519,-0.028007462498232272,0.0063927056191435128,0.019872360628020003
2013-10-02,-0.00094490076752784535,0.0015123183648575456,0.019825036466045276,0.0022769620830560555,0.0038488252098081155
2013-10-03,-0.0092205444910663514,-0.0016043147519461121,0.00094445733423453859,-0.0087289555608405234,-0.0038340685501163652
2013-10-04,0.0075761058998686792,-0.00075607493132179293,-0.0051108784739675173,0.010132914299592954,0.012990096535729245
2013-10-07,-0.0086446061272532626,0.0040679902277678259,0.0087726280017412783,-0.0082401954180094661,-0.0085487918972482202
2013-10-08,-0.011646856191410149,0.00028215347225124532,-0.0018802715834939088,-0.010716427129765504,-0.0095810305035468613
2013-10-09,0.00072514922087929534,-0.0080058110528914428,-0.010125595761985129,-0.0035297715833375598,0.0074969150295458586
2013-10-10,0.021558728943373406,0.0016143761194080675,-0.014590468308459559,0.018566220879939754,0.023524059753161408
2013-10-11,0.00644297297309393,-0.00028451642666105226,-0.013438466355977674,0.010792942532199312,0.0044557918124765727
2013-10-14,0.003994294944771104,-0.008059498552706712,0.0018760469803933422,0.0067618559560556069,0.0058368822680119337
2013-10-15,-0.0072542675843929594,-0.00066973592234920165,0.0073272125088528206,-0.0036524191330604694,-0.0097494427918065618
2013-10-16,0.013965907559146951,0.012531678096666887,-0.0015356214034694116,0.015020076253338344,0.0079703357972964461
2013-10-17,0.0066826889797864109,0.0090688910269700607,0.031406809330291274,0.0020972967254178077,0.0062787553033838428
2013-10-18,0.0067544226726992118,0.0021536506506072417,-0.0044733927406627183,0.010930498771641206,0.00092444687320480945
2013-10-21,5.7766919816737428e-05,-0.0031763564460416394,0.0010248709844409287,-0.0044858260147848661,-0.001616200361247766
2013-10-22,0.0057917763984731696,0.011152415209451316,0.018585548264030471,0.0055458781942527846,0.0097132507052088979
2013-10-23,-0.004789439440406551,0.0038922842660771284,-0.00502546710134677,-0.015626951721236626,-0.023362067668607378
2013-10-24,0.0033226195097890709,-0.0038771931282673977,0.0094023733943826571,0.0047860615793939854,-0.0021109438128729119
2013-10-25,0.0045675676318510661,0.0037075042951677517,0.0043111073417685386,0.00604118892673422,0.0047003290847824619
2013-10-28,0.0015914014599953674,-0.003416548209703163,0.00076644825678928719,0.00080808381345853775,0.0058481605631026667
2013-10-29,0.0053341731677003512,0.0012968636833410319,-0.0060508065326692062,0.0070381086782624891,0.0032558206209571949
2013-10-30,-0.004966845655947294,-0.0060148999496006939,-0.0013099958645943488,-0.0067598475793965163,-0.0055632769611514421
2013-10-31,-0.0028369124948213198,0.0021412111916969678,-0.014351914754235806,-0.0034606733558015801,-0.010256498436191919
2013-11-01,0.0023896525373685584,-0.010824331584725178,-0.0061844444084760974,-0.0035883008184848242,0.00047098156222613596
2013-11-04,0.0035182260205799398,0.0009422622831760652,-0.0011027915952256384,0.012430170623712211,0.0061203537145306797
2013-11-05,-0.0031669640268909838,-0.011949048514663496,-0.0019714533933690159,-0.0090647762780101671,-0.020121662457019851
2013-11-06,0.0051062945691597861,0.00047611928690738381,0.005056885287565871,0.0030104459875779366,0.0031043813857760671
2013-11-07,-0.012643219925953186,0.0084702024164344802,-0.0081760480431142257,-0.015469891628247745,-0.018091234496363184
2013-11-08,0.013490659775380776,-0.024064818437966484,-0.014901750382376844,0.014892377398732171,-0.0021816483948076115
2013-11-11,0.0001695046863721128,-0.0037712724328243796,-0.0032989703632274603,0.0018486733194145177,-0.005101990712984894
2013-11-12,-0.0020302942282062197,0.0046588181180913235,-0.01146367778198043,-0.0092260979100379226,-0.0053726989900509947
2013-11-13,0.0080243779980797569,0.0036717317382650716,0.0032666519873250088,0.0087300910606489257,0.001718391032734079
2013-11-14,0.0049897363488451418,0.0061606142064489777,0.011558796797579429,0.0060002603730300308,0.016176806130147714
2013-11-15,0.0043507327080054559,0.0020092249834415821,0.00040237429072620401,0.005506012886395073,0.019054625123220648
2013-11-18,-0.0034990371600480685,0.0060154837393138205,-0.011422121721614165,-0.007643350883098643,0.0089941458317923662
2013-11-19,-0.0021740231724126646,-0.0075931162119837747,0.00040679757316963716,0.0017243695641824264,-0.0060989962277353538
2013-11-20,-0.0031275183217742697,-0.017022613328418923,-0.023017440194418981,-0.0024096519560583562,-0.01368890982346882
2013-11-21,0.0080687396736216499,0.0016531466350333535,-0.0014985040048286491,0.0095478450481545352,-0.00095700478720017745
2013-11-22,0.0050017161461619608,0.0093247195517294212,-0.00016678565994454608,0.0053551888961147487,0.0071852888038694829
2013-11-25,-0.00099523902283715771,0.0028876531596231381,0.0045030097045746231,-0.0090670860486289362,-0.012841576163343138
2013-11-26,0.000276550151132815,0.0037422156681996555,-0.0053129619335264833,-0.0025163147163748123,0.0033724448240968208
2013-11-27,0.0024355466774685919,-0.0017209947437542006,-0.0030045118616964794,-0.0067654149657107032,0.0064826339735559735
2013-11-29,-0.00066211290232531805,0.00028718714399778023,0.010380025726374864,-0.0020777142763249712,0.01025775151345143
2013-12-02,-0.0025970599364900648,-0.0077777174474746857,-0.025849173124050662,0.00069382412779073199,-0.021015563852082475
2013-12-03,-0.0043203687307635796,0.0036769980246937894,0.0032318187404347665,0.0024279773574125141,-0.0033765129384656367
2013-12-04,-0.00011156190031524904,-0.009545106245026691,0.016954900097682968,-0.0032292969962719464,-0.0012103061641731694
2013-12-05,-0.0043955446540241416,-0.0028232746138547871,-0.013837913015870562,-0.0033551732976216941,-0.0058154197535368324
2013-12-06,0.011177275406046849,0.0047834330907639,0.0021132712895250982,0.0031346493343409332,0.022178947335367072
2013-12-09,0.0025419318284212178,0.0023325487815264445,0.0098692377800657649,0.0013884138018385173,0.0014305841421404786
2013-12-10,-0.0035830231261783085,0.0071726785537609139,0.01754091590969642,-0.0030049570731559561,0.00047626036368542124
2013-12-11,-0.011230977017370636,-0.0076999700254957171,-0.0078804719001607237,-0.014141417732932871,-0.022132197874646264
2013-12-12,-0.003301302498290748,-0.0037818693884466015,-0.021264270079807579,0.0042330014702689489,-0.0058409555105772837
2013-12-13,-0.00011215130114117233,0.0048674254159359887,0.0092146109515123253,-0.0032783051275260267,0.0024481539835485844
2013-12-16,0.0062319527784746587,-0.0036816970370535662,0.0025967933918629171,0.0086928310123337571,0.0065936323430433319
2013-12-17,-0.0031807289917256121,0.0044733217983858875,-0.0086891210152365561,-0.0057068176463183073,-0.0087340440977602407
2013-12-18,0.017072534502219794,-0.0050334974669760113,-0.0087652836253905297,0.015109175031053246,0.019904104716546467
2013-12-19,-0.001155442020405073,-0.00097444601883456272,-0.023722480240186083,0.0028842294084656661,-0.018401637436202822
2013-12-20,0.0058167590479296649,0.015389553624798324,0.0097544221351579807,0.0017686711653595033,-0.001480316971868012
2013-12-23,0.0053429805111449014,-0.0056591775355174789,-0.0031913294703355133,0.0010388687694911081,0.0074111971246821895
2013-12-24,0.002191168628771667,-0.0080070723733572935,0.0045859546655395711,0.0055318569702791365,0.0058854385125650666
2013-12-26,0.0050836683871333666,-0.0038536872712927606,0.0055124840487494886,0.0071068370399949288,-0.008532854823549485
2013-12-27,-5.4290790694189184e-05,-0.0028404371080398283,0.0032551386822530226,0.0048944280583294031,0.015490634431714279
2013-12-30,-0.00016329097909539847,0.006875304380742131,-0.014771203179331227,-0.0071356049194183369,0.0043584420786768607
2013-12-31,0.0047328306688001476,-0.0063405341388147463,0.0063264005615297769,0.0096965967417668164,0.007714542958265902
2014-01-02,-0.0095838252782849409,0.003043888674599815,0.0161901240867246,-0.014235668227334686,-0.038516704527615242
2014-01-03,-0.00016360643355273208,0,0.010932211148536819,-0.0036675443773709349,-0.001741890044763883
2014-01-06,-0.0028982334307477986,0.004208214836630253,0.0017604081051298959,0.0013803830090453051,-0.0094711818917726509
2014-01-07,0.0061417394234750677,0.002534645510720912,-0.0056903791228098966,0.007581886499683721,0.0042778456395893283
2014-01-08,0.00021792089912753276,-0.0027229775000523482,-0.0058912384282111541,-0.0069549227740964836,-0.0032577946777602174
2014-01-09,0.00065392813563769359,0.0058491410582230952,0.0028783976463331307,-0.0030998880307767651,-0.0052787752063341298
2014-01-10,0.0027230225293679577,0.01192056332235758,0.015195028411862932,0.0008065670266763636,0.017690054418720402
2014-01-13,-0.013305052319636634,0.0049806858392416054,0.0063195949886565295,-0.019908377447141024,-0.011919639312832242
2014-01-14,0.010897553111694158,-0.0045746191126937452,-0.0093372771836274238,0.013033208825153464,0.010807021597306177
2014-01-15,0.0053900895976142227,-0.00105294452582394,-0.0019183895963796882,-0.0028978458555496411,-0.00024868246535891814
2014-01-16,-0.0012996798889352013,0.0067089080943409929,0.0010863885127820883,0.0013944690838978424,-0.0054713166351486597
2014-01-17,-0.0042296863586002154,0.0041892592625585312,0.0095166489768401252,-0.0016250167810661909,-0.0050014415135234414
2014-01-21,0.0029405484524891445,0.0007581683354449531,-0.010171201139746899,0.0082550267528354038,-0.0015079682082096424
2014-01-22,0.00065168703397433525,-0.0024628503240697874,-0.0042606058466021501,0.0046128897560893112,0.013340271834127337
2014-01-23,-0.0081932577100224391,0.014150010028029847,0.021813897314074238,-0.011364040984031654,-0.0245901313119542
2014-01-24,-0.021335786118102273,0.0064612527082783533,0.0041054273441281097,-0.020898214796302161,-0.026228652425695498
2014-01-27,-0.0049191660284861882,-0.0069777675780208215,-0.010875801955168796,-0.0035576079632025914,-0.0039226621306234222
2014-01-28,0.0059547375617803322,0.002434933450419452,-8.2689618933318165e-05,0.0076162392664889111,0.0063006867997068561
2014-01-29,-0.0096054698001117877,0.0082253080079421892,0.012567212160504493,-0.0055506361768720147,-0.014349086579112491
2014-01-30,0.01060076112494257,-0.0028735930726324632,-0.022046252557563428,0.0032061449140659004,0.0092641692810784271
2014-01-31,-0.0058585111550982782,0.0066938915066188098,0.0026717851197564091,-0.012904102155975372,0.0015737493771286193
2014-02-03,-0.022505303277499,0.012185390855259381,0.010242346527122859,-0.017869807404716664,-0.028279503933403283
2014-02-04,0.0070047354252020799,-0.010612111423596082,-0.0027200942291856212,0.010257606407380049,0.020210332044569013
2014-02-05,-0.001254117842620972,-0.0092452200319020905,0.0024795690309509233,-0.0097909698897911124,-0.0036979811248949446
2014-02-06,0.013187084224516088,-0.0042923909943544114,-0.00041226029664753749,0.014892832121061739,0.020943688598134891
2014-02-07,0.01239550850247273,0.00084289425496408832,0.007670738383060538,0.010824927740904489,0.0057125196028984249
2014-02-10,0.0018366292978326815,0.0028094831973697332,0.0061389867499452855,-0.0048784298053605735,-0.01110254085420348
2014-02-11,0.010943807822386464,-0.0057891876318021396,0.011714956580352931,0.013033492424693316,0.021671523256558078
2014-02-12,0.00049428590589695176,-0.0051660440625914683,0.00056287949887967592,-0.0023606051181401799,0.00025548174047762551
2014-02-13,0.0051633358159550724,0.0056647076296294507,0.0085188262958613148,0.0047323815203181852,0.0010217938770404889
2014-02-14,0.0055190249369283517,0.00056311693117461203,0.01322817507664209,0.013071363402598513,0.012250863682790492
2014-02-18,0.0011950983466562093,0.0022520146549986908,0.0019661816515914587,0.0045331247095152793,-0.0093294095864391302
2014-02-19,-0.0066217759386966168,-0.0042128872531966843,-0.0088697399472398297,0.0012730013416117902,-0.006871641298769382
2014-02-20,0.0059013275234203189,-0.0024440909726267668,0.010532999654813135,0.0065872536951505634,0.0035879193263215203
2014-02-21,-0.0011410752194043194,0.0052777702489508194,-0.00015671350552926011,-0.007921764703944123,0.0068948343405508261
2014-02-24,0.0055471020255664083,-0.0025314286929368768,0.011051917556613278,0.015044576798666442,0
2014-02-25,-0.00037879412890484687,0.0089285386429722724,0.001705567961347132,-0.00045636067573129324,-0.011412384400676601
2014-02-26,5.4206732863493201e-05,0.0053104228674929477,-0.0085133197613058709,-0.0062731401446143309,0.00076939460161051798
2014-02-27,0.0052475793981157093,0.0054666025879475111,0.00070249268177247082,0.001032521157186217,0.018969521472543827
2014-02-28,0.0025293131224779497,0.00055278960719529202,-0.0045241358460742509,0.0050458098590291378,-0.0067924953268685417
2014-03-03,-0.0070321606831074135,0.0066747928259220934,0.02092141108046075,-0.0063892426082712284,-0.017730509496743263
2014-03-04,0.01405518568909514,-0.01504118887701722,-0.012357054979777349,0.010907927750351654,0.017019017274674475
2014-03-05,0.00090634723189597644,0.0021420063402257661,0.0016320075055982208,-0.0093139156843191628,0.00076080205612716334
2014-03-06,0.0022905497219019022,-0.0098497533110164515,0.0099309394472668622,0.0072232157228231397,0.014188114415027098
2014-03-07,0.00042485602935249389,-0.0062881119824647058,-0.0082968567738087584,0.0019354173662489149,-0.012740689186050203
2014-03-10,-0.00053081949386069027,0.0014173904597343245,0.0003099275393667611,0.0015903535386996293,-0.0068317737790897226
2014-03-11,-0.0049427664658203696,0.0026402537829088857,0.0056531843873277587,-0.011342887593681628,-0.011210210275721
2014-03-12,0.00026717155652988822,0.0069605299106256791,0.014631094159512248,0.00011440727364031567,0.0020613514282925571
2014-03-13,-0.011213280511319867,0.01345046602555966,0.0034153933347949028,-0.0099804549161864875,-0.017999624680568038
2014-03-14,-0.0028079811389588594,0.00018419962369797815,0.0067317097379369084,0.00092713876613204071,0.0054990091346840408
2014-03-17,0.0090434996525143863,-0.007464596987384331,-0.010969246032428437,0.0053248904217786386,0.012239889631574963
2014-03-18,0.0071381996324617614,0.003620953767102586,-0.007748437231769989,0.0084070521411903076,0.01389183387382209
2014-03-19,-0.0053285764810400149,-0.0077704234763615876,-0.019369153834579822,-0.0075370026903820442,-0.021314354262645274
2014-03-20,0.0058388133167885936,-0.0017719439946591864,-0.0017955791561766743,0.0039120673989372357,0.0044077429680355884
2014-03-21,-0.0038781051173132353,0.010834364799619189,0.0047708478604697735,0.0027295746095041817,0.0061952932367494995
2014-03-24,-0.0041355970709737733,0.0071149831981083267,-0.017825180149202868,-0.0020674504938401617,0.0097483625556411546
2014-03-25,0.0047458509449684882,-0.0037614529637607363,0.0018228194355469629,0.0089778157823710014,0.011432744148650587
2014-03-26,-0.0071923374326727796,0.0078277790893921395,-0.0079107663241033688,-0.0046770948857861594,0.0022607531047307283
2014-03-27,-0.0021082610338781782,0.0050250475809563433,-0.0065386117556306411,0.0081376448376464516,0.013032693298622888
2014-03-28,0.004930244436789355,-0.0056361834710602077,-0.00024077999982852205,0.012505058574458161,0.0079172257822828218
2014-03-31,0.0081941816548953827,-0.0024689923290184268,-0.0076268221488628996,0,0.0066270026899595269
2014-04-01,0.0066307896205497485,-0.0085456659146356806,-0.0017798011456744423,0.0059514460471228325,0.011704679325974077
2014-04-02,0.0033468954932105444,-0.0057473502005146448,0.0075370800695035989,0.0035719069851356533,0.0019280800553900246
2014-04-03,-0.0013241267246258959,0.0043809822746336824,-0.0032175154992021282,0.0064506545137414939,-0.0038487394330408708
2014-04-04,-0.011822301941724844,0.006683180423720847,0.0133150544727203,-0.0036467112648902456,-0.0026567151798424504
2014-04-07,-0.011050734715470689,0.0059933401800014163,-0.0052560009103993499,-0.01674820798265575,0.0043584420786768607
2014-04-08,0.0041221922555882973,0.0023831130033409309,0.0094467427842945817,0.01003950451049751,0.011571995510120781
2014-04-09,0.010751602169446262,-0.0049380485362985338,0.0018241205774742753,0.0045790985578775256,0.0076262318796218587
2014-04-10,-0.021006669644672793,0.0092814333528112858,0.0054623372630875355,-0.013896391168546018,-0.010643159844111572
2014-04-11,-0.0090081927748340007,0.0081022523854616946,-0.00062988606967251393,-0.0028188280753276285,0
2014-04-14,0.0078784050214850687,-0.0026190680755827644,0.0072480750550174555,0.013680562053424605,-0.0021516986448787412
2014-04-15,0.006887367177695447,0.0062475720318801997,-0.018459136789346631,0.013383427348846455,-0.015093469323611552
2014-04-16,0.010477873230651857,0.0012598303694038027,0.0003984624480757315,0.011996658254341819,0.012649096582277419
2014-04-17,0.0013965799456641115,-0.010964250599740932,-0.0062928222858538163,0.0091353806352425515,0.0091280018547201802
2014-04-21,0.0034875362855379954,-0.00081767769525775691,-0.0040881934767973416,0.006789592570091818,-0.0061891732496508478
2014-04-22,0.0045446971916172085,0.0033644239007164511,-0.0037025039631524148,-0.0016057669454366819,-0.0026344207632486016
2014-04-23,-0.0023420561652373051,0.0057106877832722169,-0.00016154987286809419,0.0052535380335554382,-0.0072047345810966057
2014-04-24,0.0020270512915800953,0.001892494147875956,0.0064640870115910687,0.00032009253713871644,0.00096753799794124795
2014-04-25,-0.008198520702350387,0.0014383024398298971,0.0069846079289843654,-0.0059710323105138796,-0.013533285870410472
2014-04-28,0.0031669083393273123,-0.0048494691637352982,-0.004384940209038013,0.0017163222355400798,0.0048998697338391572
2014-04-29,0.0046552467498508499,-0.0013543431479593471,-0.00016012686984467894,0.0046043915738820385,0.0095075743704300386
2014-04-30,0.0029828863797634053,0.0041580406826635663,-0.0051257359163858762,-0.00085273191574908314,-0.001931925648734345
2014-05-01,0.00010644598657805204,0.010727921531783702,-0.003381083278200081,-0.0022404775329297744,0.0012096544588631186
2014-05-02,-0.0014341298409225045,0.0061594445056167846,0.01017766135521958,0.0020315670567530031,0.0055580869517761755
2014-05-05,0.0019146867129635758,-0.0060329465153164952,0.0092755772009820436,0.0046949008219949739,-0.0055273653744108975
2014-05-06,-0.0087041673798728958,0.0040165029519421136,-0.001901424983746236,0.001486989327389443,0.0045915446821751527
2014-05-07,0.0058894358188530394,-0.0035557614886331246,-0.014367400696601584,0.0086957855326532663,0.0052924383086891957
2014-05-08,-0.0010647003045294312,-0.004283158870756254,0,-0.01429799798514475,-0.0023931578666422926
2014-05-09,0.0014920492478158742,-0.0032256806536575811,-0.00056374080580223751,-0.0009599535655191449,-0.0016792171564323777
2014-05-12,0.009736145906813265,-0.0040452218068948165,0.0067687669428966313,0.0070456236387941296,0.016818912832741173
2014-05-13,0.00089570978133646229,0.0086647022189250134,-0.002721337927335199,0.0037111618292275939,0.0037812421613587777
2014-05-14,-0.0047380977011539649,0.010828066677354142,0.009711068212604923,0.00042223634311877589,0.0070616777298713185
2014-05-15,-0.0087801339489388397,0.0079673482248534544,-0.0082664409483275136,-0.011402369786821853,-0.0093500540229765061
2014-05-16,0.0034686392129932297,-0.0028107374940725682,-0.0021639548796237307,-0.0025626597931066586,0.013213836400705947
2014-05-19,0.0036695365052623607,-0.0073979862919080208,0.00064258498839109279,0.0031048093544392419,0
2014-05-20,-0.0063053445064510383,0.0022181678904378277,0.00088297165463790961,-0.0028816881240476544,-0.0081507384606127609
2014-05-21,0.0084242132243750323,-0.0061088262052249043,-0.0024059912253092675,0.010811201432656015,0.007747913297580622
2014-05-22,0.0024324879260460008,-0.0014256868524937794,0.0022509750033825604,-0.00095288514484359599,0.0069901042355720033
2014-05-23,0.0040088355990692826,0.0053528296184395252,-0.0012833563412588678,-0.0020137368751073081,-0.001851134836717172
2014-05-27,0.0061465116950298881,0.0058559785245102525,-0.021363774929495039,0.0027613089652636091,-0.0085768832023830344
2014-05-28,-0.00073145813354325018,0.012350505571055326,-0.0053344401642889672,0.0016946768930838907,0.0058452817332603768
2014-05-29,0.0051731398437877552,-0.0053155838684556533,-0.0021451692523306587,0.0085653253521202899,0.0027894954069815903
2014-05-30,0.00161172835276302,-0.00043797939090384208,-0.0042169846695476743,-0.0007341118116698242,-0.013676654730018667
2014-06-02,0.0011415271823604911,-0.007433428363288086,-0.0060616404142134206,-0.0012591651282537475,0.0030555495735116178
2014-06-03,-0.00051869085383549063,-0.01230588941421662,0.0025898512605837531,0.0034667824558898275,0.0056229643327516676
2014-06-04,0.0020231271776918192,-0.000268210299602889,-0.0020831596996074841,-0.00052342451955056379,-0.0055915233961294497
2014-06-05,0.0065221417184901931,0.00044832517697468433,0.0075150426672097037,0.0057610668889436223,0.010543175444981179
2014-06-06,0.0047828849497222325,0,-0.00041441281485321557,0.0082273963032153397,0.0099701816361417173
2014-06-09,0.0010230620843210136,-0.0014339206386743131,0.00033165504788090772,0.0015494122213568495,0.0036732578779914427
2014-06-10,0.00010268101963872844,-0.0036796257118667519,0.0061334260622516457,-0.0016504211785856038,0.0052604893396952512
2014-06-11,-0.0034768000670282184,0.0018008296185032524,0.00016479341429698202,0.0038223630365423755,-0.0034128009143640226
2014-06-12,-0.007079350270890461,0.0089019808296091352,0.010130925709896266,0.0032931465768215595,-0.0047947404985748676
2014-06-13,0.0030483728641335084,-0.00053518017253695316,0.0026092604078342685,0.0095396649785741694,0.00045856847603631401
2014-06-16,0.00082391290825212238,0.0024966412371858482,-0.0043916795669164399,0.0059948253982484712,-0.0045856496195351149
2014-06-17,0.0027796956560426356,-0.0079153781622950392,-0.001143599017664032,-0.00070695172469159573,0.00023035026851903062
2014-06-18,0.0073394898044034651,0.0077096710117796619,0.0031893964143092646,0.007579972952357128,0.011054843143606607
2014-06-19,0.0011210869441429239,-0.012811145819223269,0.034808872064872265,0.0071224810737666733,-0.0056950492194600688
2014-06-20,0.0020303745948078156,0.0075701506990255574,-0.0034662236721584305,0.009946164810124225,-0.0020616394874855004
2014-06-23,-0.00030648678616218561,-0.0031304988317693017,0.0027667863566884776,0.0035666714428435053,-0.0020660135766278342
2014-06-24,-0.0060244355717887776,0.010139332182724337,0.0010248709844409287,-0.02102844868397602,-0.0004602950057877031
2014-06-25,0.0045200007974555145,0.0025753871479552437,7.8709297304468961e-05,0.0075631539180782692,0.0021107722100404125
2014-06-26,-0.00071562550153425608,0.004785127170566339,-0.0020473620852790031,0.0011011999750096813,0.001157697434447158
2014-06-27,0.0019443623803356846,-0.0014993039250592588,-0.00055235297853706289,0,0.0023117985117007134
2014-06-30,-0.00051080675541936849,0.0024719441643492601,0.010895228044559557,0.00079992578856002972,-0.0027678513923259374
2014-07-01,0.0066932720687615799,-0.0083720732125743824,-0.0026553917191390886,0.00059928354256699734,0.0094841842158186473
2014-07-02,0.0010151502508561894,-0.01068755319556125,0,-0.0014974323175327431,0.005958030249266999
2014-07-03,0.0049181734736929439,-0.0036011644520831387,-0.0042286084497846765,0.0037994825847875724,0.0059221765435999441
2014-07-07,-0.0034815841457375152,0.0073183144840829328,-0.001101030316222662,-0.0076699751357220958,-0.0006793829821031272
2014-07-08,-0.0064300381631750003,0.011211908306455465,0.00039366283324926421,-0.0016063359226851093,-0.0045318487445947797
2014-07-09,0.0044843386213901937,0.00079803460095506651,0.0060596257567928635,0.0066359984397905691,0.0056908260450794224
2014-07-10,-0.0039570703592254342,0.00026567276998479272,0.0054755707782723206,-0.0095883735873011355,-0.0054321529072104413
2014-07-11,0.001375145695774016,0.0063800555817961069,0.0018671659071103353,-0.0076646522939517459,-0.0011379738773659165
2014-07-14,0.005035150089672813,-0.0043140325041401972,-0.023761434909142731,0.0086383086435826151,0.0077463591455506631
2014-07-15,-0.0018720163028423942,-0.002034352284768004,-0.0094654981693580442,-0.0043324402586154553,-0.00067785850178336826
2014-07-16,0.0037010960887469135,0.0053169820372382937,0.0035333047917720517,0.015179332575025795,0.0024883660261776352
2014-07-17,-0.011365799207513461,0.012603267963114062,0.016964032139549223,-0.01614860554036146,-0.018731622391481184
2014-07-18,0.010219112432072741,-0.0032205537841343279,-0.0075536951147621156,0.0029381133261776604,0.015639268049897126
2014-07-21,-0.0018716348634727487,0.0049776893021604707,0.0016649416399394656,0.0015153144521893314,0.0033968024112640549
2014-07-22,0.004358346733301488,0.0020849491534071785,-0.0047490778178940207,0.007162022666042045,0.0092529079590839558
2014-07-23,0.0022195251931598214,-0.0013004981479400879,-0.00095431143014257369,0.0064092697350499606,0.000894389596597156
2014-07-24,5.054342163735015e-05,-0.0074660848628851362,-0.010109888908559905,0.00089573763229622294,0.0044681738757503808
2014-07-25,-0.0046815122165636547,0.011808352206134964,0.011580236904513708,-0.0073573337185209864,-0.0040033246489660224
2014-07-28,0.00040462417379782956,-0.0013826572183082142,-0.0016694417914320248,-0.0024041036238693358,0.0069226474935841775
2014-07-29,-0.0042972632920048603,0.0036354398744933292,-0.003025998385664419,-0.0025097327445550155,-0.0059877831418992944
2014-07-30,0.00015255232355193549,-0.013887083644025466,-0.0029552326374293614,-0.0059389627173506154,-0.0049086651323831942
2014-07-31,-0.019748344112369032,-0.0029743060530648124,-0.011535707925047989,-0.021567272644426705,-0.017489024803743036
2014-08-01,-0.0030557900591625664,0.0077406380394193786,0.0080233233541338045,-0.0080717038002555697,0.0054772355515124715
2014-08-04,0.0072207324713966514,-0.002618491059071637,-0.0031355475016922041,0.016796508484863137,0.0093054092878195327
2014-08-05,-0.0096961620268992688,0.003238767848140478,-0.00096778062146063437,-0.021854645475945622,-0.015290881328711592
2014-08-06,0.00031256560378811749,0.00061030307212295298,0.014531326248904408,0.0029369088978334901,-0.0068513447314042519
2014-08-07,-0.0054147506630227715,0.0093289130044800217,0.0040582648496965135,-0.0062752183816484619,-0.0039086903791065719
2014-08-08,0.011569061613285525,-0.0021606837000780477,7.9268792251285802e-05,0.016734738232325741,0.0090025465987666475
2014-08-11,0.0028975505731412277,-8.5311686988664981e-05,-0.0018226749543046594,0.00010381253734870199,0.012811809282336162
2014-08-12,-0.0013931689847150874,-0.0064936801503020503,0.00023816115842256735,-0.007349515305876464,0.0011294914539075052
2014-08-13,0.0067694011343149008,0.0065361236466865424,0.0016667917138923904,0.0032329756961715361,0.0054151060036509158
2014-08-14,0.0047221012478964042,0.0080507975426287182,0.00087163718709648563,-0.0057173672700590039,0.0015712198633051067
2014-08-15,-0.00020476658087376087,0.010906954857884177,-0.006571088731714414,0.0074227611361334933,-0.0026891352723648065
2014-08-18,0.0083797005009131897,-0.0099395922186444885,-0.0041441206451179324,0.0026977217327930347,0.009660804257071165
2014-08-19,0.0052185522890617619,-0.0030894631823836782,-0.0022407072771151171,0.007658272626343221,0.0046729178591886633
2014-08-20,0.00267164083635274,-0.0016350817968713294,-0.003689437627099168,0.002156486797512791,-0.0019931284711811603
2014-08-21,0.0029155700522041084,0.0056038805651874579,-0.010787344663637177,0.00081986611146933619,-0.0042167069399702273
2014-08-22,-0.0015537304497492688,0.0055721938865047616,0.0025228287346796829,-0.0066556842045220055,-0.0026746413946621139
2014-08-25,0.0050703639475762063,0.0037522928957414159,-0.0036529309904896889,0.0088648312438694976,0.0073744619608007156
2014-08-26,0.00064952073609858552,-0.0032281969145643297,0.0049698600372196644,0.005108872307918455,0.0059894414178320865
2014-08-27,-0.00039953877445086938,0.0085221833447159945,-0.00024320048372894476,-0.0020330510836595872,0.0050714883216096407
2014-08-28,-0.00054917768260442923,0.0052383427906494973,0.0055141121217852085,0.00020424298001775476,-0.0098724993811839523
2014-08-29,0.0028479128918899033,0.00067276394934001615,-0.0011290273358744995,0.005601213208120237,-0.0015510445002262507
2014-09-02,-0.00049817581924493926,-0.01725115041787828,-0.017842718178446071,-0.012659730560279248,-0.0015537847331746901
2014-09-03,-0.00054847118772760606,0.0055685623587440336,0.0041101520240722778,0.0026667917423262022,0.0131140419553053
2014-09-04,-0.0014462045507322996,-0.012182522971642684,-0.0054850442945214573,-0.013503738701044266,-0.0026323249857026498
2014-09-05,0.0044951520010305668,-0.0018975539755737847,0.0047744006061312128,0.0067409559473501357,0.0085787554690235357
2014-09-08,-0.0025853062443297326,0.00043218688313739761,-0.010896233231708075,-0.015554692444367024,-0.011777601114904779
2014-09-09,-0.0063319555686711659,-0.00077732398825147708,0.0011596072704027627,-0.0043943339078611476,-0.012359502269190803
2014-09-10,0.0037633121491176258,-0.0063104498712117651,-0.0050467493711445766,-0.0024173358604286932,-0.0042456971296138679
2014-09-11,0.0011494321489913251,-0.0033054157387549798,-0.0065691077789308272,0.00063217900077350286,-0.0067322863439777114
2014-09-12,-0.0058410909108864706,-0.010472776728039812,-0.0091236624771731112,-0.01495052524440621,-0.010618942766137729
2014-09-15,-0.0007532864911216075,0.0014991395326613421,0.0021963350419234029,0.0070541473055318882,-0.0050240093736733105
2014-09-16,0.0075383560216484291,-0.0040510473478426734,0.0016015040659451696,0.012099420154804363,0.013082156714962823
2014-09-17,0.0013467480660509512,-0.0025639751355991391,-0.010855852020951628,-0.0054528435275565945,-0.0092883190996703169
2014-09-18,0.0053299208552861632,0.0031915332141823072,0.0020418399004609178,-0.0051667347358910209,0.001372012646100762
2014-09-19,-0.00090080935066361167,0.012724953479024359,-0.0058584008198133697,-0.00082036778914373887,-0.0075365813093327683
2014-09-22,-0.0077230150513045714,0.0012215904834500524,-0.0020496871746152889,-0.014713366299027641,-0.015186025034399142
2014-09-23,-0.0057244628331963865,0.0061874974091347124,0.0064184853212994053,-0.0029221245822013131,-0.0056075341301038417
2014-09-24,0.0078280287669363346,-0.0055430106161132864,-0.0046768318834996547,0.00086846338928525668,0.014333097736225042
2014-09-25,-0.01613555526949384,0.011845968596590595,0.0029047102009922554,-0.015289780364623473,-0.021774577300071596
2014-09-26,0.0079454135848644469,-0.0014635023607261211,-0.0028111579586888036,0.012884434100731479,0.0044990501103410185
2014-09-29,-0.001819182871335423,0.0080172987205695545,-0.0002562684087009659,-0.0022837302602372045,-0.0202736831873217
2014-09-30,-0.0026321005689594612,-0.0056445868458662174,-0.007006747871292629,-0.012530974170869236,0
2014-10-01,-0.013552172839087162,0.019391381051969914,0.0048188414336591823,-0.02041474802790666,-0.020452104178137254
2014-10-02,0.00015425618033027,-0.0087113951854957961,-0.00025690485706331145,-0.0051821883425301474,0.0054038684483495025
2014-10-03,0.01100955514562818,0.0042658552673560113,-0.018245650954213488,-0.0015851458687846653,0.0085514460754028132
2014-10-06,-0.0011702334795850033,0.00059454010090731479,0.012389827775788786,0.0011340836744502258,0.01308128768284389
2014-10-07,-0.01543667747679478,0.013500362040259395,0.0028441078559553468,-0.013027904130997525,-0.0088474828315888709
2014-10-08,0.017489759891722967,0.00025187055778452816,0.0095393658003539716,0.0097565463536104513,0.014957774978910043
2014-10-09,-0.019833272909908439,-0.0043558357372777134,0.0014471624004321892,-0.0367171820087977,-0.015688359806916519
2014-10-10,-0.01141422408978654,0.0099271612020415123,-0.00042505144523330429,-0.014042968680653467,-0.021733810015116206
2014-10-13,-0.016427373757067709,0.006080683276685539,0.0079088386269139388,-0.030879481370428508,0.010121237540224426
2014-10-14,0.0015471548209384789,0.0065410458909012092,0.00059061505911972567,-0.012597947226346218,0.0058650410458176427
2014-10-15,-0.0067658918300446125,0.0078961829923520632,0.0033729786510761084,0.0076300997258309522,-0.0126337947249755
2014-10-16,-0.00085804855925153412,-0.0063654949507017111,0.001932963787401043,0.017874985723839165,-0.0091042525018312226
2014-10-17,0.011810792775033718,-0.0055849344649645527,-0.0019292346466915911,0.0085364300072325872,0.011174718167801023
2014-10-20,0.0097098956532639669,0.0036340151834668433,0.0068073384530660253,0.0087063299196541433,0.0029468018900231652
2014-10-21,0.019810586117548379,-0.0079829048066047958,0.0018363404482848456,0.030448269882365819,0.0041626186879129001
2014-10-22,-0.007110616642989176,0.0010785478673682736,-0.0056657250807802262,-0.018962075988030014,-0.006583434344217487
2014-10-23,0.011624536437990995,-0.0088674295262614056,-0.0068711221718369409,0.018617022984587672,-0.00024571551106911116
2014-10-24,0.0076953884747554824,0.0010033255617110104,-0.0014343416618317617,-0.0034925800974002774,0.0071202437560267118
2014-10-27,-0.0013745502995481385,0.001837142208224396,-0.0024503668717051896,-0.02102787133004147,-0.0078011108526068185
2014-10-28,0.011470226149960405,-0.0062518587188314934,0.00033881853595230105,0.022792610958273007,0.020147054228214945
2014-10-29,-0.0015122137496769161,0.0022641751933223375,-0.0143098631147065,0.0032666718105156534,0.0014454009656545974
2014-10-30,0.0064107408365148277,0.00083744098552296364,-0.010480209452138567,-0.0036051587682026653,0.0093793358063640753
2014-10-31,0.011435439381280554,-0.0025922576433963229,-0.021963701064975805,0.020308373880504771,0.0042886444375105359
2014-11-03,0.00054537956842892754,1.784166203666615e-07,-0.0045269138971455458,-0.015786095025772107,-0.0083034007888637129
2014-11-04,-0.0034694335968066259,0.0031095335119877276,0.00062416133635156967,-0.020571762435284691,0.00095686830825059133
2014-11-05,0.0063168291825148604,-0.0014241531717911204,-0.021653896620413504,0.017562248812734715,-0.0088430159403568576
2014-11-06,0.0040029295146581934,-0.0064615570131280053,0.00081971342690723148,0.012594990845384624,-0.012298499852919753
2014-11-07,0.00093463609401478465,0.01148681396725304,0.02812162399457141,0.011056455206529314,0.0063479251214701993
2014-11-10,0.003147865932335181,-0.0091856227439606197,-0.022218306710706459,-0.0089990473096865919,0.0026685042437726292
2014-11-11,0.000980461881596284,0.00067403043726832479,0.014303837082656479,0.0029886037564734735,-0.00096768976374628224
2014-11-12,-0.0010772060435616515,-0.00084205991397956481,-0.0048197153794605763,-0.008824690984448047,-0.0019376151451623302
2014-11-13,0.0011276368939987513,0.0023601305313294407,0.0015246472551149193,-0.013296307848175148,-0.0026692725286022734
2014-11-14,0.00024479510213315514,0.0048778215300631089,0.025073906131185764,0.010195068372681915,0.0082721483688750208
2014-11-17,0.00063634787793387382,-0.0025104670141846697,-0.0036690675676288587,-0.0052200655561945863,-0.010617054914096036
2014-11-18,0.0057738407124527935,0.0027683124913022716,0.0087680839389909782,0.00081659551101220806,0.0053655840703288327
2014-11-19,-0.0016051751649770463,-0.0063590773011599211,-0.011907889702234109,0.0052426152025044637,-0.00048534693959945141
2014-11-20,0.0017542035127697808,0.0052206871605267047,0.010380016731246,0.012517339958028506,-0.0016988156643622521
2014-11-21,0.0053503437932000963,0.0060318484156507424,0.0046143024245213216,0.01304954549765891,0.031850303452984008
2014-11-24,0.0028065278824789264,0.00083183545810427972,-0.0024265428614084206,-0.0076833811364599436,-0.0082471274997272248
2014-11-25,-0.00072386590458051181,0.0083196516222583394,0.002345553311048576,-0.016283733615746976,-0.00641480291194374
2014-11-26,0.0025591774470952178,0.002723016772308906,-0.0019066874375581744,-0.012617099876655602,0.012673304164645627
2014-11-28,-0.0021192274311224724,0.00789965811750859,-0.026484916244938761,-0.064243644451906556,-0.020070879455656332
2014-12-01,-0.006949584183183144,-0.005834598384350409,0.039871565394411279,0.0035078738881229032,-0.017108421691820253
2014-12-02,0.0064639775253918508,-0.0097115392240650911,-0.012352053686644049,0.010861630614860562,-0.00024504902320199307
2014-12-03,0.0038629494284416754,0.0039062551562805137,0.010335265309313835,0.012226361440156541,0.0026977836632113839
2014-12-04,-0.0011067665636591562,0.0083614438271950586,-0.0038683449716631069,-0.0086627672589246751,0.0017112687992020259
2014-12-05,0.001637525241118265,-0.0058296086920803791,-0.012512918386347494,-0.011938497607345777,-0.0019529231687289705
2014-12-08,-0.0066826326386307811,0.012223025221914208,0.011797592156958414,-0.040483327887784415,-0.014677194267855964
2014-12-09,-0.00067786553269533201,0.0051394812626839315,0.020815371286221795,0.010905255151988813,-0.0094339576099686795
2014-12-10,-0.016031238951348614,0.0073051882478256669,-0.00194604748441074,-0.030820803397040741,-0.01478692401151771
2014-12-11,0.0050701203291856345,0.0041095284988796887,-0.0022888830549503414,-0.00066258257465234838,-0.0083946762249794693
2014-12-12,-0.016161843857475988,0.013562633595531004,-0.0023791211954157232,-0.018563096744626417,-0.016418631581456067
2014-12-15,-0.0068689424386155773,-0.0020588770598306549,-0.025721865073372374,-0.0089165295895523577,-0.014345423173786509
2014-12-16,-0.0080202679232203034,0.012376984536351054,0.0048955115095876689,0.0088609134750767815,-0.0015878036487144698
2014-12-17,0.019605401074898943,-0.0090127715089741711,-0.0059156182969013482,0.041480970397601347,0.022987084602646979
2014-12-18,0.02472840872490556,-0.017793165203922379,0.0077011018523198693,0.019200837760489531,0.013666403448988174
2014-12-19,0.0042550955328188866,0.013445851547295939,-0.003300085781823392,0.031955736120238942,0.0070001412624418613
2014-12-22,0.0045999572974835257,0.001350636101150382,-0.019342978620211615,-0.010176928124800311,0.013903148984214964
2014-12-23,0.0013497348210482762,-0.019835450698550749,0.0016880924643276618,0.012163017838802803,-0.0091418131104102907
2014-12-24,9.6209813507774911e-05,0.005443417113835336,0.00026608816627016196,-0.0073092869759364687,0.0023064921607318656
2014-12-26,0.003224585804140645,0.0037108789454567415,0.018267316212737805,-0.00024942225015145425,0.0079265734747366867
2014-12-29,0.0013431878679897036,0.0074754244603436604,-0.010101921480555665,0.0036197644558972897,-0.0060886680020757478
2014-12-30,-0.0053655445376307176,0.0027132018521527357,0.013460005313124634,-0.0079602877452970011,0.002042259828375359
2014-12-31,-0.0099233538373267871,0.001909301976986244,-0.014062457987002785,-0.007522328891310881,0.0007640682586771419
2015-01-02,-0.00053520315610788849,0.011118062528183037,0.0044021834120386849,0.0046741020673704003,-0.013234901743232386
2015-01-05,-0.018059538007677789,0.015708786665045604,0.015077149308345472,-0.041368224427811628,-0.017797445342955021
2015-01-06,-0.0094190136895025978,0.018016609926542415,0.011398960794795743,-0.014690360337407671,-0.0042016063694546579
2015-01-07,0.012461249556599663,-0.0019747284517639407,-0.0058914141498036532,0.0021299689456817372,0.021624911908851407
2015-01-08,0.017745083304373077,-0.013243067979827772,-0.0042085189597629302,0.022449447969017378,0.017036328943200729
2015-01-09,-0.0080134712517537787,0.010952716945649366,0.011385196369055883,-0.0079250606267138313,-0.0032995499624917102
2015-01-12,-0.0078335596046120726,0.0057224270984457259,0.011086435260788896,-0.028810914054235082,-0.0081486936106043295
2015-01-13,-0.0028131735023686488,0,-0.0033737677523710818,-0.0079561701808528174,0.0087291571616074926
2015-01-14,-0.0060369427254657326,0.0075858217167983355,-0.0016080097792615655,0.0031265576700036934,-0.0055996164251841396
2015-01-15,-0.0091604440687219624,0.015735904162376579,0.025175902263040006,-0.012736932428377479,0.0023036659846653595
2015-01-16,0.013114382214116871,-0.012749432391770732,0.013064281211881523,0.032528185482583405,0.0084269028816654767
2015-01-20,0.0021323948291875894,0.013288910039816137,0.013712049879254229,0.0011963008080058124,-0.0015191746266398631
2015-01-21,0.005048073121133978,-0.011558718772055387,0.00024159749942587183,0.020313051697064433,0.022064559473621292
2015-01-22,0.014870672991645018,-0.0035982525307960422,0.0080495852288342551,0.0046844880785543719,0.01910659126752523
2015-01-23,-0.0054826910270119322,0.013917886307015737,-0.0079853068210001821,-0.0071230092570538917,-0.0075483485680800655
2015-01-26,0.0023418855490746626,-0.0030416538091976308,-0.0099815299014467396,0.014348611079473272,0.00049077361818739007
2015-01-27,-0.013190735806296594,0.0015627807636338087,0.011464376669647391,-0.00064302212554456784,-0.0053943604511725862
2015-01-28,-0.012823915646419937,0.016348615313009018,-0.0078778403931910601,-0.039377259355677596,-0.010848683767255785
2015-01-29,0.0092432384636271792,-0.0065810042219380804,-0.021552390797103027,0.0033490559916018459,0
2015-01-30,-0.012574761473882257,0.017737767433027907,0.022275544587827323,0.0086784808598430185,-0.027417645438858163
2015-02-02,0.012384059785806034,-0.0037753763399205331,-0.0083434492082548051,0.030575582278961955,0.017939592660920489
2015-02-03,0.014461257304457797,-0.021166622833347359,-0.011190942147351168,0.027356745345498368,0.018882340295554023
2015-02-04,-0.0038077416474843195,0.001708893927436117,0.0043783458565487265,-0.016501971918469471,-0.0049420553749087714
2015-02-05,0.010094688798318208,-0.010978995788832213,0.0017272502164005221,0.014363925645561437,0.0059597869292105088
2015-02-06,-0.0027651876727513569,-0.017701649486444038,-0.025864204796777424,0.00025067849939119924,-0.017033064015968047
2015-02-09,-0.0044757156790875552,-0.0016033398552299793,0.0044672857554239886,0.0010022379342975452,-0.0015065848748324617
2015-02-10,0.010653353503006224,-0.0079546527694387414,-0.0058739360493218484,-0.00050087919567720629,-0.0025152151454641558
2015-02-11,0.00058023997067357946,0.0018508837099877606,-0.011817350480741395,-0.0070121534557727738,-0.0073123250680741103
2015-02-12,0.0096167923481307316,-0.0033096614802482494,0.0023062837940568404,0.013114682640713138,0.021336197955492242
2015-02-13,0.004116241172314794,-0.010268066016718369,0.0054542955430134654,0.021159917252235871,0.011440058083330484
2015-02-17,0.0015729812490032913,-0.015056172954412195,-0.016697755252160329,0.0030474525968624544,-0.00221291662206069
2015-02-18,9.52171117194478e-05,0.0059408037552126647,0.0028445323298300629,-0.011909391388131074,-0.00024650540124415699
2015-02-19,-0.00071375265723194747,-0.0066139736111867631,-0.0034381460295276334,-0.0046728978836407808,-0.004190116106415176
2015-02-20,0.0060008076030815261,0.0029321116368661304,-0.0056926310868669061,-0.004819275327834549,0.0066830563930238007
2015-02-23,-0.00014236766344144502,0.011458834874016333,0.0013011929863573357,-0.0040970417571992712,-0.010080984330939069
2015-02-24,0.0028411115949695809,0.013126260809617207,-0.0014727381832787545,0.0027425480033507199,0.01440602436510896
2015-02-25,-0.00084998853570772415,0.0043187314741757188,0.0038174111040851777,0.0054703170740648677,-0.0019588293864341022
2015-02-26,-0.0011814469447397613,-0.013668953489219482,0.0031979494930112207,-0.018547849172132813,0.00024571723569422055
2015-02-27,-0.0034060850375556839,0.0084081370901090136,0.00077542834084431966,-0.0044100750436091296,-0.00073582942739902624
2015-03-02,0.0063132569802946126,-0.018625982237004846,-0.0041322601739050002,-0.0069600047769857731,-0.0014732233983699716
2015-03-03,-0.0041038619087719885,-0.0036257160144183009,-0.0018153447779967191,0.0036957980360003972,-0.0076202960208585635
2015-03-04,-0.0042157970810454692,0.00031636177300797819,-0.0031176981600916642,-0.0013970512416132674,-0.010899262557074629
2015-03-05,0.0010944158868240184,-0.0012652965598631827,-0.00095561297687696278,-0.0059758279731646491,-0.0015026184515560814
2015-03-06,-0.014064481076244029,-0.022092035090859552,-0.027304342518682079,-0.017907208290254384,-0.015299446617982104
2015-03-09,0.0041448557557612897,0.009230890629050359,0.00098337752325550198,-0.0071632123050819896,-0.0038209026496577314
2015-03-10,-0.01622205040269864,0.013157646985712423,-0.0049120572096243986,-0.013905343965627259,-0.022244783468387763
2015-03-11,-0.0023419509775507441,0.007285312949769196,-0.0060132667380715654,0.0029265105739040287,0.0075836665853188379
2015-03-12,0.012714089397801276,-0.00070731059150652698,-0.0002708693390236494,-0.0063667059537081405,0.0062289284532168754
2015-03-13,-0.0061324230898293086,-0.0030681203525825262,0.0014450508575765131,-0.003737875017932546,-0.012123103512983402
2015-03-16,0.013360598762465425,0.009627754188971771,-0.00063131039464436878,0.013533392952157497,0.012010632868725057
2015-03-17,-0.0029725848921233755,0.008284808278392175,-0.0054146601149759332,-0.0038337570969769752,0.011610072546132333
2015-03-18,0.012021725020184171,0.019302284904436862,0.019598980855210835,0.029064237122903958,0.024483299588188512
2015-03-19,-0.0045614153658993795,-0.005095776311523359,-0.00071195006762714286,-0.015862868358229809,-0.016928031467042248
2015-03-20,0.0088270976767719223,0.005274242170591803,0.011399045051747603,0.014711053532777463,0.014940731168286758
2015-03-23,-0.0019487645194800063,-0.0012160532797147461,0.0063397131516937932,-0.003510912218544493,0.002993927830716725
2015-03-24,-0.0056190672942049158,0.0096688021048370043,0.0024498974280682262,-0.0066543134649227342,0.0039800895016071092
2015-03-25,-0.014654190587879645,-0.008445486037019112,0.0013965581088903889,0.013003993804597602,-0.015857305426032253
2015-03-26,-0.0023812496743232936,-0.015588846163203551,0.0065370868827283601,-0.0011670405324760713,-0.0093150947073160628
2015-03-27,0.0022897252822422498,0.012436557095971468,-0.0036370435238182175,-0.0081786745275874706,0.0027952589500808145
2015-03-30,0.012199613163593526,-0.0049593665346947535,-0.011385343180862151,0.021465856075553624,0.019260196087070636
2015-03-31,-0.0087391533303301516,0.0021470920242705471,-0.00079117659684069253,-0.0058941331842103928,-0.002237858085604838
2015-04-01,-0.0035360479828463465,0.013135264630684595,0.017068403567705115,-0.00025802576904121466,0.012459392241020995
2015-04-02,0.003597322017450777,-0.010595748458812171,-0.0027681634865752702,0.002062900861668604,0.015013626095034205
2015-04-06,0.0067331401790413636,-0.0055840838787865055,0.012231121417765056,0.018013605184298731,0.012851958961516141
2015-04-07,-0.0026466258506916418,0.0083847482261043549,-0.0049704500721552414,0.0006319833104755368,-0.0050279025021676693
2015-04-08,0.0033774602638032558,0.00030475060040835444,-0.0055120091833965601,-0.0080840971790291372,0.020933727539125702
2015-04-09,0.0044232176215641683,-0.012964132555916774,-0.0069282328163202678,0.016045060444114689,0.0098984655854721382
2015-04-10,0.0054574423205455691,0.0014678354174324504,0.011336906536289382,0.004386288812551431,0.00070039720796621907
2015-04-13,-0.0045231689938906028,0.0013887943634767197,-0.0071570390818148644,-0.009982442523129742,-0.0058301978573571667
2015-04-14,0.0019130438453818233,0.0070880693322490362,-0.0060795288514229329,0.018023946680274516,0.0044567100121628567
2015-04-15,0.0044871129708141666,-0.00084115938275131086,0.0086508025397535881,0.02389453434736355,0.007005904934534346
2015-04-16,-0.00028526035119713633,-0.0049768281390561997,-0.0034653168571547877,-0.002297117520451919,0.0078851035555884685
2015-04-17,-0.011503538578615191,0.011464886416612696,0.0049552264702519278,-0.007271924118351536,-0.017487289091551173
2015-04-20,0.0091370842994105139,-0.0088245896494707488,-0.0076124330885261049,0.0037849341159092997,-0.00093683755846918348
2015-04-21,-0.0011914315433406708,-0.0045283948412087049,0.0057531034317643837,-0.010581594315505871,0.0058604956807430941
2015-04-22,0.0049141672475188081,-0.015266499983562776,-0.013433831333510171,0.0066379241607910089,0.010720219905692829
2015-04-23,0.0025160099204972752,0.004306726480850509,0.0072915911245137188,0.0068383805522944652,0.0073782395121675393
2015-04-24,0.0023207019134774409,0.0062369527887964349,-0.014041518916186879,-0.0057004098027308991,0.0036619878087686963
2015-04-27,-0.0041575295930831313,0,0.020168055884554281,-0.0010977827266920315,0.0038769170423296195
2015-04-28,0.0031784354666872794,-0.013790974999662309,0.0086707706938640161,0.0050068528151669955,0.0015903041069986745
2015-04-29,-0.0041146908650070424,-0.012255679487889193,-0.0070489098419778129,0.0077763569849034209,-0.0124745182233581
2015-04-30,-0.01002027111414272,0.0017499226108210753,-0.017660816187341055,-0.0031347679504694081,-0.01515835958880607
2015-05-01,0.010841671768830441,-0.013461789250780565,-0.0034370263986326366,0.0022978878828998628,0.0060636524751613852
2015-05-04,0.0028471059092503026,-0.0094352667489444597,0.0090201328842416384,-0.0025340310848696035,0.0057944910046943132
2015-05-05,-0.011451909317315989,-0.0013840645627167802,0.0028045547686559313,-0.012339450253292306,-0.010831777578621082
2015-05-06,-0.0041165653547887704,-0.017120361515867599,-0.00052436252013532414,-0.0039201203182049893,-0.012348442965602668
2015-05-07,0.0039894895999230684,0.013437260013224206,-0.0082196785273640494,-0.010821205197065198,-0.0014154172921915231
2015-05-08,0.013166094849205168,0.0027009361106418162,0.0048492599245024692,0.016409820091217053,0.012756927540396923
2015-05-11,-0.0047726204987170728,-0.024324217273288595,-0.0038606864674344266,-0.018835518035956622,-0.0095640474617483262
2015-05-12,-0.0029916255441859718,0.0025929937174724582,0.0085440080254806094,0.0046117184386027521,-0.0032970040793850464
2015-05-13,0.00019084390667556406,-0.008010730998552873,0.01790395678391099,-0.0026052808919115877,0.0018902675062968388
2015-05-14,0.010427511235443943,0.0026918070080255152,0.0054053816981729508,-0.00037348242282642108,0.0099055852429339453
2015-05-15,0.0010837190986230372,0.020050783089876401,0.0029868447961221012,0.0039822453423299375,0.0077066784274308908
2015-05-18,0.0031067899306000957,-0.016777632030567036,-8.5102836164030471e-05,0.00086813033883581525,-0.010196948508593651
2015-05-19,-0.00032854763047429625,-0.0088675493158860696,-0.013869956602948319,-0.014243086362532797,0.0016389671697434327
2015-05-20,-0.00070392903594185263,0.0016881718556471803,0.0016395067944336983,0.0018846791030262544,-0.00070131421429742158
2015-05-21,0.0029123831573854009,0.013986375220345959,-0.003359746584222556,0.0094054453731133858,-0.0035085737577791321
2015-05-22,-0.002388813201216422,0.0004153023547444068,-0.00077797532531598268,-0.0036031580268730545,0.0032862830190392156
2015-05-26,-0.010751654811430034,0.017109899930962458,-0.014619332476808355,-0.015835161980028101,-0.015910071684415272
2015-05-27,0.0094919542097962051,0.002286699324671071,-0.00017561471177085508,-0.0017737076012653841,0.00023754028432865226
2015-05-28,-0.0011280858621453005,-0.0024444879733548364,0.0011414281685366845,-0.0039347378731185989,-0.013073487172436726
2015-05-29,-0.0062130807001944399,0.0022047284264536948,0.00070164737247924158,-0.0011470438285030582,-0.0096339184135422196
2015-06-01,0.0020364461140940371,-0.010746751790918885,-0.00087641082785616664,-0.0025507936648659912,-0.0038912202014249608
2015-06-02,-0.00099224932883001937,-0.013952370411070225,0.0040350796883565909,0.0069061153321563484,0.0039064209455235144
2015-06-03,0.0026494964216572381,-0.016075203590876552,-0.007164072177032299,-0.0068587480272460644,-0.0051068468729636995
2015-06-04,-0.0084466120522077581,0.013018994691809116,-0.0070398016196283608,-0.013556825642238812,-0.015155143772086932
2015-06-05,-0.0017132177616615563,-0.01217931086947599,-0.0053172500318454663,0.0070011040472077735,-0.0044678795073475053
2015-06-08,-0.0061496754467029735,-0.0011060912028132419,0.0029401446662109532,-0.0056648659694379377,-0.00024908868949313767
2015-06-09,-0.00014414067282819687,-0.0079161787253242411,0.0022208403720151981,-0.00012975138496340577,-0.0059849918427555826
2015-06-10,0.01199354467249325,-0.0087527898182704345,0.0085091214950312466,0.012302673648458606,0.014550898718608707
2015-06-11,0.0032234118001421841,0.021035280386967115,-0.0045701937831363892,-0.0044774190224541321,-0.0049457221586348687
2015-06-12,-0.0076548810338087359,0,-0.00026486649065038392,-0.011179736318606137,0
2015-06-15,-0.0042856238376627331,0.0016110345492876821,0.0044157907372293081,-0.0023393149963870652,-0.011183122922827859
2015-06-16,0.0054514343468243798,0.0078721658490044089,-0.0036050615493486982,0.0078157944133636637,0.00025152273723705321
2015-06-17,0.0016175099740762811,-0.0077267129275786495,0.0046770100663977576,-0.0024559789383107322,0.0060301671402682722
2015-06-18,0.010399550986435191,-0.0049094528365466461,0.012911736850284239,-0.00064756122470499555,0.0092408326179900246
2015-06-19,-0.0044394264700760022,0.012843564848220801,-0.0017342780850801987,-0.0092792025723313909,-0.0086615608491995566
2015-06-22,0.0051233661315928103,-0.020405888824475471,-0.012856178957809661,0.012251114737639179,0.014478503861445891
2015-06-23,0.00070783157115372752,-0.0060010767278411148,-0.0065997888422051343,0.0032535543899101516,0.0098426471930679327
2015-06-24,-0.0072630238650597256,0.0086240672600941259,-0.0026574812063053788,-0.0062262934620818111,-0.0070663227024442277
2015-06-25,-0.0030403437416859358,-0.0035051903160600029,-0.0013322133525454083,-0.010181550757057733,-0.003436258023599037
2015-06-26,-0.00019055192121253395,-0.011241113434407923,0.001067192410014739,0.0032970445734434861,-0.0094271040487258206
2015-06-29,-0.020970375871406932,0.026468500814094353,0.0045309359212182265,-0.018928009978536831,-0.022289086878831466
2015-06-30,0.002093532563126832,-0.006932436901084138,-0.0061908282491507372,0.0069669068367723685,0.014856496551263865
2015-07-01,0.0080154066796003232,-0.013498505201478661,-0.0034706717105629226,-0.012772667480807409,-0.0007569935399414085
2015-07-02,-0.00091570253444628325,0.0032871829288148025,-0.0019646473844252554,0.0044475141087256809,0.0047991523402859393
2015-07-06,-0.0028459409036226679,0.01853437426741289,0.0026842825396298231,-0.013149028418385167,-0.027903556402713359
2015-07-07,0.0062889083820594216,0.009395218107157266,-0.011600887477117294,0.0091093024026374092,-0.014998708292135898
2015-07-08,-0.016777700961045916,0.0086358728126276763,0.0029793625432967819,-0.020210360044566555,-0.034392085588811017
2015-07-09,0.0018089635683899985,-0.019702213924795875,0.0024305003273175085,0.0050881839088070535,0.019303960384916108
2015-07-10,0.012591825629823417,-0.015857642092740099,0.0011673603870820948,0.0054729511915059259,0.025340077063170874
2015-07-13,0.011036946540644799,-0.0031022672780264271,-0.0044847072345535199,0.007075603500272587,0.0067637721925406513
2015-07-14,0.0043382471750441631,0.0032844700686947004,-0.0022524552194951308,0.007161191427586866,0.0018085591608938412
2015-07-15,-0.00033227653469192209,0.01059692349296526,-0.0052374409684715628,-0.017574096847878251,-0.011348871046949593
2015-07-16,0.0080243865157423322,0.0069057882280099125,-0.0036310957932229604,0.0013649969654199179,0.012522820461617457
2015-07-17,0.00084767146381636849,0.005163962821305379,-0.010112979124889843,-0.012136821545986498,-0.0012884261416228338
2015-07-20,0.00051783632616664299,-0.0042116247382237848,-0.027151445340146352,-0.013252096686022785,-0.0064498145168800924
2015-07-21,-0.0039510641400747337,0.005414079023998708,-0.0031219887529584378,0.00041977234222811965,0.0002597936231270026
2015-07-22,-0.0017948199142900911,0.0062257127714202554,-0.0054095063107769681,-0.0081112031444713351,-0.014278249367516982
2015-07-23,-0.0056298286365710215,0.01245770919948197,-0.0044847443417630473,-0.00084563898195211262,-0.0097445859908085186
2015-07-24,-0.010371748885444676,0.0024784991640958154,0.0097766378334596116,-0.019190062288874432,-0.014361529682173302
2015-07-27,-0.005817652092825476,0.0053539249379415121,-0.0046511425806038398,-0.014386598405480844,-0.018888413816742111
2015-07-28,0.012282736410504702,-0.0072923666485595895,0.0015258061394580746,0.028609399520084677,0.010175736466896179
2015-07-29,0.0068795119311262365,-0.0037147424404758711,0.0014283139466164663,0.01362230465765002,0.0098013796009750465
2015-07-30,0.00023713974903305512,0.0077053961807509452,-0.0085575881101865869,-0.0069998664213842821,-0.0099755916861659077
2015-07-31,-0.0015180811565300711,0.0073992214795595146,0.0063297562420441267,-0.021852176482567764,0.010893281664317467
2015-08-03,-0.0033729913768969499,0.010526646580142796,-0.0079100526888471467,-0.021043693296258437,-0.016702823365631003
2015-08-04,-0.0019542234860132623,-0.0079318667495602568,0.0020172823011603835,-0.0033863306503669754,0.0035618359724123305
2015-08-05,0.0032954082981249133,-0.0075058048169638347,-0.0036429610038530846,-0.0075345537115906192,0.00027299453035478649
2015-08-06,-0.0081873714134620412,0.0088779460450199021,0.0044260471771571108,0.015927382945817081,-0.0087337061471288724
2015-08-07,-0.0019200313698235494,0.013118202448668903,0.0024906805034070612,-0.017875093687990784,-0.00055091695348541414
2015-08-10,0.012599263302573993,-0.012385692400785797,0.010224554985406531,0.031925685906365464,0.016804863544435777
2015-08-11,-0.0090231722461490138,0.015879392655922864,0.0051078406100282248,0.0018795911699394097,-0.021945401065979531
2015-08-12,0.0011979821906822341,-0.005450772528026282,0.014022189288677822,0.018181643241470313,-0.015512341491148662
2015-08-13,-0.0012442915584314207,-0.0032242205860680828,-0.0082598551243474594,-0.015164169508537273,-0.0016884764967122212
2015-08-14,0.0036420960840100047,0.0023449716682935051,-9.3600375943636571e-05,-0.0021585428494107495,0.0014094892317666474
2015-08-17,0.005586817250652798,0.0045175289649104222,0.0026204846354274114,0.0021632122357138073,-0.010976886304502109
2015-08-18,-0.0028966037603357364,-0.0078697458968641776,-0.00018665773900006233,-0.0037419554581031855,-0.010813730580377601
2015-08-19,-0.0079054328900209914,0.0098753047763187052,0.013444145581183786,-0.027589078991196669,-0.012370630111467662
2015-08-20,-0.020881440605389989,0.01009946738521017,0.017411325071518213,-0.022578451025576096,-0.015729777653919363
2015-08-21,-0.030102296447942267,0.0030151953684325328,0.0062476892136777984,-0.034954698268398032,-0.030778270194804946
2015-08-24,-0.042106955645366484,-0.00031656927541556801,-0.0053990685588957144,-0.053700493479665878,-0.043664098885883185
2015-08-25,-0.011768042967568393,-0.016064942384769521,-0.012394780894941171,-0.014478497750172181,0.012771202076658161
2015-08-26,0.038393906246044995,-0.019303691962989533,-0.013649738394807875,0.034447870442471773,0.03310245252082411
2015-08-27,0.02473487657690554,0.00057377226270971526,0.00055730648285257089,0.049461438196584773,0.044247819774449582
2015-08-28,5.0881452277939943e-05,0.0029512825020867606,0.0090039316911072476,0.02270986934727981,-0.012857990660163576
2015-08-31,-0.0080791777975660617,-0.0076823253502525946,0.0011039811403046329,0.010341796671670789,0.0017761614864955089
2015-09-01,-0.029847961745219309,0.0072058368401783923,0.0034919799162251852,-0.035224917508913545,-0.038711559323545974
2015-09-02,0.018980632280550358,-0.0086044850395095018,-0.0053113023614373978,0.0092057829040195216,0.014448196101298993
2015-09-03,0.0007166710498611728,0.0048766734500105269,-0.0071810567940346903,0.0027830610058356964,0.0039393846095374663
2015-09-04,-0.01513655478307685,0.0091306780544180288,-0.0032455349221680585,-0.016497179993336886,-0.029882313011863837
2015-09-08,0.025130891047427717,-0.014753768071375628,0.00027908437894752502,0.015676356396253865,0.031736016481991536
2015-09-09,-0.01337184203337205,0.0047982481120882881,-0.012927822107945297,-0.018830044172320259,-0.0051264049216301899
2015-09-10,0.0054420305037832239,-0.0067515626494404346,0.0023556016816155267,0.0058203690639735406,0.010306009126038518
2015-09-11,0.0045440736456343611,0.0063006652587480616,-0.0020679977156281559,-0.008914530804259635,0.0039001622636694044
2015-09-14,-0.0037105744487953007,0.0015644051691274807,0.00056516161006081589,-0.0086792378688866911,-0.001494072599128371
2015-09-15,0.012499521472129071,-0.019164067670077611,-0.0030126124190049675,0.011143049782183168,0.0095779875436907691
2015-09-16,0.0086668887905427816,-0.0037734057230132123,0.013314409937664529,0.028337362541812405,0.024310623461552439
2015-09-17,-0.0022480793864861903,0.012204854043308844,0.010250732723341871,-0.00061229806720497493,-0.0023156473175215408
2015-09-18,-0.016341323418482934,0.015384994219773018,0.0073793505704204954,-0.026264680248402894,-0.018566624542979415
2015-09-21,0.0051675588382369408,-0.016298240172634371,-0.0062265388780913256,0.0057054918352668071,-0.0017735364139344068
2015-09-22,-0.012979771052393341,0.013903935377010734,-0.0068183716216044798,-0.010558072862102197,-0.018655649918582928
2015-09-23,-0.0015987383609791239,-8.2158795290943054e-05,0.0039892411311208686,-0.012899942674591824,-0.01599293476502972
2015-09-24,-0.0036161112044242882,0.0068164127341749925,0.020975758801157207,0.0043559232844896378,-0.0042931465439041139
2015-09-25,-0.00025880632895680655,-0.0086458362199538508,-0.0061544059944158569,0.0019277682086209502,-0.0021554916941255442
2015-09-28,-0.025097400853262397,0.017113364219806915,-0.012658222571280353,-0.039922981287593418,-0.021296519344141451
2015-09-29,0.00058511246128789551,0.0028315802682112867,-0.0040582440457718194,-0.0015028304627637823,0.0047302696169362335
2015-09-30,0.018658063452126949,-0.0034689926930905335,-0.010372316278596583,0.023582327513701706,0.028876188081337961
2015-10-01,0.0026093957629813591,0.0042667309863706482,-0.0012165193025964749,0.0019610339144300326,0.005491187435358702
2015-10-02,0.014937873525018519,0.0060578648821203451,0.021174875253005654,0.041258630971684696,0.026699285089866409
2015-10-05,0.017794728695372575,-0.013567788374498235,-0.0020185450501440938,0.030227328792427066,0.021572009160420125
2015-10-06,-0.0034261950722163093,0.0043135092040318401,0.010021182319808863,0.022195094389926062,-0.0017355725434730074
2015-10-07,0.0081908254286375826,-0.0033227763814429601,-0.0014564323795780432,0.012641376248136993,0.026658943356506981
2015-10-08,0.0090265526479513802,-0.0083746359353333855,-0.0051048092449625937,0.019092210281167477,0.010725217422802968
2015-10-09,0.00059667642004290755,0.0026238416445596435,0.015851231139897504,-0.0064849181040828041,0.0036303988565176137
2015-10-12,0.00094322474341668183,0.0076052871647731557,0.0039685649960470304,-0.012910051579370752,-0.0075126338882401944
2015-10-13,-0.0063019956198998583,0.0017046376376450567,0.0049411828570771199,-0.01043332079476722,-0.016259959833577531
2015-10-14,-0.0047940225965605876,0.0087506251196580731,0.017432477539802038,0.0086129592691759349,0.0076944070965405675
2015-10-15,0.015354619930034952,-0.004899613470680797,-0.0045689891417376449,0.017962108433953183,0.024321375717146543
2015-10-16,0.0045463179251723496,0.00032287080180082306,-0.0070615504042084165,0.0013016396559211163,0.00082825421968757418
2015-10-19,0.00049201225758110922,-0.0027438506606340951,-0.0041781600998189727,-0.019788664599137418,-0.0102068828081604
2015-10-20,-0.001278531160090024,-0.00614901888933439,0.0063382140255681119,0.0027995546331796017,-0.00027849769495902343
2015-10-21,-0.0062034492551164,0.0099319513361226797,-0.0088707528627824939,-0.012343630164519226,-0.01449723091701749
2015-10-22,0.016893724859320391,0.0016936802424643016,-0.00035801409044589061,0.01800326091276272,0.020650825091676372
2015-10-23,0.010961751091371985,-0.0085310138507779243,-0.0017011588974217284,-0.0023383098504973221,0.0058203441423738678
2015-10-26,-0.0024577015791725776,0.0066561750473386194,-0.00062779995358042129,-0.024465591255936281,-0.009093558420789738
2015-10-27,-0.0019321461106005522,0.0024994164656342299,0.0022435609738429285,-0.012013645032124542,-0.011401252324213518
2015-10-28,0.011374467977103953,-0.004021602321446438,-0.0080587528959488175,0.02219172115695045,-0.011533286989868885
2015-10-29,-0.00057439990589325252,-0.015908967598807111,-0.0095684922393395322,0.0050557812634461907,-0.0093909495660825515
2015-10-30,-0.0043096033708892589,0.0075497357796676656,-0.0038279088978543374,0.0065096848841070809,0.0017235366975827393
2015-11-02,0.011830771915596339,-0.0045953413416136568,-0.00649594413580179,0.023371984133735646,0.019787928425407886
2015-11-03,0.00289933359375949,-0.0082003295843292578,-0.014826347133739204,0.025567413121176052,0.013217162276359717
2015-11-04,-0.0030332428819707102,0.0011574801728486683,-0.0094410366847779148,-0.0089634421770649064,-0.0080489486174711855
2015-11-05,-0.00099811619848599875,-0.0026425857868527247,-0.0031141061362016664,-0.0084793698220294589,0.0016788241144567451
2015-11-06,-0.0005232956222596119,-0.014655568609797442,-0.014577820185771806,-0.0051311139499023994,-0.013966459016097388
2015-11-09,-0.0093316746694511732,-0.0056300262735718976,0.0028818737382825255,-0.0098853230025682803,-0.024929274636819154
2015-11-10,0.0023067686417714839,0.0029575069196761117,-0.0021072913552456773,0.0021705382466994383,-0.0043578403416105749
2015-11-11,-0.0039317658183778414,-0.0021064375097905597,-0.0033595553186392957,-0.021224511198137064,0.0020426309034968781
2015-11-12,-0.013959673146029972,0.0048129971188932696,0.00019259022164841433,-0.022716980447338941,-0.0096098656171783592
2015-11-13,-0.011228302022969872,0.0057142693202385519,-0.0027924980239610875,-0.0040758787710101219,-0.013819389884524802
2015-11-16,0.015206580426946115,-0.00091924723385161666,0.0014484504578520241,0.033343453982120241,0.01937972754718098
2015-11-17,-0.00072891970327870759,0.0016728492176569798,-0.013209938855231806,-0.011000556372492531,-0.0029246995960489075
2015-11-18,0.015865745495003969,0.0020869214893397547,0.00087946033326002926,0.016462031781567799,0.010853465769967707
2015-11-19,-0.0008623335814381683,0.0066660512035967567,0.011031897393842582,-0.013422787819244331,0.0089958905674909495
2015-11-20,0.0036442034492558673,-0.0030630172710982562,-0.004538443721352925,-0.01064744504631121,0.010066498535164392
2015-11-23,-0.0011465630465713472,0.0030724281716523194,-0.0080511614234589635,0.0071743969465822843,-0.009396502405687901
2015-11-24,0.001339293956343468,-8.3059650358263681e-05,0.0066497192545516004,0.021371526602069091,0.0051737218721534806
2015-11-25,-0.00014341256681971171,0.0023173854692113416,-0.0046629429332567529,-0.0081370689528968976,-0.007720881648504152
2015-11-27,0.0011465082946799932,-0.0009909055918498888,-0.011809477798990442,-0.0071786249202590025,-0.021901840293115371
2015-11-30,-0.0041515828170136659,0.0039683235400240768,0.0066172658661265427,0.0036888625633995087,0.0014731569603263495
2015-12-01,0.0095359963315440055,0.013507083247581209,0.0035321881556042989,0.007939120093486407,0.0076491477983777756
2015-12-02,-0.010205209506760071,0.00032560611359522262,-0.015545525585325515,-0.030922045609224846,-0.011970624120344553
2015-12-03,-0.014002654441439666,-0.027183125750681492,0.010626672647533919,-0.020017927054503115,-0.0056148981879058368
2015-12-04,0.019502817748632939,0.0087842973322185269,0.022209065049059173,-0.006297288930660061,0.0068352136081903936
2015-12-07,-0.0060585641221270192,0.0097031935126652424,-0.012978259158702654,-0.038021365833334819,-0.016528938071204702
2015-12-08,-0.006719523469089661,0.00049274166345725234,0.0016557725915762322,-0.010282891026219598,-0.011104209288863909
2015-12-09,-0.0077797192568990203,-0.0010669540128327437,-0.0019447389669781101,0.013149240292424702,-0.0081942815082152176
2015-12-10,0.0025810315241581172,0.0013148182399744801,-0.00087681545621387524,0.0064092318166626416,-0.0067321758331599924
2015-12-11,-0.019381085857295033,0.015758456867642767,0.0054607268837536527,-0.037414252592973929,-0.028034442479787258
2015-12-14,0.0050524832537623965,-0.012928456092006768,-0.012801859053540698,0.0052927179157677973,0.016164864218961794
2015-12-15,0.010497813404211298,-0.0058938999968900507,-0.0026525618433288489,0.025172606306316014,0.015283749265813107
2015-12-16,0.0146321519812187,-0.0021410895192367496,0.012115872710852793,-0.0065798929998883704,0.019661796607511661
2015-12-17,-0.015238150584869548,0.011305604096921495,-0.021897810218978075,-0.024555609546759394,-0.012955441985761929
2015-12-18,-0.017815193595840939,0.0055486248523568538,0.015323392194301899,-0.017514041423071114,-0.0033576831022041898
2015-12-21,0.0082493932579674745,-0.00024337005107422094,0.010878092908588544,0.0010201889186076674,0.007807635396321011
2015-12-22,0.0090742544494217814,-0.0072241099747353266,-0.0052351033207872488,0.011725147733231411,0.0080245288448981267
2015-12-23,0.01238314149529085,-0.007521540518457992,-0.0029237213719258692,0.043500095936953143,0.01408442137508592
2015-12-24,-0.0016504810528078506,0.005728620112602778,0.007232973422174549,-0.0090135341760017029,-0.0036230881267390602
2015-12-28,-0.0022850319277047948,0.0029552614613204131,-0.0075692031595538944,-0.018190562445398739,-0.0069697269912847304
2015-12-29,0.010671646503771282,-0.016613527301571396,-0.000684459735229348,0.0069480021936914049,0.00091535477136606147
2015-12-30,-0.0070872781642140614,-0.00099883492122365691,-0.0076320822171050962,-0.01347139240023465,-0.0155487704323517
2015-12-31,-0.01000345410392367,0.004498650396298931,0.00039440856092998189,0.0044961661606535142,-0.0030969349075899988
2016-01-04,-0.013979284182027429,0.0072151763655192713,0.014094227459880093,-0.00033124494399150439,-0.027337645623051743
2016-01-05,0.0016910831692926731,-0.0040344204493653057,0.0028185529910356166,0.0038139484734771578,0.0022356774120904088
2016-01-06,-0.01261407248163704,0.013475402310402451,0.014440762350867997,-0.038493267370448891,-0.019120464141006877
2016-01-07,-0.023991851387782037,0.0017941986121559061,0.014139709399294764,-0.024398811956794275,-0.03086412841308761
2016-01-08,-0.01097637628855741,0.004478553602006885,-0.0044277080918226908,-0.012856499937942689,-0.010727586193616467
2016-01-11,0.00099012543443532941,-0.010943444159656202,-0.0088947997605202112,-0.021409296749788309,-0.00033885207492956315
2016-01-12,0.0080681494216336969,0.014425201648005759,-0.0050601373888341517,0.0023700346509352155,0.0020340450016331779
2016-01-13,-0.024940459406740834,0.0098570817617642525,0.004893984653210337,-0.02400888757402575,-0.010487211431655541
2016-01-14,0.016416779705595186,-0.0093609480380055787,-0.016233809757639994,0.043048925291395035,0.012991488910446991
2016-01-15,-0.021466090043058217,0.015587509424775492,0.010289314914859515,-0.02894434865725537,-0.039486982395159131
2016-01-19,0.001330971872558262,-0.0031015390705606549,-0.00096078470755034395,-0.021526765335102005,0.014757439458151778
2016-01-20,-0.01281485796702142,0.010529045046407282,0.013367949074563512,-0.02651400123260006,-0.021814278343313176
2016-01-21,0.0056018711380505515,-0.0067882946158248636,0.0011387977038976871,0.031099241283914836,0.0038934501402263511
2016-01-22,0.020515384429690808,-0.0038152822376241735,-0.0046449698899635461,0.04421137821304022,0.0342034246718117
2016-01-25,-0.015116624382336186,0.0054257658781859952,0.010285731724330338,-0.046644997153233669,-0.017047313764284588
2016-01-26,0.013642789036806935,0.0004761124243350956,0.011406476843766722,0.037824691355866857,0.014568043880044401
2016-01-27,-0.01088301063321695,-0.0002381880580923923,0.0037282274439893737,-0.004714494665958191,-0.0034188042580322042
2016-01-28,0.0052091976886963209,0.0014279976795037452,-0.010678814187088714,0.030424512288780736,0.015780351329493625
2016-01-29,0.024377292982989962,0.0084762763342149938,0.0038482826092700595,0.029172311095643,0.032421474070629008
2016-02-01,-0.00036120180604637397,-0.0030614299481315221,0.010285237353003129,-0.016663974103526047,-0.0094862869422120966
2016-02-02,-0.018022313999842221,0.018552433817700775,0.00037013683482878257,-0.033368321346135876,-0.032364714403023132
2016-02-03,0.0059945941860946039,-0.0082932990121665773,0.010731831819877025,0.035604607925454612,0.028327768666249309
2016-02-04,0.0015681045973261476,0.0048454188197664116,0.012082377069329242,-0.00052315624906285052,0.0076334622668801089
2016-02-05,-0.019049743142419362,0.0011669445734519002,0.015827077912906162,-0.023223611683802825,-0.011528251729541306
2016-02-08,-0.013461107525056137,0.021519015857252244,0.013443751249405,-0.0051838957305889721,-0.013662100165287239
2016-02-09,5.3882171404673329e-05,0.0010654101958285089,-0.002196257541759894,-0.024079289676653515,-0.013851338539841884
2016-02-10,-0.00086275154395343279,0.0088123077961441698,0.0077478186232724511,-0.0040507574942166835,0.004111047056357009
2016-02-11,-0.0130078390713666,0.007003642172697111,0.040188699204219303,-0.0042517168331046573,-0.016717944731397316
2016-02-12,0.020616863851296907,-0.016602406562681638,-0.005879363032051943,0.026363870145563739,0.017349234140501046
2016-02-16,0.01687796612536463,-0.010570092665031616,-0.030331226332987904,0.0099498292375297392,0.022169088707618911
2016-02-17,0.01633508394665828,-0.0061487230386808589,0.0061863442941041402,0.032777728562593644,0.019686292905569891
2016-02-18,-0.0040959958801695118,0.012296473229774341,0.024333196024496351,-0.012486922211420781,-0.0058899285245277433
2016-02-19,-0.00046828923389863331,0.00083989306681320208,-0.0060021902018555506,-0.0022830424104132163,-0.0046082324867233737
2016-02-22,0.014478613523647654,-0.0005340288790008918,-0.01777516528948675,0.025523767716720824,0.024801351433919816
2016-02-23,-0.012629486736320916,0.0040477207619238342,0.014979681261872324,-0.034157334314843579,-0.021297028985719946
2016-02-24,0.0045759356585217681,-0.0019776117301744112,0.0033270720490281569,0.010130167640471255,-0.0023079935662154716
2016-02-25,0.012111749688133111,0.0035818797604045827,0.0026358095143692584,0.00087911917324401401,0.0033045350512064253
2016-02-26,-0.0023013382249844616,-0.009644585818650464,-0.0068690431747908676,0.0059765962563929076,-0.0098812685302361869
2016-02-29,-0.0078423943331251689,0.0043708923830376722,0.013064629590324062,-0.011357671456736274,0.00864927390192749
2016-03-01,0.023506966642756755,-0.017608457234551511,-0.0073331317520045625,0.026157643524158614,0.035620172842462994
2016-03-02,0.004492079545319605,0.0041269254736857608,0.0077269566786808408,0.024457446574509767,0.013375843950697686
2016-03-03,0.0039197339052117197,0.0036437600420267113,0.017273365743903035,0.01513126856872038,0.011313399720542128
2016-03-04,0.003253495024812425,-0.0064121279805682274,-0.0015737798071993048,0.0096056901357590707,0.019888374075885729
2016-03-07,0.00079827428270906609,-0.00031116727391766741,0.0049775880999167743,0.023458027118793856,-0.0015235343839147264
2016-03-08,-0.010917618838971799,0.011045366088208164,-0.0046227304062674834,-0.041993942327902323,-0.0170890812629515
2016-03-09,0.0049391834191150341,-0.0060780767198772567,-0.0082932491691375398,0.016229044161744532,0.0062094032564778967
2016-03-10,0.0008030230559121776,-0.004101934266094287,0.016056181130168712,0.00082324624132268376,0.0015427342026483881
2016-03-11,0.016136556405655256,-0.010104270184489783,-0.017201615949717031,0.025826319517184171,0.020948969849288845
2016-03-14,-0.0012824678512705079,0.00314043736781211,-0.012896749587957723,-0.0065743395127625393,-0.0060350764580235916
2016-03-15,-0.0016292087781711873,0.00093955932771705442,0.00076352198009299599,-0.0019373309286379037,-0.014268414262107454
2016-03-16,0.0057873639494987472,0.0029714083009866332,0.022295670344441021,0.017305804478433551,0.020018558798509112
2016-03-17,0.0063439335556807475,0.0041323157219801399,-0.0038145708470190831,0.013672123026127414,0.022040952595334895
2016-03-18,0.0039297035134269187,0.0020959057997087527,-0.0027469758528673172,0.0028748972226746439,0.0053176077100502983
2016-03-21,0.0014189844543406327,-0.0076703460152689473,-0.0070117190808605123,-0.0034650976453241,0.0020569810548436429
2016-03-22,-0.00053772158250964264,-0.00023456162579815754,0.0029421526295789757,-0.0055318774850017238,-0.0023458593928812332
2016-03-23,-0.0065992597949097176,0.011324922829796025,-0.022630098093130879,-0.021932543395104975,-0.017048755493964673
2016-03-24,-0.0004427846787817824,0.00038575073100033386,-0.0024011557999427113,0.0048748908513913669,-0.0023925165791708336
2016-03-28,0.00059049334961414068,0.00131225101160104,0.0023209545157449885,-0.0053364682618315396,0.003297348755110896
2016-03-29,0.0092505053796565484,0.010485278737332404,0.018524903004941029,0.0047145965081081265,0.013743641053397093
2016-03-30,0.0043875812340286036,-0.010528307982607066,-0.013977800877817192,0.0019419768432644702,0.010315429028680212
2016-03-31,-0.0024270523030689439,0.0070939244235346255,0.0046114510893582317,-0.00048450667725596919,-0.00087524382340797846
2016-04-01,0.0068120874578423418,0.0026081068582815004,-0.0060353543705911061,-0.013410903154973619,-0.0029196391697465796
2016-04-04,-0.0032384124764944788,0.00061218187860134776,-0.0066706472014124163,-0.007369960898381045,-0.012005635611581855
2016-04-05,-0.0099876735375846737,0.010935928944189488,0.013000448699038714,-0.0067644236127568647,-0.019561480306153456
2016-04-06,0.010921074747407777,-0.0072621909640651072,-0.0061193370584178286,0.021594772813790852,0.012091828351559641
2016-04-07,-0.011965723689840391,0.012344435096285133,0.01428081181871077,-0.0058537858136696874,-0.020011709526536192
2016-04-08,0.0026967754352849038,-0.0063228014727145787,-0.0015175811841288134,0.020117636877403866,0.017372431498480445
2016-04-11,-0.0023472675746795124,-0.0012879064421312814,0.013510077429689682,-0.0041685776960392884,0.012881926476896899
2016-04-12,0.0093129293050002726,-0.0069023700459932558,0.00016666060705139429,0.029785959324411415,0.015380183993347618
2016-04-13,0.010100913824329982,0.0035139322905666237,-0.010662277185778612,0.0046901733451878425,0.017768845358994811
2016-04-14,4.8132656371269178e-05,-0.0047950654026684969,-0.013976560407790051,0.0023346773267662879,-0.0048657308847289693
2016-04-15,-0.0011056993334034315,0.0085655377564082258,0.0069165532778774352,-0.013507511884006451,-0.0057520184344332925
2016-04-18,0.0070270084768500052,-0.0043224653258414625,-0.0015264612277036127,0.016524932809915294,0.0046282087558231488
2016-04-19,0.0031538832375610504,-0.0031220385015275909,0.015627688132066497,0.019972661362302357,0.015260683998348012
2016-04-20,0.00095282401614071865,-0.011000829919152744,-0.0051011925155628468,0.0089554322885854187,-0.0045377075138628431
2016-04-21,-0.0053783696550764315,-0.0059478658662972528,0.0037824404776409803,-0.0058671761229812658,-0.0099713763165442115
2016-04-22,0,-0.002564110318661772,-0.012811914275298819,0.014527635950286166,-0.0060431525252383489
2016-04-25,-0.0017224058120446362,-0.0041294960951949733,0.0028840781155776707,-0.011187423191409751,-0.0063698155860572037
2016-04-26,0.0014855044629871195,-0.0045367322035636537,0.0039752480585633077,0.015990261074128487,0.010781002923726746
2016-04-27,0.0020584356819650651,0.0099800497199580285,0.0028643974391457938,0.019005272414952312,0.0060537443675630076
2016-04-28,-0.0090760815293974284,0.0041235591868689081,0.018901209532051544,-0.014862210973605183,-0.010315038204175342
2016-04-29,-0.0053984680485251735,0.002557672632982122,0.019457503442474211,-0.0016270137652099059,-0.0043429300943816918
2016-05-02,0.0079480456101959085,-0.010068115570542102,-0.0033158403319838436,-0.001037059706460397,-0.002617193638505988
2016-05-03,-0.0087029664737041657,0.01259511066223018,-0.0022719797480553749,-0.023580012016566787,-0.028279727755208595
2016-05-04,-0.0055779331051548642,0.0054861240208821105,-0.0060995446127545261,-0.014428971749077979,-0.016201638711994759
2016-05-05,-0.00019516291096632887,0.0066848919306043975,-0.0011455641166617792,0.0081678475574356035,-0.0003051754872187562
2016-05-06,0.0036591843127966595,-0.0042743158129946446,0.0090931483011924552,-0.0022931029029377159,0.0015256861188484017
2016-05-09,0.00082627332088613947,0.0031428083166653575,-0.020539038586043668,-0.014554715890787273,-0.012793368009938577
2016-05-10,0.012433805124279829,7.7093829752072907e-05,0.0027351995597273415,0.01756834246519734,0.019129948420940623
2016-05-11,-0.0093549792068381432,0.0056538927274021322,0.0094230398248960068,0.0030560106283157307,-0.0024218528032603492
2016-05-12,0.00029054495053881801,-0.0045590394128344203,-0.0078611125358784006,0.0027415206756715715,-0.0027314985914314027
2016-05-13,-0.0087139911067811715,0.0096938065370621995,0.0045394140453900444,-0.012760243948672922,-0.017955050717928911
2016-05-16,0.0098650350987887769,-0.0086179318879784361,0.0007394952589121484,0.016925875771372612,0.012085620402745745
2016-05-17,-0.0093335266515756077,0.0016773220524590737,0.0034482607423813594,0.0046904140937429339,-0.004592921339067968
2016-05-18,0.00029306097707615386,-0.014235386622334589,-0.017345792222287382,-0.009638071458636821,-0.0098430987878961318
2016-05-19,-0.0034649975579548187,0.0043249625509598211,-0.0019150352244893254,0.00015154549673668249,-0.0093195927736854367
2016-05-20,0.0063172514136438096,0.00076850889782087428,-0.0013348098643798378,0.0059297980061772115,0.010034240507008407
2016-05-23,-0.0013625989801100413,0.0022286764325909481,-0.0028401665733094328,-0.0025694977082387771,-0.0018625386165052049
2016-05-24,0.012962265053242383,-0.0044468140725820726,-0.017341037506874768,0.0050006926360646187,0.010264268873981797
2016-05-25,0.0067832396021929586,-0.00377323501418525,-0.0027280450681916868,0.01583241550017922,0.012007334282479798
2016-05-26,0.00028634124718140974,0.0051787140677628241,-0.0034194008753650751,-0.0041560725089124784,0.0066931522940076871
2016-05-27,0.0042993941762752286,-0.0014609715370329512,-0.0082346806432879172,0.00059596931612837523,-0.00030211939249191744
2016-05-31,-0.0019023094590112644,0.0023876378734530856,0.0038055250091639792,-0.003872652380508379,0.0012091321893605844
2016-06-01,0.0020487236687523058,0.004056744955925895,-0.0010339059082515867,0.00029874947572317012,-0.00060383597716318071
2016-06-02,0.0030441520219444129,0.0072073150129519092,-0.0023288275554194104,-0.0013452636585794542,0.0081571448517947509
2016-06-03,-0.0029869324905105188,0.014236082234144964,0.027751354156539287,-0.0038924727694298333,0.015283105056563384
2016-06-06,0.0050880139585138817,-0.0074308400380300732,0.00033648146409426261,0.022092200952909202,0.010625797114922619
2016-06-07,0.0015614121361262612,0.0024192031802072744,-0.00084088862816011911,0.022643544061864418,0.0090536562097682793
2016-06-08,0.0032598435203656795,0.0053569110470053083,0.014812339174809175,-0.002300470884238015,0.007235822746657572
2016-06-09,-0.0013654283611781448,0.0064527313661939534,0.0055564617579293429,-0.0076378234192638894,-0.011494119275816672
2016-06-10,-0.0094778424548758178,0.0048459744122026915,0.004041219495006354,-0.021638242396594953,-0.025290675123260553
2016-06-13,-0.0077114837892550137,0.0044519140831440485,0.0073928170007528937,-0.0029686598869190783,-0.014017414751787749
2016-06-14,-0.0019667596201307092,-0.00073832033216958415,0.0010599906561068462,-0.00059568859439118604,-0.0033270530745215243
2016-06-15,-0.0013942799295875163,0.0038433239447579481,0.0074122642908842629,-0.0023831442770794187,0.010621865005206566
2016-06-16,0.0029843488963188225,0.0048607437331507075,-0.010511020767707824,-0.0047781047697391665,-0.0036035761493541374
2016-06-17,-0.0037241756083262745,-0.0062291535869490877,0.01282889140431287,0.010208997688853527,0.0027124927226729323
2016-06-20,0.0064399249847837403,-0.010692487337685574,-0.0059701321661067563,0.0086707471088878219,0.017733714019420477
2016-06-21,0.0028387226661550358,-0.0046212802271461406,-0.019235474102691663,0.011857472694459359,0.0076788064165373981
2016-06-22,-0.0016311385553371416,0.0016469295088046287,0.00049656727744751272,-0.0055662448899482797,0.0025402608975746421
2016-06-23,0.013022567492096071,-0.011438172662103119,-0.0065343333792947655,0.016497506455685373,0.024160260505183606
2016-06-24,-0.035908693386701329,0.026846833016989313,0.049038376152841456,-0.032314305547695987,-0.060701891452480949
2016-06-27,-0.017910035482852527,0.0249675724835563,0.0053968278188554208,-0.03204572176079501,-0.012863837158288094
2016-06-28,0.018035803086167146,0.0020840578807239662,-0.010735716822507735,0.027846758143297956,0.029475595711008884
2016-06-29,0.017027512790557919,-0.0076731956510560639,0.0041493508165710846,0.018964334282427719,0.025316575282758214
2016-06-30,0.013645524932831554,0.0036855331142593428,0.0050063962265294304,0.0079764635710257714,0.0099940541332150801
2016-07-01,0.0021005464293959442,0.013884230735421443,0.015339625386899147,0.0052755061112630397,0.0096041271974771636
2016-07-05,-0.0071928847861838507,0.01252070994945309,0.0082547895675089134,-0.020116258396138287,-0.021331587264697416
2016-07-06,0.0059977447860748434,0.0016157774620826348,0.0058700432507172717,0.0043139178069262485,-0.0026510791985866478
2016-07-07,-0.00062029264313279153,-6.9991920932599427e-05,-0.003762499043616141,-0.010220906024713594,-0.0026579157011926702
2016-07-08,0.014890620953786682,0.0073655939630170586,0.0060120143847071095,0.013319677048048595,0.021616603412377255
2016-07-11,0.0035268944232225152,-0.0087739020498009967,-0.0094239269542197857,0.0019197813676765652,0.0095654301731582514
2016-07-12,0.0072631135820013792,-0.016439969230359841,-0.016551874633622066,0.024764158806700243,0.014068168758571975
2016-07-13,-0.0001393396036154515,0.011785079514941676,0.0092017757318052507,-0.0086306772870956561,-0.0016987430538513149
2016-07-14,0.005583279184462997,-0.01454231277084983,-0.0077151296497566246,0.0050783917107992682,0.014464088430534261
2016-07-15,-0.0013416744199539199,-0.008596261070638378,-0.003848311365095336,-0.00057715749191256105,-0.002236761600462267
2016-07-18,0.0026872028489977051,-0.00093996053578337957,0.0015768257916368711,0.00072182213812865825,0.0089662386896509627
2016-07-19,-0.001016640640875921,0.0056418291273678811,0.0013381467862105811,-0.0056291601189292217,-0.010274723981168132
2016-07-20,0.0041631717396173329,-0.0054657709754086792,-0.014307049036417885,-0.0014512683054306308,0.0050503374643009469
2016-07-21,-0.003777232093237326,0.0020247759117419939,0.015232503958900745,-0.009885547766842917,-0.0030708234513854293
2016-07-22,0.0044850760170231929,0.0017318997953890136,-0.0074627223477007343,0.0030832382694823135,0.0072806918027112921
2016-07-25,-0.002715855961343383,-0.0007202733737842193,-0.006964758718206121,-0.019906194717412062,-0.010008076811707345
2016-07-26,0.00046153729125397724,0.0015864923521775598,0.0042241075487405855,0.0058241099303528721,0.0078627729848868011
2016-07-27,-0.0010610791155596377,0.012452546397835773,0.016111101422991103,-0.0097995988746725216,0.0033435276121904778
2016-07-28,0.0011546187189375168,-0.0018485566222897765,-0.0028899095580350309,0.00014982851718370327,0.00027783069948106309
2016-07-29,0.0016144862645537383,0.0083345632243136958,0.010339903082906332,0.01019539776860201,0.0052748777633937483
2016-08-01,-0.0008290018645941144,-0.010841947649374517,0.0018607962561190128,-0.032947561742419751,-0.0019332201566434337
2016-08-02,-0.0064071398231888566,-0.010303020519803252,0.0081257006797612608,0.0090549159915755961,-0.0071941306775052949
2016-08-03,0.0029225565318187208,0.0005784304015907793,-0.0047594254674300229,0.019315228904103865,0.0033441940659748592
2016-08-04,0.0010639598114867699,0.0075133390533486111,0.0016968857004249216,-0.0014923599322332892,0.0055557171682629747
2016-08-05,0.0081789823908935411,-0.010397219828516047,-0.01786395743940894,0.0091159147394661577,0.011602197912059742
2016-08-08,-0.00059574171115639452,0.001883344161721423,-0.00086241166381573198,0.013326917288132734,0.0070998979623930758
2016-08-09,0.00059609683090244836,0.0098369025936999588,0.0040803251185237421,-0.0052607757035489922,0.0067786969074783432
2016-08-10,-0.0024752509795952227,0.0038676941986988123,0.0046889534105498676,-0.010871030018548611,0.00026945013624724012
2016-08-11,0.0046406362927848832,-0.0089186199585454817,-0.0069228329694297486,0.0147036774246605,0.012924048254196352
2016-08-12,-0.00086867050483085961,0.0084231548083200103,-0.0021148010256029082,0.0055620040412993621,-0.0037215892449182775
2016-08-15,0.0028837088326538751,-0.0094234517671774043,0.0034536484045672999,0.0080058024585267784,0.010405481719460097
2016-08-16,-0.0051576483654814931,-0.0026666117836438019,0.0049280733796905896,0.0015885098750392235,-0.0044887616353005422
2016-08-17,0.0018811599069750162,0.0059979996875934027,0.00023350804866373309,0.0030276724840017089,-0.0063660678285898387
2016-08-18,0.0022436540544832351,0.0015798755882650006,0.0047470864618799347,0.020554735547456682,0.0093433635221171762
2016-08-19,-0.0014619733464464879,-0.0052354235061922161,-0.0088296753486114543,-0.0083095545158408113,-0.005554236966331727
2016-08-22,-4.5738188543142932e-05,0.0084347142711234113,-0.00148474204574367,-0.011504184833366238,-0.013297720997899054
2016-08-23,0.0020133920656024706,0.0010729846046180214,-0.00015649274735829444,0.0070399064603763328,-0.0040432912780175023
2016-08-24,-0.0051147447106584254,-0.0023568311960753263,-0.011114635054762179,-0.0039946348237454021,0.0027062134939459526
2016-08-25,-0.00068865692822173141,-0.0037938935845950317,-0.00087061092405649187,-0.0027214813704146135,0.00080990364223332278
2016-08-26,-0.0018830775469189653,-0.0058205195221162631,-0.0014259708499476664,-0.0034474270054727363,-0.0086300598187888378
2016-08-29,0.0049240347951164942,0.013371168140489109,0.0019833398964483884,0.0067742737381017992,0.0076170539837301376
2016-08-30,-0.0016485064343023659,-0.003851636780728418,-0.010055457179525829,-0.0034360759528951901,-0.0026996377915439185
2016-08-31,-0.0028441065276155753,0.0014322392150196706,-0.0019995201346942881,-0.015802124822308361,-0.01109932538503966
2016-09-01,4.6064664405820466e-05,0.0011029973553495775,0.0040872106204499214,-0.0029192210651968198,0.0076650776278361921
2016-09-02,0.0045080314451426684,-0.0081564536378007091,0.010216288370529014,0.011272078129246355,0.016300131702922327
2016-09-06,0.0030222186638613202,0.0072856787211874607,0.016907695537669243,0.015054993614492362,0.02138457202417765
2016-09-07,-9.1271739194431767e-05,-0.00071595336619045824,-0.0034185565881013069,0.0057046328491372478,-0.0031408284013372256
2016-09-08,-0.002282901476087118,-0.012541541233563769,-0.0053013792150961025,0.018718092085123761,-0.0026251567662547437
2016-09-09,-0.023934766752824244,-0.016474582475581312,-0.0065835595422865101,-0.029788679950910391,-0.033693287227530289
2016-09-12,0.014347187473858325,0.00051681547943216444,-0.0012623563085552014,0.0098995170267996979,0.0068102183614360268
2016-09-13,-0.014375522116025441,-0.011357483373220401,-0.0066355664917512325,-0.028555063605875008,-0.0251622353926787
2016-09-14,-0.00037535358467288837,0.0014919209310664261,0.0034194855282367875,-0.011845628824960763,0.003052990854736537
2016-09-15,0.0099934658237368357,-0.0043204579027956713,-0.0064193814917951064,0.012431685179000507,0.0171553913827871
2016-09-16,-0.0038657377956707872,0.0080796874648993988,-0.0024727221918859899,-0.0080737227640444997,-0.0068006964975764195
2016-09-19,0.0001871956973558131,-0.0032649651576692751,0.00207901920123299,-0.0005931359262658642,0.0079429755767110866
2016-09-20,4.7019836023620698e-05,0.003498629741117254,0.00095757059427281632,-0.0072687708399420403,0.00054315196174847813
2016-09-21,0.011245647215984533,0.008087513658390888,0.014588601451239303,0.023162155415436425,0.027974264561479334
2016-09-22,0.0063013202447688155,0.0079488619555629914,0.0023572174092152398,0.0011682671250179411,0.0071331852915368366
2016-09-23,-0.0054792730816820567,-0.00094876189461701177,0.0006271210413582029,-0.013275088329408602,-0.012854061526861082
2016-09-26,-0.0081022066642807422,0.0063583964606817034,-0.00078338012476109053,-0.0044353924628116603,-0.014615901947337528
2016-09-27,0.0062078622217307533,0.007334752560407054,-0.0072912605482133852,-0.0066822220892409634,0.014293260389130813
2016-09-28,0.0049636783754687386,-0.0021624174840065846,-0.0031590705828641319,0.043204986987526173,0.0090404689476497602
2016-09-29,-0.0090474653176794151,0.002528764058961297,-0.0011884132817953086,-0.0017195029860672673,-0.01739149860201461
2016-09-30,0.0075462487313120441,-0.0089368151159175957,-0.0034108059507945709,0.013637793137055265,0.0042906661390367251
2016-10-03,-0.0024042052703653338,-0.0032999869715030217,-0.0025469571504198596,-0.00070838016638707924,0.0069426711567104338
2016-10-04,-0.0050977802102349923,-0.011695410813083007,-0.034711127391590213,-0.010204259424472784,-0.011137680876953882
2016-10-05,0.0044254322878722885,-0.0046593196428683648,-0.0015706575141682944,0.015321245024032537,0.014481125584071108
2016-10-06,0.0006953910361591209,-0.0055727063574044777,-0.0092730181197806516,0.0015509921477561139,0.00079314168159472231
2016-10-07,-0.0034294398066779808,0.0006722210405640805,0.00066851244536181298,-0.005772812515026704,-0.0044901340115514055
2016-10-10,0.005208649758481565,-0.005898701490195446,0.0035076482865623593,0.015720026361931039,0.010878016312141359
2016-10-11,-0.012629817728710635,-0.0022538622806551611,-0.0050765695053313076,-0.011433254129285753,-0.023097145808309683
2016-10-12,0.0013121731049692276,0.0009791010003328271,0.0015892497462293154,-0.0042313710375901925,-0.0018806330145904049
2016-10-13,-0.0032755918120213057,0.0037602500171745046,0.0024219218364884831,-0.0055241006738949716,-0.0088832310468506259
2016-10-14,0.00051643224307729163,-0.014011389029049193,-0.0055819226506638175,-0.0058396549986790003,0.0016297967346148301
2016-10-17,-0.0034722428393929583,0.0063832231767917413,0.0026809625769763645,-0.0048710583494666615,-0.0010843339436896748
2016-10-18,0.0062624822904422395,0.0032467639222590883,0.0061831372149281361,0.0040310665979006455,0.017643614749051961
2016-10-19,0.0026669435524191432,0.00082842375326941387,0.0057299655530487215,0.014195890740095196,0.0061350552069456832
2016-10-20,-0.0018665861286724095,0.0010522455088224358,-0.0030550965627722526,-0.001131179390309045,-0.0029164569954959196
2016-10-21,0.00046749836375581388,0.0015028776055108217,0.00074543621730649434,-0.0065112646659141182,-0.00026575872189316119
2016-10-24,0.0042527469561837172,-0.0043508553053666077,-0.0022345797266349887,-0.0029915732056825517,0.0042552909296860175
2016-10-25,-0.0033504167679587749,0.0026370116533118715,0.0075481393541594333,-0.0045728856930670192,0.0010591892592348717
2016-10-26,-0.0020081033168740658,-0.0067632159155976979,-0.0055980925194877296,0.0022968648134380487,-0.010581816461604387
2016-10-27,-0.0026663199964243045,-0.010893864250087981,0.0018213529185828747,-0.0037237400472553972,-0.0085561561839948563
2016-10-28,-0.0029558011904307069,-0.0022176873266899211,0.0047103519110966996,-0.0027313812806488702,-0.0040451524135399763
2016-10-31,4.7296164641608129e-05,0.0061319899721434812,0.0029610183001298473,-0.010811781644561202,0.0056863307309620303
2016-11-01,-0.0072452788039936156,7.6922435952253565e-05,0.0064786034091393052,0.00014581787612688579,-0.0080773623174116294
2016-11-02,-0.0060188268993256466,0.0043502193509463716,0.0074146175166989181,-0.011073908186115089,-0.011943650634086089
2016-11-03,-0.0045770814006165228,-0.007675773225057636,0.0053381079372978313,0.0039782411893631853,-0.0027476255442276942
2016-11-04,-0.0011017680790998963,0.0089608242896308532,0.00072402522671821679,-0.0054299256344261249,-0.010192379603125135
2016-11-07,0.02205718779594168,-0.0085016280472325345,-0.018007861361529542,0.021543325211641706,0.036181281351562067
2016-11-08,0.0045037730314461122,-0.0040574103916318771,-0.0041752118695014273,0.0013002218393036724,0.0064464985777850092
2016-11-09,0.010601896537443478,-0.042432654048091378,-0.00065769345162869364,0.016300679753322056,-0.032559476926017572
2016-11-10,0.0024958186800083659,-0.014770638747954923,-0.01488974658560116,0.0042586429154738425,-0.028413930790724407
2016-11-11,-0.00230497990855838,-0.0056217319832853052,-0.022129449067882279,-0.018233255277158467,-0.019023225234250485
2016-11-14,0.00078533738212538395,-0.0059817238034874931,-0.0084542944207494086,0.0056147642874082582,-0.0072359797351052579
2016-11-15,0.0078030211762785129,0.0049460165670391909,0.0086986661865577908,0.028203247997370395,0.02011683332613301
2016-11-16,-0.0018785145086789301,0.0090231516985512794,-0.0029884400214107432,-0.0069618419388389752,-0.0082882302271394259
2016-11-17,0.0051407467580941724,-0.014714740499326862,-0.005138293152093909,-0.0067302932386864578,0.0014411864662196017
2016-11-18,-0.0022376146001239494,-0.0028877960034684458,-0.0087802071028961759,0.0040938681964539647,-0.0046042850821669257
2016-11-21,0.0075517658010455513,0.0024825060808142396,0.0037342622620732957,0.02375937895490865,0.0098292943357141116
2016-11-22,0.0019528278843841118,-0.00032953596663998219,-0.00034608855246265335,-0.00054931776109712338,0.015172897471378732
2016-11-23,0.00054436216300768336,-0.0038809600786205989,-0.019819983532816443,0.00412191296426756,-0.010715762378767812
2016-11-25,0.0037153480960394614,0.0014917772960645337,-0.0056512087386175747,-0.0049259598974464858,0.0048458969566738119
2016-11-28,-0.0046949418261531539,0.0073663800545828995,0.010567466787642088,-0.01388887693115548,0.0039714694463899303
2016-11-29,0.0019505522199343428,0.0041905134886253137,-0.0046573496878585807,-0.012271974545346009,0.0014128861985120977
2016-11-30,-0.0023994567900915698,-0.016200557985773356,-0.013419234467324848,0.050825924589315896,0.0016929239064040758
2016-12-01,-0.0036753728265198626,-0.010558802957402968,-0.0018791864382340373,0.002418536602972754,-0.011830639991614267
2016-12-02,0.00050116536776845244,0.0073276432587261464,0.0053792224242090736,0.0029490691680988945,0.0011401752104667207
2016-12-05,0.0060086190690959995,-0.0010867696047595077,-0.0053504412108680288,0.0088195958972558941,0.0082571433864890853
2016-12-06,0.0031674613210834757,-0.0007532754437524769,-0.00098619875783279021,-0.0018546870525668613,0.0053657473384189913
2016-12-07,0.013080849069383227,0.0085438953183560873,0.0035897112517582208,0.0079628025868381247,0.0168539535702803
2016-12-08,0.002448675773250919,-0.011793602983662388,-0.0023249765892274787,0.0053986927879263735,0.0044200567281831304
2016-12-09,0.0060403588814190723,-0.012439620990603584,-0.010486673587394413,0.0031428865107518966,-0.0052260092071862996
2016-12-12,-0.0011476420892641004,0.0018728705722561578,0.0038043311878657171,0.0046996710401172592,-0.0066348313116608715
2016-12-13,0.0066734251971449776,0.0035674565024788052,-0.0033387723118656343,0.011304429821560991,0.011132681618061691
2016-12-14,-0.0082539087804373024,-0.01117318674244383,-0.014667226454941784,-0.020043472865146739,-0.029727491944232742
2016-12-15,0.004117074619521599,0.0050507056482076429,-0.01369112807217554,0.0022291463326993277,0.0017019813423393426
2016-12-16,-0.0019556015734082388,-0.0022994756463570187,0.0066145587673787087,0.0062070422875000197,-0.0045313313345627382
2016-12-19,0.0021772969959710231,0.010756479716021561,0.0049976239785403109,-0.004574486608839301,-0.0068277677463151054
2016-12-20,0.0038573998667374987,-0.0049833036538745601,-0.0073671189735931009,-0.0022320744904030798,0.0034373193113252931
2016-12-21,-0.0027824211901033014,0.0044135543869183724,0.00055661525265926493,0.0015789488977719923,-0.0041576869076215273
2016-12-22,-0.001727541199212812,-0.0017877036302437199,-0.0024107755207141146,0.0040733392998575368,-0.011887487321220691
2016-12-23,0.0014643315455427075,0.002037526176788873,0.0031601819765598727,-0.00091624130507972357,0.0058685078903781829
2016-12-27,0.0024810763467346675,-0.0032193244003672072,0.0058370911853666829,0.0022266684236587064,0.004375684952875103
2016-12-28,-0.0082645081122766362,0.0073081692146523825,0.0027634769574851337,-0.010846679545009952,0.0075515822596632365
2016-12-29,-0.00022306464768817591,0.0035440128971344631,0.013136140888830861,-0.001982107177856518,0.016431176731799058
2016-12-30,-0.003654574655071019,0.0015129913511091608,-0.0061655662302206871,-0.0029124344190717411,-0.0070902269332071555
2017-01-03,0.0076498613756907918,0.0042809660882088263,0.0078460049773081408,0.011285667519466136,0.011996680386617609
2017-01-04,0.0059490722785850991,0.0038450480773961626,0.0035303646722089077,-0.0021008101978231553,0.0076207424364136411
2017-01-05,-0.00079460273851339469,0.015653919175935727,0.015515074970534615,-0.0024995683464383855,0.010924310999988807
2017-01-06,0.0035781254047686506,-0.0091822696989141139,-0.0073725512307261098,0.0009230439976339877,-0.0041563639618803494
2017-01-09,-0.0033009230231738629,0.008025756471061074,0.0082326458071169117,-0.014494712816144451,-0.00083488600572312333
2017-01-10,0,-0.00065665477333187727,0.0042602588509306205,-0.0090919235019042421,0.0058481700097530176
2017-01-11,0.0028258900571733747,0.0033680628317245276,0.0030932255360247574,0.010794806690993974,0.011904658984948524
2017-01-12,-0.0025100514017892817,-0.0022103042888748092,0.003612367067042932,-0.0041383634621974252,0.0043775768778735458
2017-01-13,0.0022957132033936123,-0.0047585667448536428,0.0026336178800692167,-0.0029491320635576246,-0.00081699038114391165
2017-01-17,-0.0035231645768768471,0.010469159563811337,0.014359507948471739,0.0061841841448670998,-0.00054536163845586572
2017-01-18,0.0022097436412309435,-0.012808326175283824,-0.0084591777336793239,-0.0022709142097815382,-0.0054558236665084303
2017-01-19,-0.0037045059676718006,-0.0068587095360330697,-0.0008706024299159898,-0.0054910938338683657,-0.0030166232069863685
2017-01-20,0.0036739656294955125,-0.00199692663322526,0.0024397178433508415,0.0037707299801432725,0.0019255775763868943
2017-01-23,-0.002602028843236126,0.010005031034217238,0.0064319673545478739,-0.010598773991235433,0.014827049133827375
2017-01-24,0.006411451748675967,-0.0068523434630963775,-0.0044909255406284654,0.010983155389777011,0.0062229400792126466
2017-01-25,0.008655916460511337,-0.012550537174764842,-0.0082414936749226619,0.0052306881312973452,0.011024517425229918
2017-01-26,-0.0010455167161111945,0.003366675468100544,-0.0092721970033536882,0.00080042931293622388,-0.004255330043315686
2017-01-27,-0.0015703027654063728,0.0036084925287198644,0.0020306880028346797,-0.010398315521494839,0.00080137425745574475
2017-01-30,-0.0062012460066444008,-0.0030099587148236795,0.0042294771871418391,-0.018321252897435913,-0.0053376949729609935
2017-01-31,-8.7990688249162119e-05,0.0069591910050110783,0.013863313276578859,0.00041148282606973119,0.0018779823624250902
2017-02-01,0.00039560356722279089,-0.0061831619534583604,-0.0030290445198764004,-0.0074075276442566729,0.00053603669370816398
2017-02-02,0.00065871527324223855,-0.0004201754689845405,0.0055555504045368131,0.0056658442903738671,0.0042826024945377128
2017-02-03,0.0068932871141094143,-0.00041950885673847083,0.0025034610211955854,0.0086577651424528668,0.0061298714496660356
2017-02-06,-0.0017879533111014867,0.0060499584490840697,0.013519329475210284,-0.0084468439537641604,-0.0023841937915305422
2017-02-07,4.3962341301106989e-05,0.0073501691452046991,-0.0020390643159919897,-0.014152259272265044,-0.0050449321969366911
2017-02-08,0.0013101440113578722,0.013598945520062689,0.0062149102896604802,0.0023694232896152023,0.0061381142437786362
2017-02-09,0.0059326871312359586,-0.011534239159534887,-0.0076148701860386803,0.011262617463913882,0.0045091593466937141
2017-02-10,0.0039461673223506466,-0.00057915867876046079,0.0026430007347089113,0.0075619286214783088,0.0092423205457281554
2017-02-13,0.005442317655226514,-0.003147191884186884,-0.0068026822512189389,0.0019106947604470292,0.0031398943875486918
2017-02-14,0.0039952454409784011,-0.0072268951711594864,0.0011129901542927811,0.0032689768536604547,0.0010431308966993846
2017-02-15,0.005220651510499108,-0.004602881847382112,0.0044470763850958939,-0.0039367237207338368,0.0080770331907562554
2017-02-16,-0.0008513971761038297,0.0054647474088060921,0.0053640263872474225,-0.013630155168209535,-0.0036185990529744583
2017-02-17,0.0015765175283399824,0.0059356801663530412,-0.0033875467452245678,-0.0055270571776756539,-0.0041501607607178359
2017-02-21,0.0059550175714848663,-0.001744841337746772,0.00059483085182443496,0.0068085265059105726,0.010940077540301685
2017-02-22,-0.00088785240341648919,0.0016647298587579851,0.0013588421410561935,-0.015181228350315545,0.0030919798362503137
2017-02-23,0.00067686726989801826,0.0029925015574125968,0.0087354655865206077,0.0042043612661148977,0.00025692100559604469
2017-02-24,0.0012691107584097416,0.011104459503550768,0.0063897300423407799,-0.0093497507428412785,-0.011812979161220039
2017-02-27,0.0015626913228456996,-0.0059014476507958102,-0.0048453986336436383,0.0085927549374047452,-0.0031188010283043077
2017-02-28,-0.0026989636598296896,0.0037102388538683417,0.00092344365190766275,-0.0030727783264709041,-0.0096450673011879706
2017-03-01,0.013997631893931883,-0.016756233513637975,-0.0014258642418293332,0.020033629586421409,0.015530313962765163
2017-03-02,-0.0062975087962351406,-0.0035990008273324436,-0.012430671576410091,-0.0094766515691152575,-0.017625651758046534
2017-03-03,0.00062957002508978732,0.0026039161343229811,-0.00059533673868106263,-0.0018026302763852753,0.0076515832955443841
2017-03-06,-0.0029779115067556372,-0.0047757332842619515,-0.006722839768239397,0.002222634505722354,0.00052392154972569216
2017-03-07,-0.0029870295696771132,-0.0030310417545339474,-0.0080534821073966478,-0.0088703505953535711,0.0010466184876833928
2017-03-08,-0.0018565154031267017,-0.0054041490753881094,-0.0062187012290060295,-0.02601043806195158,-0.009411743619266888
2017-03-09,0.0012681671251173476,-0.0079810670941655726,-0.0051277277108421337,0.0066047277332070831,-0.0079175145350863785
2017-03-10,0.0035042690605973092,0.0035089341086333992,0.0021839783116450739,-0.0014264667072166892,0.011172907649264152
2017-03-13,0.00050489994475388933,-0.0063111552050260089,0.00017430825360564839,0.00014297983563782424,0.013943741376542418
2017-03-14,-0.0038267495756003633,0.0048064916704217975,-0.0054034785491596793,-0.011282471916726489,-0.0057084237798131765
2017-03-15,0.0086534342082904558,0.01221456220175865,0.018664539100545774,0.022244319743112584,0.026096182740921403
2017-03-16,-0.0019668317013761261,-0.0050629696278472469,0.0041290611349127371,-0.0070648598584387434,0.0061038099714212368
2017-03-17,-0.0017562807207958109,0.0062762749007385654,0.0022273151662723922,-0.00073006033290778927,-0.0017693314536115778
2017-03-20,-0.0010967225152852533,0.0042987832556724559,0.0044448609450054022,-0.0014329667168242466,0.011648153422012308
2017-03-21,-0.01283959444594418,0.0083087459248614159,0.0087652009239416184,-0.0070299334569827732,-0.011013548545359408
2017-03-22,0.0023533347412985073,0.0039952516668286808,0.0024464392887426634,-0.0014448573227788808,0.0048088882307268932
2017-03-23,-0.0010671998549355299,-0.0014093784679997112,-0.0013464921286197029,-0.0040514217029163913,0.0002520561620398265
2017-03-24,-0.00072647420666027696,0.0035697194558528267,0.0016010992191619611,-0.0039230115724671055,0.0025180344431732227
2017-03-27,-0.0010261920760289422,0.0045506738025926641,0.0056368682946730253,-0.0046674118151567301,-0.0027630695845310971
2017-03-28,0.0072766609777832336,-0.00667099083137912,-0.0040993714446050378,0.01421469957989463,0.0027707252913105052
2017-03-29,0.00093473365451246515,0.0059691127901491114,0.0024361635861640529,0.013726307202298171,0.0017585743622527961
2017-03-30,0.0031843243220166517,-0.008076380000825778,-0.0072069102250508221,-0.00028485009793677296,-0.0052658728883139272
2017-03-31,-0.0023273904936715883,0.0029080911179684144,0.0021102388572973307,-0.0034219835179583047,-0.007058292674179012
2017-04-03,-0.0017395119084048227,0.01008688434442484,0.0053065805840650793,-0.0017169071066620578,0.0055849425304894673
2017-04-04,0.00063767301078598848,-0.0054247840522606561,0.0022622897018258481,0.0073090015037080569,0.00050502074793579155
2017-04-05,-0.0029725125005328756,0.0030575554280036776,0,-0.0031298776729468125,-0.0030278840465204349
2017-04-06,0.0028107248634370308,-0.001482437721676777,-0.0036783349883247052,0.0079917488981717799,-0.0017716894087154156
2017-04-07,-0.0010193805187720395,-0.0040430148401164878,0.0023493772325884343,-0.0038225569265916137,-0.0017750719839373374
2017-04-10,0.00059542043823790358,0.0046389785185816379,0,0.0075326296501216916,-0.004063721384076957
2017-04-11,-0.0011899073546964845,0.0094828660138202014,0.014481863135711759,0.00014091871379884324,-0.0022954770927733348
2017-04-12,-0.0043817010150466462,0.0054731407418950884,0.0068487019138516736,-0.004231014116954257,0.0048569499619401935
2017-04-13,-0.0064950729112641659,0.0030874396036379981,0.0047533342649672683,-0.018272234564173262,-0.0043245992626214091
2017-04-17,0.0088599680710934603,-0.0030779366600961477,-0.0029363834815018253,0.0021642406351709553,0.010475022910344745
2017-04-18,-0.0029842702132242271,0.013079827005909817,0.0047447794600019577,-0.0093578527717168569,-0.012642118985766726
2017-04-19,-0.0018385124916181494,-0.0054532480236044734,-0.0088747463002685212,-0.01467774395824617,-0.0061460131001029872
2017-04-20,0.0081391342516174969,-0.0038698226550295534,0.0018893922713916211,0.0048668206927287017,0.012367979841573895
2017-04-21,-0.0031868047348012629,0,0.002869780885113693,-0.0049906203861398435,0
2017-04-24,0.010997818109294233,-0.0049377704313888771,-0.0067859882121454884,0.0059008251906689235,0.014252819492989843
2017-04-25,0.0058188305166027021,-0.012039278507043227,-0.010125150830952667,0.0085058225077874194,0.008783340228673886
2017-04-26,-0.00062913928834706923,0.0055163570507543724,0.0049064144523129904,-0.0033448918912969416,-0.0037315969520190784
2017-04-27,0.00083933113700207507,-0.00032740701260136618,-0.003723907331012466,-0.010942526976340128,-0.0012482119826474625
2017-04-28,-0.0021798245448643172,0.0022117653533664239,0.0031563855415273068,0.00073789372354471361,0.0014997028768704013
2017-05-01,0.0025204145949737633,-0.0083136106231167517,-0.0091082098592096816,-0.0028004851176577361,0.0057417957224652483
2017-05-02,0.00037696757672311954,0.0051203801893415779,-0.00016709821486060594,-0.0050261118218576373,0.0071975742044423363
2017-05-03,-0.0012144865031810115,0.00065824613355203176,-0.013957360197643709,0.0028227034691434838,-0.0066536532780119284
2017-05-04,0.001174018200463145,-0.0049273308615704892,-0.010086475737808298,-0.018370093308331059,-0.011163196735834657
2017-05-05,0.0039371050370531346,0.00090774712149466197,0.0018837333588364036,0.015846435567010486,0.0082785732293186864
2017-05-08,-0.00016707354349221326,-0.0054414609231391298,-0.0022220505211832942,0.0071308819177828831,-0.00024851576965168043
2017-05-09,-0.00091788023183081435,-8.3124288842717498e-05,-0.0059956912055005862,-0.0082607069516679177,0.012692764465121131
2017-05-10,0.0017957437954296829,-0.0011606108000744575,-8.6188159995170821e-05,0.013238437536048808,0.006635204760507829
2017-05-11,-0.0020427369939713946,0,0.0039641423719698476,-0.002055481221292399,0.002197805977216083
2017-05-12,-0.0016709055922126126,0.0075531086492062194,0.0028326337429587234,-0.0033834330006086155,0.0041411761045375695
2017-05-15,0.0055232467578294475,-0.0027181196497036986,0.0026534071191921527,0.0078229850370343801,0.010189375613098184
2017-05-16,-0.00091528890003522712,0.0037170860768214187,0.0043537829852127174,-0.004979244835277119,0.00096046205024657993
2017-05-17,-0.017744007382515914,0.014566864802238122,0.018189539837597968,-0.0098617002734979753,-0.017034462339642897
2017-05-18,0.0040285325649878079,0.0011353250296841644,-0.0081810113485570879,-0.00029742224018936003,-0.016597393856955134
2017-05-19,0.0065039579379724266,0.002349643624583786,0.0049659454541624015,0.012341966779391589,0.0213451734260377
2017-05-22,0.0050774209343042997,-0.0027483610406172643,0.0041876046366016162,-0.0022030938381573106,0.00097189891840443465
2017-05-23,0.0022130684172243509,-0.0067276460258752779,-0.0063386332490281694,0.0023554315564033868,0.00097106925007417466
2017-05-24,0.0023325323291787381,0.005630950998724682,0.0039449489937126714,-0.005287225878121915,0.0038807365404247562
2017-05-25,0.0047798097270730366,0.00032394347951414382,-0.0010868426783263718,-0.018160382728300228,0.0048321115778491297
2017-05-26,-0.00020695294768569017,0.0017039364314834771,0.0088717570205210095,0.0016542133777841528,0.0036068817307250978
2017-05-30,-0.00086885678329429172,0.0049398136211189492,-0.0033184131644334869,-0.013361318224578866,-0.0052711785389965016
2017-05-31,-0.00024830413172527432,0.0024986516157936567,0.003995366733579031,-0.0042606606648781797,-0.007707150231807125
2017-06-01,0.0079523090895234905,0.00010490701773413491,0.00082903723962912679,0.0062653815801514412,0.008495308016889247
2017-06-02,0.0033284061738589887,0.011840097415355855,0.0073724269437449585,-0.011541576160462919,0.0050539987900690697
2017-06-05,-0.00073741692950601845,-0.0062093350533227731,0.00098678353737158275,0.0018436962673169521,-0.0011973248201230247
2017-06-06,-0.0031965299775552625,0.0054470974387637039,0.011254375087548674,0.011808303623204397,0.00047959411477238589
2017-06-07,0.0018499485230769608,-0.0047795335449392073,-0.0052802724121524536,-0.014095368821723464,-0.0011980729558576098
2017-06-08,0.00049256796540109171,-0.0026421012092933127,-0.0065332416684454886,-0.0029208576489396787,0.0059978882674465162
2017-06-09,-0.0015177200619911346,-0.0015248909153996459,-0.0091245425107161493,0.024051738866686323,-0.0076315642707731612
2017-06-12,-0.00020533266246880455,-0.00032173899124421368,-0.0014932827593217013,0.0070762848623242558,-0.0052871970069122698
2017-06-13,0.0048897768569458044,0.00016124151160323841,0.00099703178774923629,0.0074750203720008734,0.0048321115778491297
2017-06-14,-0.0012678782556967416,0.015436265678689276,-0.0054781178927597596,-0.018103850943379407,-0.0002403759846213438
2017-06-15,-0.0019242762619287035,-0.001583548626207687,-0.004172926066378535,-0.0075565283075099687,-0.010341475820707546
2017-06-16,0.00021878012026177451,0.0019830490207728424,0.00016758836001962152,0.016543989252346014,0.0017009657482371932
2017-06-19,0.0083249225483010836,-0.0014254013309682456,-0.007625239321596311,-0.0063346392165072318,0.0099463862769466616
2017-06-20,-0.0067440923263892838,0.0089563342995298001,-0.0021109516115493943,-0.012750554435565165,-0.011052539322770505
2017-06-21,-0.00024686414979868676,0.00204241088013557,0.0028769363429739236,-0.016143823636053156,0.002196410191835918
2017-06-22,-0.00045302121575896415,0.0021948200996817491,0.0033749707830614817,-0.00062525227811338624,0.0051131562370365646
2017-06-23,0.0011946267821529855,-0.00046845414959251208,0.0042886154060137738,0.0067240502399217306,0.0053293413377057952
2017-06-26,0.00065805155649445446,0.0037557788480351295,-0.0089592203976395224,-0.0021746055353074611,0.0096389803057641554
2017-06-27,-0.0080563175136307841,-0.010680941767267971,0.0038019343183648413,-0.0015566126716102247,-0.011694693697972935
2017-06-28,0.0089503577458667216,-0.0033107105889382815,0.00075754540135197779,0.0054568125145642021,0.0077274225923014139
2017-06-29,-0.0087887615525948926,-0.0083812622111769652,-0.0048780641178415296,0.0021709829340181841,-0.012700454796555682
2017-06-30,0.0018643971504912482,-0.002311917262244112,-0.0025355227563521598,0.0044870224279338622,0.0046113481116865085
2017-07-03,0.0016956005942478924,-0.0032200416999617065,-0.016353163532217163,0.019254365274761653,0.0057985099386732575
2017-07-05,0.0023120379204082386,0.00024116964644105288,0.0037040254866080868,-0.02025081194831102,-0.0019216188350308361
2017-07-06,-0.0091442325764677923,-0.0082739313936028847,-0.00042907160833882685,-0.011106044346063548,-0.012033494130900046
2017-07-07,0.0064849810294562715,-0.0059935754665392249,-0.010217244173899132,-0.0015595075907312017,0.0019484274748768904
2017-07-10,0.0010737936554081617,0.0014669675249547875,0.0016481821948142183,0.0032804567403139639,0.0094823854641228333
2017-07-11,-0.00074254806189599787,0.0017084026944127473,0.0012990519121256483,0.005450102120872824,0.0081889942834756368
2017-07-12,0.0075146524995151065,0.0069045188437895089,0.0035460648934033667,0.002787496199773809,0.019349775111288769
2017-07-13,0.0016804594426194086,-0.0062922546827814951,-0.0018098688846157618,0.0040157473857587167,0.0049219771378308241
2017-07-14,0.0046640783293359078,0.0012173295393820283,0.008202356680584888,0.0059988836406932311,0.0125929966335252
2017-07-17,-0.00012211453471111522,0.0027570103283558467,0.0044532353122390678,-0.0012232023852104534,-0.0046060526727118578
2017-07-18,0.0005292037753443779,0.0087329073492181664,0.0069912156912232959,-0.0047457142116337225,0.0030076584928204753
2017-07-19,0.0054141621813075247,0.00040125390651102322,-0.00025399017138139079,0.014612665278611825,0.0083045637093122071
2017-07-20,0.0004452557234979615,0.0028837612998469098,0.001354979930841882,-0.003031790112027144,-0.0011439802557006162
2017-07-21,-0.000890328268316809,0.0042349304801236887,0.0086265586171283548,-0.009884535635922731,-0.00068687450901216973
2017-07-24,-0.00024306550401997917,-0.0038980263469933218,0.00041921366315400554,-0.0018429758479852065,0.0029792876834897619
2017-07-25,0.0024309614695878778,-0.013019587352908757,-0.0032687905257637873,0.01261735100563488,-0.0025133899350754385
2017-07-26,4.0233279223089724e-05,0.0016187342193112464,0.0080726463105795787,0.0010637189206836872,0.0082471643613020174
2017-07-27,-0.00092923073517225951,-0.0049285502700888717,-0.00075072021982436343,0.010169763889651406,-0.0054532074632878125
2017-07-28,-0.0011733429770796056,0.0059272573405999562,0.0075131606895433301,-0.0012020653148471228,-0.00045683667618956481
2017-07-31,-0.00056691805271724682,0.0012109948386758163,0.00049712119794587117,0.0022567532101571697,0.0011428273508060638
2017-08-01,0.0022287615607179401,0.0070202408855297715,-0.00082814471321812633,-0.00015026806614815147,0.0029678311899412613
2017-08-02,0.00048519515883849174,0.00056236845092305643,-0.0020721093811704172,-0.0037529866175868287,0.00091066493010094618
2017-08-03,-0.0019399103870809675,0.010343512576100666,0.0015780299800982611,-0.014014353718376227,-0.0040936790236740794
2017-08-04,0.0018223297455697285,-0.0084919288356787304,-0.0077949650929408643,0.0032093481148325331,0.0036536646160034714
2017-08-07,0.0018593207624932884,0.0011206971463171289,-0.0011700742821817434,-0.0076170626290302801,0.0068259748635155493
2017-08-08,-0.0024612483881900626,-0.0035978799238094439,0.0029286123995055924,-0.0023029157051163152,0.00022604622962285603
2017-08-09,-4.0188314203937203e-05,0.0054564031510715427,0.012097421498902916,0.00092310333356149243,-0.0090373768511272656
2017-08-10,-0.014115257048681662,0.0085396851897054926,0.0074190218777656636,-0.010606886153992634,-0.023712087392830927
2017-08-11,0.0014766993295973752,0.00047472476986132328,0.0047459441567772043,-0.0065258421298731717,0.0023354062542604304
2017-08-14,0.0099130907311020255,-0.005141626851889014,-0.0070852898452256063,-0.0029720518898335158,0.010251845295126349
2017-08-15,-0.00012177157560877561,-0.0042134291220113917,-0.0077099313166750783,-0.0037644987123021112,0.001153214296494065
2017-08-16,0.0017447505073722169,0.0036728943311286066,0.0073565826165720161,-0.0096046558171046792,0.010366219615482342
2017-08-17,-0.015591084950283274,0.0074773485496020253,0.0050873480201418797,-0.014149433968434266,-0.012768055255240163
2017-08-18,-0.0015631028288095594,-0.00023679852156310854,-0.0015511047050799087,0.0049993938134720306,0.0085451586933369406
2017-08-21,0.00078266646943281337,0.0024483328097737456,0.0037612352656932746,-0.0051350708486046504,0.003663811303496356
2017-08-22,0.010456977793486422,-0.0038606347337465374,-0.0044803115199318899,0.00661287189008819,0.011179522660946795
2017-08-23,-0.0035852567136653857,0.0068014857226197378,0.0037640053016831931,0.0043264496924724227,0.0047383128594218338
2017-08-24,-0.0023308120677600908,-0.0036919402386206279,-0.0030977195654199319,0.00063796319770981214,0.0031440130761049012
2017-08-25,0.0023362574448058115,0.0038640705769770189,0.0036797525952512178,0.004464499360884,0.005820372171076782
2017-08-28,4.0847359447981901e-05,-0.00062886622101465672,0.015887278895027057,-0.0044446561961369868,-0.0035611689439269956
2017-08-29,0.0011448996940377487,0.0032223572186653726,-0.0021654043401579948,-0.0012754693958194618,-0.0017868436938250909
2017-08-30,0.0047377726209014703,-0.00031354270716521526,-0.00048221796718150856,0.00047917955893161945,0.0015664307520362186
2017-08-31,0.0060158421386844463,0.0029779195770591738,0.011740101940391323,0.0047866464800070396,0.0015636676077492861
2017-09-01,0.0014140089533800637,-0.0076492680095915366,0.0019074699121892635,0.0096871981155530751,0.0073614523679990107
2017-09-05,-0.007181832169088409,0.015858347158711261,0.011105834943620163,0.0055049633286698985,-0.013064979828257384
2017-09-06,0.0034137575463699665,-0.0061354020775705731,-0.0050996511105270148,0.016267882929088096,0.006506912237487672
2017-09-07,-0.00012159400784728103,0.010236660735149394,0.010409331674411826,0.0018466887833421541,0.0073560064345259413
2017-09-08,-0.001174698287513487,-0.00216558121025201,-0.0012487602904230899,-0.010600368983283093,-0.006638464930231569
2017-09-11,0.010665957515735958,-0.011938348584562108,-0.01390950036975469,0.0094720918600141868,0.013365969677063161
2017-09-12,0.0033706785486031787,-0.0052564880189363006,0.0029320477853171933,0.0061527871495556941,-0.0010993195500711428
2017-09-13,0.00047996807327632673,-0.0039431829567598831,-0.007506297144185381,0.012536248448478782,-0.0052813889773223321
2017-09-14,-0.00031994217320663321,0.0041172013372090532,0.0043786565487244911,0.0048314923368166784,0.0026545082536386655
2017-09-15,0.0013462370473735774,0.00039431850542825941,-0.0049936974042884552,0.002359867883682254,0.0059577077625014851
2017-09-18,0.0021267425253441719,-0.0057543598148946939,-0.0093204666639276068,0.0042527939701726414,0.0035096147881994444
2017-09-19,0.0010013708861174031,-0.0024578922981308704,0.0020907215740946228,0.004083679084217362,0.00218563346233136
2017-09-20,0.00036006020944712169,0.00071534239989401449,-0.0080243939813862131,0.0067777306057543729,-0.0045797898791384295
2017-09-21,-0.0026794989754692633,-0.00055610193992117196,-0.007603967161635139,0.00029928524806011048,0
2017-09-22,0.00020055317089773261,0.0028610724091904238,0.0045647013139933357,0.0050853367865986154,-0.0056967720851818227
2017-09-25,-0.0020443497122467624,0.0062593896528662096,0.010467388330802407,0.014434616216947527,-0.016967919272836696
2017-09-26,0.00060256060888796981,-0.00181087409520575,-0.01116196421162674,-0.00044008823453478563,-0.0026901402665853169
2017-09-27,0.0038941559955882887,-0.015067442658227681,-0.0094201399907782868,0.0042558703928978758,-0.0035960735990583359
2017-09-28,0.0011995139903824281,-0.0029641925069683328,0.001885519931214219,0.00087699355194481576,-0.00067702015814075089
2017-09-29,0.0035150287506351408,0.0022496440421551078,-0.0051550385249778952,-0.00014579586742013984,0.011512392080556433
2017-10-02,0.0043391073593903595,-0.0018312668271232013,-0.006662322551317712,-0.00029235931144666605,0.00022332560299220816
2017-10-03,0.0021397556420519326,0.00096569744170826866,0.00049685509361752089,-0.0010225495175788524,0.015841106096126323
2017-10-04,0.0011864605731752853,8.0324389889918635e-05,0.0028138403768793729,-0.00073093270756485751,-0.00021979396035765042
2017-10-05,0.0059252727633569702,-0.0037774828024770279,-0.0053643767904709705,0.0045361309437172981,0.0074694007475253343
2017-10-06,-0.0011389033311721697,-0.0028244957569228957,0.0047295030758449652,-0.0084489883169045488,-0.0050152152418839746
2017-10-09,-0.0016511706024877615,0.0031558995356268937,0.0081757826666501998,0.0020570598462501533,-0.00065752705090260655
2017-10-10,0.0026385238795181287,0.0016128856277570769,0.0026212294399132752,0.00087949844162804602,0.0098683701388604383
2017-10-11,0.0015711951759231901,0.0019323938075934688,0.0031862694835504968,0.0023435645794227522,0.0045605079559960515
2017-10-12,-0.0014903623780911923,0.0042601610738000062,0.00081438613385054204,-0.0036536560747000291,-0.00043244890459581686
2017-10-13,0.0012172719661229792,0.0072024322511932137,0.0075677460313676725,-0.00058632085765653041,0.0090830310356688759
2017-10-16,0.0013335134100633805,-0.0007145122322266273,-0.0068647914409308841,0.0022013290233520166,-0.00064301241147179944
2017-10-17,0.00070531928579842251,0.0012720769376501906,-0.0068309665686474563,0.0005856185841683903,-0.0051467074754610875
2017-10-18,0.00097855875869234943,-0.006591701480445189,-0.003766470931119148,-0.0070246825893881537,0.0023711991694455037
2017-10-19,0.0002737422561238656,0.001758889365124805,0.0059176562138463229,-0.0030949030979766645,-0.0088173357310219469
2017-10-20,0.005160476835462946,-0.01061344458423652,-0.0063730597531389543,0.0019217742767552171,0.0036885628690959127
2017-10-23,-0.003889403735966579,0.0017744768256002796,0.0015623915833617996,-0.0051643965654157853,-0.0079984860246760103
2017-10-24,0.0017570724399651461,-0.0061997074727685453,-0.0038587948187768228,0.0019281271635991359,0
2017-10-25,-0.0049503130204807677,-0.0047799822633564082,0.00016481202311569021,-0.0069577262106315096,-0.0021792712356465405
2017-10-26,0.0012928002277385886,-0.0033378557745041837,-0.0084054112558058502,0.0020871716989452338,-0.0067697197946423593
2017-10-27,0.0081761837577736252,0.0066163712019819965,0.0047369707151214691,0.001784902944876432,0.014511762036824249
2017-10-30,-0.0037251130661161147,0.009574060160074449,0.0019023633137824625,0.0051976198255241357,-0.0062854000750447447
2017-10-31,0.001558092688790147,0.00032148415688615373,-0.0037975653834969592,0.0032503078541961106,0.0093784514081489689
2017-11-01,0.0013221724280785274,0.0044530008489500617,0.0036463284004548679,0.011338409147351181,0.0051862368136057491
2017-11-02,0.00038835278172943966,0.0044086171571171562,0.00066057163447696965,-0.0029117868124469704,0.0012894928537339201
2017-11-03,0.0033385780846257873,0.0027137050598136092,-0.0047033557499910339,0.0029202900745746163,-0.0051524326120777619
2017-11-06,0.0015477763574693881,0.003740753692072829,0.008539203746006141,0.022859482449152591,0.011221438422341468
2017-11-07,-0.00069541625258784379,0.0042030164368060952,-0.003616953850285376,-0.0012813307997809886,-0.0064018822423524968
2017-11-08,0.0017008492292114319,-0.0022111679385939942,0.0034650455582678763,-0.0048458322979998414,0.0047249823743009678
2017-11-09,-0.0036275852629854555,-0.0028488404552655666,0.0041108280135717656,0.0030073419916758493,-0.006199208782565524
2017-11-10,-0.0003101210365256124,-0.015079784682194952,-0.0081879965814214417,-0.0052829919344584697,-0.0043021898529407299
2017-11-13,0.00093011021477762412,0.0020951730512583921,0.0014860093226882753,-0.0057422002736583488,-0.0021604398185335327
2017-11-14,-0.0023226752165496078,0.0067550447528945678,0.0020608359165059653,-0.016170938335478113,-0.0067111961443990786
2017-11-15,-0.005005045444245515,0.010862618400289792,-0.0012339083538733808,-0.01130022042437262,-0.0052308405755524534
2017-11-16,0.0085008768264265289,-0.0086915984329244411,-8.2383130951102501e-05,-0.0040077454198481632,0.020814837292360888
2017-11-17,-0.0029389634148772048,0.0074122120042949824,0.012026351450757033,0.0049180841399618647,0.0049367342972914674
2017-11-20,0.0017065312335728944,-0.00039547670690531778,-0.012616010451388715,-0.0023730863130886348,0.0051261209645947492
2017-11-21,0.0065427437888638806,0.0031658452449618846,0.0016487064682373376,0.0022300451675998367,0.013386895615427497
2017-11-22,-0.00088454200358301094,0.0032353842525094656,0.0092173080198929558,0.0040046913969589149,0.0025164994586919232
2017-11-24,0.0023099560605965852,-0.0027527965597017312,-0.002527909692056296,0.0028070173722760661,-0.0020915581179222764
2017-11-27,-0.00049941419647425711,-0.001419671865421579,0.0041694092339998878,-0.010165109889038182,-0.014672181127627359
2017-11-28,0.010144657451407468,0.0013427852257208439,-0.0001628614521104188,0.0077392385041237244,0.0074454292185595072
2017-11-29,-0.00060835509329248971,-0.0098587544432353624,-0.0062698205225436565,0.0054645752642825673,-0.015836327258239136
2017-11-30,0.0087550328405165967,-0.0033458142748934439,-0.0077024126053301112,0.014982212750095147,-0.01094193523025766
2017-12-01,-0.0020757912664620681,0.013494727752047631,0.0040462251853310427,0.0083936484770483766,-0.0056399296392770637
2017-12-04,-0.0012097913166128071,0.00047466874197943376,-0.0033719553011211101,-0.00043047217263036952,0.0019634428076416022
2017-12-05,-0.0035966664713382723,0.0049753276157282755,-0.007096885692240984,-0.0043072092566424081,-0.00065313057451987788
2017-12-06,0.00018990467794099963,0.0034582154835318679,-0.002077792558461522,-0.012977524684376185,-0.013507702212024131
2017-12-07,0.0031532393073305798,-0.0078324521850295925,-0.013159005872162011,0.002921812265099355,0.0028710329876147078
2017-12-08,0.0054528273277520967,7.9094973425286597e-05,-8.4348949414558838e-05,0.0091767508168845158,0.011671526886497308
2017-12-11,0.003013109665506164,-0.002052037892731895,-0.0039669244377652513,0.0072171808273606697,0.0050064815556221109
2017-12-12,0.0017648201796294227,-0.00039594562875555628,0.0011863349471583629,-0.0027230226895893495,-0.006714304486414413
2017-12-13,-0.00011237022663102003,0.0075175439313110992,0.0086330650012136356,-0.0014370538390591214,0.011992914875876393
2017-12-14,-0.0040859943652703512,0.0042410603276332726,-0.002013911785324396,-0.0035975269681542965,-0.0073258582856323695
2017-12-15,0.0083273694612353566,0.0037538424864131947,0.0021020768465358497,-0.00090131429184714396,0.002170553520570051
2017-12-18,0.0063410279573921091,-0.0091160783296462267,0.0046148938609620327,0.007712503356460898,0.011262756550858288
2017-12-19,-0.0038404594060699182,-0.012973537080050002,0.00075166069796495094,0.0014439744101713003,-0.0052834494496911688
2017-12-20,-0.00052389349212123015,-0.01107298381041899,0.0026706701355303508,0.014131430155543523,0.0013116498316634306
2017-12-21,0.002059571219688916,0.0058277523149423693,0.0014150005810633637,0.02118580606008269,0.006548552702913879
2017-12-22,-0.00026177272489302794,0.0013646481859173054,0.0052365131377021257,0.0020883785184537818,0.0084581120548068434
2017-12-26,-0.0011960233393480957,0.0029655925208245115,0.006862859144246114,0.0087537023296502259,-0.00086026343389278281
2017-12-27,0.00048664519642604986,0.013025236110729921,0.0037776687734956127,-0.0033056727037535927,0.0025829132700874169
2017-12-28,0.0020574669424606729,-0.00086759195360130992,0.005072364396301321,0.0015199072786882262,0.006869991094840433
2017-12-29,-0.0037704419902229169,0.0015790420839543184,0.0065120314342237418,-0.002897718872568178,0.004690604105120455
2018-01-02,0.0071571432181560812,-0.010799033664422586,0.012131014811884722,0.01646825335127966,0.018888131166584055
2018-01-03,0.0063251527791250428,0.0047811348664419384,-0.0026368503957744371,0.014976357831671505,0.0095813002664382196
2018-01-04,0.0042150695677336536,-0.0001586724740221257,0.0051273785548244799,0.0060359293163985139,0.004951604868657089
2018-01-05,0.0066636372752344464,-0.0028556238160427627,-0.0010361649479244672,-0.00039963028535527911,0.0086224709614641792
2018-01-08,0.0018289962267576954,-0.00063614021029778645,-0.00015961279955856167,0.0060021140845401,0
2018-01-09,0.0022631625200946193,-0.013372680935223036,-0.0046284750854691525,-0.0025187135943900429,-0.0016284244028618167
2018-01-10,-0.0015297421944718836,-0.0012106292184606016,0.002405158456580736,-0.0011966817523698658,-0.0063200614358633889
2018-01-11,0.0072963506072958317,0.0041197652592168676,0.0032792423107441682,0.020495382510795634,0.0061551713046228418
2018-01-12,0.0065184130659832196,0.0016898782536214352,0.012117319941670202,0.0096502899146522214,0.0095837061503780685
2018-01-16,-0.0034181500163602552,0.0041755287021205678,0.0016540570729914883,-0.012658203654802413,-0.0038375462023729767
2018-01-17,0.0095316806482219629,-0.0013597671822450641,-0.0080993850289163838,0.0087651131076349476,0.013179420633512962
2018-01-18,-0.0016804695916062817,-0.0092894641926822841,-0.0022197461602322388,-0.0081699118787812441,0.0012006957788324168
2018-01-19,0.0045493388100823484,-0.005253964764068475,0.0044493687897511069,-0.0013078984396653892,0.0081950836124555781
2018-01-22,0.008130935470392453,0.0009748380007577051,0.0018193589642852004,0.021602415447845136,0.0057495459587590947
2018-01-23,0.0021225528650743453,0.0043026822880758431,0.0049743169824536526,-0.0015376422808994761,0.0047306492376342213
2018-01-24,-0.00038806302192562203,-0.0054156898913150231,0.012177899643490031,-0.0026956686340784408,0.0084364493056043877
2018-01-25,0.00042344444775888057,0.0082085200627901589,-0.0066754684322627433,-0.0078509265566060193,-0.00058369042120665071
2018-01-26,0.011577674934643678,-0.0037084545946466374,0.00078148083583395866,0.0054486870515411123,0.013821357404936174
2018-01-29,-0.0066296571308069874,-0.0069583145006673064,-0.0056219942915666232,-0.015095149935459906,-0.015169028055527556
2018-01-30,-0.010256994498766492,-0.0058665958849322131,-0.0043187705453726632,-0.020172712052750175,-0.013647934599936185
2018-01-31,0.00049670363238907278,0.0059012159340470216,0.0067034578364650876,0.00066827073133923776,0.0086974969531365964
2018-02-01,-0.0011350936553998769,-0.01449287991982684,0.0032902921529123219,0.010287395880780315,-0.013521496210489259
2018-02-02,-0.021770232503705467,-0.0092786699137211714,-0.013117887393550687,-0.041788094809470544,-0.025625722967762554
2018-02-05,-0.041822263708456653,0.0094495837142338779,0.0025318434715526639,-0.041953821299562488,-0.035066259359633811
2018-02-06,0.019702029004213584,-0.0062134942610879706,-0.010496423649786535,0.0079224092877703267,0.032537289272297043
2018-02-07,-0.0054248808673558191,-0.0095029934894756973,-0.0047056655831482219,-0.016721111605689343,-0.031511975025355743
2018-02-08,-0.037508836729574724,-0.0010941381570895858,0.0015225774502147793,-0.030232719861454482,-0.034650330200949542
2018-02-09,0.015021689562948248,-0.0063186658161590303,-0.0016803225174144565,-0.00074920044763104876,0.015977229372054369
2018-02-12,0.014684391269071506,0.0044086255667072916,0.0048088973283544334,0.016349024030942072,0.0157260710997984
2018-02-13,0.002487528459192534,0.0044736697234510903,0.0056632293923437604,-0.0041321311411767203,0.0076349519379359521
2018-02-14,0.013496028392854909,-0.011092641388016133,0.017052616317100977,0.014522711380420272,0.025047705161267197
2018-02-15,0.012760178037360959,0.0033990384799416073,0.0011698445002850111,-0.0024832274079140682,0.0205338030548603
2018-02-16,0.00029321525615655375,0.0054206025857042039,-0.0032715826636962042,-0.0024891684217723808,-0.0032194039892038395
2018-02-20,-0.0062612954380654173,-0.0043803606421317642,-0.013441710167313103,-0.0054318780289677182,-0.013726217142589481
2018-02-21,-0.0049743778617450385,-0.012268185631440276,-0.0045943774673226079,-0.016826785794888166,-0.00081871155457569067
2018-02-22,0.0012959911613092956,0.002997673676392365,0.0050931033821179916,0.010959552623500679,0.00061453679430600872
2018-02-23,0.015939676854802132,0.0088823500683727907,-0.0012668539845070992,0.021681241710032051,0.017809396449864678
2018-02-26,0.011612085776270487,0.00033819070789542494,0.0024575674654647717,0.0059589692372434833,0.0092521466952815157
2018-02-27,-0.01248643659003823,-0.0014383161012435641,-0.01043890649807222,-0.013003599670178723,-0.029095511899130955
2018-02-28,-0.010129996897868976,0.0063561946842072281,-0.0010388975966705294,-0.022983625656958995,-0.014367585802543159
2018-03-01,-0.014540793573465827,0.0068261282460162498,-0.0022399902343750444,-0.0014983624927029648,-0.0018743242034338081
2018-03-02,0.0051549346929715689,-0.0081294460915507516,0.0053720186208119358,0.0046517541448753974,0.0041727942995315459
2018-03-05,0.01155765810149334,-0.0027039791793272983,-0.0016747674096407872,0.010605030435620444,0.00145447601984805
2018-03-06,0.002535014573508132,0.00093241660327469944,0.010784458146907872,0.00059129267270119357,0.0093358588895608996
2018-03-07,-0.00036649765566343362,-0.0011005368767119661,-0.0064016246456036763,-0.0075332312485610897,0.0010279963865860164
2018-03-08,0.0048392368905474381,0.0057618884804380155,-0.0023862794212923255,-0.00029763281181116596,0.00020525577696695052
2018-03-09,0.017402298696056251,-0.0065717199588896102,0.00095680711476631153,0.019056210849102584,0.021351011010454668
2018-03-12,-0.0012551890527620069,0.0057670255922173119,0,-0.0002923142021387104,0.0024116400642475444
2018-03-13,-0.0064623722639944869,0.0050597428375382947,0.0019117242474055995,-0.0071606285720051677,-0.0090235083928738025
2018-03-14,-0.0051316822541439544,0.0088092973682052378,-0.00063604572929809589,-0.0058876701994785563,0.0016190555515493976
2018-03-15,-0.0010897015688735578,0,-0.0063643233236726493,-0.0051819487850268686,-0.003636567934132473
2018-03-16,0.0010843803657694107,-0.0035763492662449492,-0.0024019459414951205,0.0089182992629814883,-0.0022303649280692728
2018-03-19,-0.013530507044088869,-0.0031714191054449392,0.0021669685053569143,-0.015450855707611622,-0.010769840666127184
2018-03-20,0.0017008874042105937,-0.0040190453607432675,-0.0044847054990844182,0.0084504447010393946,0.011092622198883184
2018-03-21,-0.0019191302277162814,0.0010928786668902291,0.01745640608927701,0.026185701957934793,0.0058917779281573157
2018-03-22,-0.024997176935834586,0.0099087925947560773,-0.0039531940759756079,-0.020414038215958108,-0.033326250015693337
2018-03-23,-0.021314721090472055,-0.00074773560517549242,0.012938539529958382,-0.0061030216295395734,-0.020267813825416647
2018-03-26,0.027359096493712709,-0.0038282427660669693,0.0052503578539357942,0.01797202795493047,0.032416552622645867
2018-03-27,-0.017011868997899526,0.010692306499235471,-0.0061584106879087885,-0.0094157260534418752,-0.018178037962686355
2018-03-28,-0.0029546628842447298,0.0026450601327352441,-0.01380496145836152,-0.019456417111651136,-0.0050494355481812692
2018-03-29,0.012777319978871438,0.0048636444410647961,0.0004771936450476133,0.021054281798899011,0.020934568847581714
2018-04-02,-0.021584468860863848,0.0019726928580230396,0.011686153191860393,-0.020026974944364562,-0.01802003962301113
2018-04-03,0.012817049235881228,-0.0077118619862328597,-0.0075436041832294132,0.021344510763114277,0.0099137883731863496
2018-04-04,0.010699371997423768,-0.0020673189686916116,0.0011876001018218396,-0.00133391747503675,0.00041734974832086102
2018-04-05,0.0078918284379068115,-0.0074572810939608214,-0.0051403235442577522,0.017957356638466981,0.0025056491733577158
2018-04-06,-0.022285905734715894,0.010935399682154845,0.0046899548774086419,-0.018078116044958681,-0.01957512441560405
2018-04-09,0.0049283920413589755,0.0016522349418661708,0.0034021703240154633,0.0047512419239794657,0.0010617882109529297
2018-04-10,0.015900533548642626,-0.001813745055551097,0.0023655815524343815,0.033101903097477958,0.019520401404446552
2018-04-11,-0.0052425101657858075,0.0035514520419883677,0.0077878999557852158,0.010442033717826593,0.00041644818947572659
2018-04-12,0.0082272082539081026,-0.0073247785830196088,-0.011630613197024187,-0.00014181871993235173,-0.00041627483257533626
2018-04-13,-0.0029329394277767262,0.0023210716946879817,0.0065550006606880373,0.011043628732033239,-0.009989294617641864
2018-04-16,0.0082216839585627088,0.00033141298235550565,0.0014123209845888773,0.010222542172777738,0.0012609826624563336
2018-04-17,0.010698309372343617,0.0027283933924164838,0.00094023935723952512,0.0038817953671304029,0.0020996354348472579
2018-04-18,0.0007402229920963066,-0.0079989540361276035,0.00078276692071299614,0.015741102039445343,0.0085899861021787594
2018-04-19,-0.0055475339925470379,-0.0081457267458967531,-0.001955416527053,0.0012237052614665345,-0.0058162178085624516
2018-04-20,-0.008479391258188973,-0.0072076725149257115,-0.007601890535287481,-0.004752298625224749,-0.012536787098004321
2018-04-23,-0.0001499286394219812,0.00025328836538784927,-0.0079759498439748722,0.0061392632898900068,-0.0080403971281415298
2018-04-24,-0.013467481030923323,-0.0045578714878409254,0.0048559194158126484,-0.010711966755405533,-0.0046931941564158919
2018-04-25,0.0024717967393006468,-0.0066975575694975253,-0.006496075996334616,0.0079499827785551869,-0.0077151326527188369
2018-04-26,0.010165726512019635,0.0069991491390390959,-0.0035085115107064135,0.014549632748083852,0.014470760392390591
2018-04-27,0.00093867830454419376,0.0077126317145830292,0.0042410080348873613,-0.010588347784951879,0.0061741090114897368
2018-04-30,-0.0076903983251602748,0.0017663610256244411,-0.0072510251960906658,-0.00013563575019281959,-0.0071942600241186039
2018-05-01,0.0017768417872559006,-0.0036012442939702405,-0.0070631453510231479,-0.0060967693300711945,-0.0049020406360857915
2018-05-02,-0.0067174703358167109,-0.0010974663695498821,-0.0004849855228984401,0.0040895441944412969,-0.0079244644443428047
2018-05-03,-0.0022036105062687161,0.0044806507929548989,0.005095004008440096,-0.0023079353571249239,-0.0021590161089241056
2018-05-04,0.012946252062104424,0.0015148683617227654,0.0020920674186053478,0.0048987419567423363,0.004543644227606336
2018-05-07,0.0033833164818273254,-0.0015963910099056067,0.00024087665871475039,0.0013538170153422069,-0.0058153343271821756
2018-05-08,0,-0.00092604900418402636,0.00016052535213439967,0.0078434064913168733,0.0056327002638401069
2018-05-09,0.0096658126963662383,-0.0059819832227061553,-0.0020868008225221057,0.020394459201151793,0.0019385317605675745
2018-05-10,0.0093507015402884974,0.0080520991108277151,0.0068366320405601755,0.0074950196940413161,0.020855918896794723
2018-05-11,0.0030512620941540725,0.0025224785951742934,-0.0014379318160805399,0.0014354813898063146,-0.001684627002809802
2018-05-14,0.00047667947350160667,-0.0052840969181976449,-0.0040800170898437349,0.0069073407720261493,0.0012656023199504318
2018-05-15,-0.0068869022720302597,-0.011382781202253556,-0.016145831322412652,0.00025905234033496427,-0.020648868247641672
2018-05-16,0.0042046532347221888,-0.0038374766723756615,-0.0015512935679184991,0.0034937659405667176,0.015060195312697422
2018-05-17,-0.00084465882854478647,-0.0050514049743330958,0.00057240734565522366,0.015086942164441286,-0.01526078080047466
2018-05-18,-0.0025002875082426046,0.0086048394875175571,0.00040865521010458039,-0.0077488187123022634,-0.0083942946980856137
2018-05-21,0.0075187706078876371,0.00051184915010304977,0.00057184619500083578,0.01024180602223379,0.0060777499862330053
2018-05-22,-0.0027799746832893879,-0.0015347618837430188,-0.00057151937382160511,-0.013306005790862607,0.0034516930849117777
2018-05-23,0.0027510831731150098,0.0072594856021006571,0.0010619822688413549,-0.00012887742659450918,-0.00042954437706210769
2018-05-24,-0.002048627237996592,0.0079698566552721672,0.0085685932309327306,-0.016441748667110567,-0.0053776039010159371
2018-05-25,-0.0023825652952664811,0.0062247532462962329,-0.0030746602854414551,-0.025989289824025152,0.0041089285778297402
2018-05-29,-0.011501220049005556,0.021902749342983308,-0.000162297242228715,-0.0030838196256279815,-0.023260940641880334
2018-05-30,0.013344961055988147,-0.0067077714968781788,0.001461160009810003,0.03026200198036455,0.0079382991868086616
2018-05-31,-0.0061262117352284262,-0.0016473793942470838,-0.0021885731251507501,-0.0075715646126571778,-0.00043746492751106647
2018-06-01,0.0098176570229946414,-0.0052834751998931395,-0.0049553258969357028,0.0047355650484146583,0.014007624472076374
2018-06-04,0.0047517041893621048,-0.0072326492631102912,-0.00097963196408046294,-0.0086410207215078527,0.010144686429917948
2018-06-05,0.00072747731309230623,0.0023445123780012622,0.0039224950295464467,-0.002377091840100598,-0.0076929350710731592
2018-06-06,0.0083602850277373353,-0.0081028747629244835,0.00056979809274460003,0.0047657278491841648,0.015073471200294897
2018-06-07,-0.00010765143327118309,0.0096856488794498929,-0.00048810250152531154,0.015151295721488545,-0.015273537000679127
2018-06-08,0.0029562705878225515,-0.003002770555003309,0.0012209142530825723,-0.0019467047551462446,-0.0019386309486436604
2018-06-11,0.0013297173914936788,-0.0018407427030542323,0.0017884823744616085,0.0052014796754089598,0
2018-06-12,0.0012925900947537983,0.0002517321433308517,-0.0033271415316106223,-0.0076323872843104823,-0.0025904583360165656
2018-06-13,-0.0031910878441673285,-0.00050309355766942065,0.003012561044629436,-0.0037806361343263317,-0.0067081855107975485
2018-06-14,0.0025176937489403972,0.0082998101117119916,0.0015422908372948463,-0.0014392383572260359,-0.0067542916630596306
2018-06-15,-0.0012756534346685111,0.00091462796990771089,-0.01653429211330959,-0.021478355314683895,-0.0078961071698802066
2018-06-18,-0.0020568736925326014,-0.00091379219001197498,-0.0018954650937899054,0.0099770232447167206,-0.012160143266020662
2018-06-19,-0.0038324552752468932,0.0058198975490764138,-0.0025596363391253707,-0.002269205612079106,-0.011038288531989515
2018-06-20,0.0017054666640476945,-0.0087624271335766668,-0.004470206141435118,0.0044153043054659946,0.0043276767809388161
2018-06-21,-0.0062686892088430479,0.0052544199429951366,-0.001746208886931222,-0.01851599713982055,-0.014061925635328043
2018-06-22,0.0018236564037525937,-8.3510810583109496e-05,0.0024156041546103957,0.019950956158309108,0.010351860334702367
2018-06-25,-0.01361284933540996,0.0022406444577010021,-0.0037393797734436296,-0.020092943917900064,-0.013433417992845698
2018-06-26,0.0022134820299422042,0.0014067441755438725,-0.0052547940330739396,0.01262911241620257,-0.0039234697475609703
2018-06-27,-0.0082838431427890713,0.0094244479388443381,-0.0057018303957350192,0.013409768256142929,-0.019230818148133433
2018-06-28,0.0057176480042875344,0.00024548285316572382,-0.0030359302141390598,-0.0013230680759938052,0.0085045636194267527
2018-06-29,0.0014392266170526469,-0.003438936582575991,0.003637288959023266,0.0062278328127298721,0.014991988056986427
2018-07-02,0.0021380762053433422,-0.00078219280031721627,-0.010029518972628937,-0.014748534815833492,-0.009923958756060336
2018-07-03,-0.0035309650592373343,0.0053568834651576136,0.01013112932642235,0.0062817195992483921,0.00069938600328045553
2018-07-05,0.0081580956033249219,0.0028685932778667045,0.0033712728254087221,-0.001062792485100883,-0.0025625520456782347
2018-07-06,0.0084580800489582053,0.0032691731646938837,-0.0015959885471287238,0.006116264873472721,0.013778937895481791
2018-07-09,0.0090043108659201287,-0.0064357712928588828,0.0024398528860691826,0.01493323794042456,0.017968080607672521
2018-07-10,0.0035981596176350994,-8.243143181962953e-05,-0.0018464223070558949,0.0074219300663824761,-0.0022630933490292993
2018-07-11,-0.007314559230003459,0.0038542650981483462,-0.010846724226159843,-0.02119670460555878,-0.019505586371633243
2018-07-12,0.0090662308252595913,-8.1409670551146895e-05,0.0041652317775568992,0.0017168964450573476,0.013648150097906209
2018-07-13,0.00078777540369023846,0.0025321339211870075,-0.0044019017620976486,0.0052726789642403293,0.00068459795528807987
2018-07-16,-0.00089428732364360553,-0.0041555551171004179,-0.00051013993948123559,-0.011539888361889239,-0.005473245452202069
2018-07-17,0.0040453550632120194,-0.0018815834021234101,-0.01080394929383155,-0.003979710867383468,0.0073377523761892771
2018-07-18,0.0021033505212444403,-0.0040173557135204652,0.00025798744076199753,0.00066599536790890035,-0.0011382437724340999
2018-07-19,-0.0037711553007018228,0.0063378135962126603,-0.0042988565944050983,0.00026619206779288085,-0.012306228016587983
2018-07-20,-0.0011429352946839,-0.012269019614429166,0.0064761248235114532,-0.003459791743596119,0.014305582836635855
2018-07-23,0.0018591100242510983,-0.012338408276357904,-0.0048043717426490273,-0.0044065336565300983,-0.0065972247514295423
2018-07-24,0.0050318097791506311,0.0034373179743658611,0.00034483547868391362,0.012607761143911711,0.014655764160271145
2018-07-25,0.008522797860047282,-0.001587213981013913,0.0055153342347380452,0.0083441698555777322,0.016249171653264893
2018-07-26,-0.0023592430761292249,-0.0019247387122212078,-0.0077991400388178755,0.010902359708362619,-0.011103977504759333
2018-07-27,-0.0067759861449966374,0.001676613327163512,0.00051831380952083173,-0.0042881505707209611,0.0035930767860550272
2018-07-30,-0.0052236618691545722,-0.0034316894594669245,-0.0015540041641225466,0.0082214110634997173,-0.0015662983207689329
2018-07-31,0.0049292471124473547,0.0054593981970627592,0.0029398731811909329,-0.0018119035747439227,0.0053787951871953066
2018-08-01,-0.0016707986373379891,-0.0081465744181720146,-0.0073282049295269047,-0.01387456381131702,-0.0089164596227373494
2018-08-02,0.005447682027527545,0.0014347883475085421,-0.005384772884042377,-0.0055229063762642916,-0.01327056582737729
2018-08-03,0.0042845978761014702,0.0049735081308475149,0.003492853105171001,-0.0051562866274449393,0.007750143530831366
2018-08-06,0.0036674963720644271,0.0005873438505115125,-0.0051339744804317355,0.0037212397734152081,-0.0076905407362953815
2018-08-07,0.0033025568977362862,-0.0051972830513453694,0.0022740706959851753,0.0074151016913099888,0.010257579710444054
2018-08-08,-0.00042020366752171245,0.0010111575045770316,0.0027926288022137591,-0.0072292306593835232,-0.0013535429663192877
2018-08-09,-0.0013664322305337873,0.0084180448688511156,-0.0014794690881722028,-0.0092675260882197907,-0.0029372025293077364
2018-08-10,-0.006699921528038888,0.0072630577850820721,-0.00043572793528057208,0.0061472505745712169,-0.021300981827311216
2018-08-13,-0.0037434912971100465,-0.0020719349878539628,-0.01508416880379293,-0.012750925348806841,-0.016438808547811878
2018-08-14,0.0063801992728644841,-0.0022427691461417432,0.00097380144514080946,0.0024219498201316636,0.0061203401270588653
2018-08-15,-0.0074673499970800972,0.0058269328314497493,-0.016626844065553037,-0.034894722073993911,-0.028778429085902446
2018-08-16,0.0080916029787334587,-8.3009857460569769e-05,-0.00080946097049139354,0.0072309771842491433,0.0062632488623997062
2018-08-17,0.003520617893072675,0.0012420521260405604,0.0092709162326118921,0.0024852591884367836,0.010533994495137033
2018-08-20,0.0021398564311954082,0.0066947673506041472,0.0049942495470025605,0.0067484199035026116,0.0045015994235422241
2018-08-21,0.0023451720693765665,-0.0033669387137489348,0.002928336094692563,0.0050616784615986621,0.012735565343338084
2018-08-22,-0.00059339272637382035,0.0039551256686685132,0.0022119979421830749,0.011977598146053481,0.0079181034987860777
2018-08-23,-0.0013279316726458879,0.0015593864214111797,-0.0094464529578470735,-0.004707376693076637,-0.016173892437791548
2018-08-24,0.006018313039115375,0.0019660718595266857,0.017468866017628759,0.0072970809338908094,0.018553284492898836
2018-08-27,0.007895689620033508,-0.0057243292805460033,0.0037665790293239798,0.0073786588557320787,0.014295900103048487
2018-08-28,0.00048268610415935775,-0.0060035873059471889,-0.0079413217715056383,-0.004261485719682323,-0.0036372866702458762
2018-08-29,0.0053814103089959708,0.0013237004507857808,0.0045742139485438482,0.0061523287271953997,0.0061601846302015151
2018-08-30,-0.0040489841945348104,0.0021488184971829583,-0.0049036565110203156,-0.0027916600386743706,-0.026077129376887553
2018-08-31,3.4551534147553298e-05,-0.0023086721979501679,-0.0011439392301669793,-0.0077309610287543684,0.0051220785849037664
2018-09-04,-0.0017222929125616515,-0.0057822409649889162,-0.0051096980014024851,-0.0021495654325713875,-0.01945789498613415
2018-09-05,-0.0026912505930373198,-0.0026658211698782353,0.0034534613352918964,-0.0013463361276369046,-0.014410684683399566
2018-09-06,-0.0030101871607405295,0.0036755635752729887,0.0019414156485668688,-0.018468403480622952,0.00095896294286923478
2018-09-07,-0.0019435133537297755,-0.0084894285396727165,-0.0027302937827557994,-0.00013718846785426564,-0.005028801026178642
2018-09-10,0.0017389413868469372,0.0036937014446445371,-0.00070654268906533702,-0.00041258707614233447,-0.0098676587207439104
2018-09-11,0.0032972302404568055,-0.0076103576858436162,0.00061864510720499588,0.0094821295071756406,0.0021878076535017943
2018-09-12,0.00024213151575103176,0.0023594622015570277,0.0083907166401662181,0.0051727738243605437,0.0050931116898702555
2018-09-13,0.0059145426026252501,0.0015135799436674091,-0.0035911013338910669,0.00040662975595773254,0.013513544839480529
2018-09-14,0.00017220577464160947,-0.0047852064127172911,-0.0065049708093173342,0.0052793552412442324,-0.00095246092704670549
2018-09-17,-0.0052944454654935136,0,0.0052203502460583806,0.0016159365509984536,-0.0090560785911811825
2018-09-18,0.0054262669201545766,-0.010459603448758292,-0.0014963310274801467,0.0065877561217828617,0.0096199364883085003
2018-09-19,0.0010654150883013802,-0.0059673179165428136,0.0038786565809445506,0.0030721278647425354,0.013816336673420082
2018-09-20,0.0081036632601068082,0.0046308902023590726,0.0034246522572403126,0.00026637031260046129,0.011043002284740533
2018-09-21,-0.00091354576687008304,-0.00042674865508329773,-0.0068259280844583659,0.0066077646883426766,0.0046478850480575762
2018-09-24,-0.0033221377174740274,-0.002562161460717749,-0.00017619740455376842,0.014646891583151911,-0.011334694480054419
2018-09-25,-0.00092745095657975618,-0.0010271009526645614,0.0015863250483771907,0.0064307408603476723,0.0039776317614601542
2018-09-26,-0.0029921714249635523,0.0070276124025050457,-0.0052793529790183813,-0.0096495050999186871,0.0020976690576064438
2018-09-27,0.0027937672546378689,0.00068068195880166549,-0.0088456432817800579,0,0.0048835707832128872
2018-09-28,0.00010316710012991948,-0.002636330186394753,0.0063364485955854644,-0.0027648309711959529,-0.006711415790501718
2018-10-01,0.0034743897569651239,-0.0073413638398961423,-0.0016850162983919059,0.013863261923552805,0.00023298448542874439
2018-10-02,-0.00058280377191066712,0.0061129786596969549,0.011548397044346626,0.0010416971785394136,-0.012578444791223276
2018-10-03,0.00054901413420127554,-0.01737149550406325,-0.0039519150503420919,0.0080655377493061842,-0.0082567341111042802
2018-10-04,-0.0078156004777389931,-0.0070537284944978129,0.00052905297969507714,-0.0041292874454033068,-0.024976208419684176
2018-10-05,-0.0055969176083083827,-0.0085949230848673119,0.0028198773824292811,-0.00012938833404174677,-0.0036595400197462213
2018-10-08,0,-0.003361901238470244,-0.011072074713894375,-0.00077796106298622103,0.0014692149786226238
2018-10-09,-0.001459992550121747,0.010119298261194842,0.00053312207309108572,0.0089494097319313681,-0.0036677048039517324
2018-10-10,-0.031662609347633208,-0.0027243450742410191,0.0024866677006325499,-0.031366543595663487,-0.029693246272179397
2018-10-11,-0.02202657999829849,0.012159446325200829,0.025691013434101517,-0.03384162273591429,-0.010116492842712099
2018-10-12,0.013888305804831802,-0.0034818765953052999,-0.0047503491808779108,0.0027467900532132106,0.029382102911048813
2018-10-15,-0.0056172359970890762,-0.00043711248918876233,0.0066822582715830858,-0.0083560477916222453,-0.010672750459145619
2018-10-16,0.021865716770948174,0.0022726168212825471,-0.0017241116227775244,0.0082883052041007321,0.02508784481197468
2018-10-17,0.00017841831066256475,-0.005929515425154297,-8.6374231147434699e-05,-0.0063020573197659635,-0.012236980323812485
2018-10-18,-0.014440679459187922,-0.00035131735569338129,0.001122698440194414,-0.0049634430771289262,-0.026263506655642366
2018-10-19,-0.00054281453526350276,-0.0021936559655201249,0.00077643175212949167,-0.0088682447824195432,0.0094145864573962346
2018-10-22,-0.0044887102193367223,-0.0013188333857747647,-0.0025860102252693862,-0.011044377062476185,0.010839325904628216
2018-10-23,-0.0050906287887285684,0.0031703796754798397,0.0058767635516041583,-0.026151930072511265,-0.01097246377704364
2018-10-24,-0.030298747405136717,0.0075485340718963734,0.0023198236435848507,-0.039483147948112807,-0.032274156453216518
2018-10-25,0.017940653570393428,-0.0041815452280186127,-0.0022287170244185139,0.012241289594210114,0.019280761609630437
2018-10-26,-0.017587361279626013,0.0060369326550888669,0.0031786521678458524,-0.0074649420383208209,-0.011503301081994377
2018-10-29,-0.0055404902271791734,-0.0022614341726046039,-0.0039393602611700329,-0.018652401142055908,-0.017325686181776656
2018-10-30,0.014818636146317177,-0.004968403166240698,-0.0043847864976440665,0.023145495623258405,0.019473447569565927
2018-10-31,0.01068104816819293,-0.0050803488969739519,-0.0056131391083675819,0.0061421338657539071,0.010841531443215979
2018-11-01,0.010641580239988624,0.00092689953418712001,0.01285276342099273,0.0084872481855660098,0.035750844242081525
2018-11-02,-0.0059227113146179677,-0.012433306713422021,0.00017151910256396619,-0.0025099803183556979,0.0064103988332959716
2018-11-05,0.0055167964518041401,0.0039289480031996504,-0.0024003324100665413,0.016725725624235022,0.0026945626650272114
2018-11-06,0.0063278195065952225,-0.00062180476849571509,-0.0028357980859837761,0.0046586889617261651,-0.0017101848088156846
2018-11-07,0.02140876092434052,0.0013341462962601636,-8.6195589034443465e-05,0.016374761761148493,0.018844819832452453
2018-11-08,-0.0018148046912991322,-8.9131637790895724e-05,-0.0021546152083956605,-0.021671125007299619,-0.025942806383230321
2018-11-09,-0.0097681585335480658,0.007465973203361953,-0.011228151978489587,-0.001748936818366631,-0.018495570139819506
2018-11-12,-0.01868522442356102,0.0065282262407211356,-0.0071628203247651179,-0.020729817017151708,-0.014070609583512361
2018-11-13,-0.0018714395550893936,-0.00061289648265894225,0.00035186771814399442,-0.022957567409524593,0.011467657559198541
2018-11-14,-0.0068361330280057864,0.00061327235512820266,0.0082673919668982965,-0.0016784508517859731,0.0060471416110836618
2018-11-15,0.01043615256974384,-0.00043767504793779111,0.0011339606953078007,0.014672329434949782,0.022289243030444439
2018-11-16,0.0026006916535241675,0.0057877005493405242,0.0074061699780225698,0.011899362645613865,0.001959763438801998
2018-11-19,-0.016914423173650439,0.0027896348414848671,0.00043241153066619908,-0.00029789732275165015,-0.013447356194722482
2018-11-20,-0.018505859555556947,0.00034777602322955126,0,-0.032757607897462737,-0.021561582812224867
2018-11-21,0.0034073383890080855,-0.00034765511711543073,0.0016426250921932617,0.015702143455921025,0.018490390750760977
2018-11-23,-0.0066787642447622142,0.0010430777510539446,-0.00077683382367521592,-0.031373280314992313,-0.011688505824799411
2018-11-26,0.016144029187693532,-0.0022579386268125612,-0.0011228924348919422,0.015021120537121568,0.012329998630204786
2018-11-27,0.0033645432846867163,0.0011316495375115476,-0.0059668146406788303,-0.0027747280778896988,0.0069601091403694859
2018-11-28,0.023025696339097124,-0.0048692042337902253,0.0037407596049732206,0.017158654423450104,0.023944649791090677
2018-11-29,-0.0021849627277312766,0.0039317144378034907,0.0031201301691909933,0.0065352033252326081,-0.0086789471101330617
2018-11-30,0.0060952108288445661,0.0037427481070968494,-0.0017279847238081958,-0.0018120493990149145,-0.00097273299480504782
2018-12-03,0.013241250880700273,0.0070997587756307379,0.0075298835008501541,0.022235790076797102,0.020204419376412597
2018-12-04,-0.032402522828705371,0.016741960608298578,0.0060991243203933898,-0.028706817780851379,-0.021236099218440052
2018-12-06,-0.0015171400063496154,0.0031406839662988517,0.00017073636097553191,-0.018433852076433555,-0.0092638273253187187
2018-12-07,-0.023235724014883163,0.0018610440431157116,0.0081099278913445705,-0.0055874370027121367,-0.018700446288022476
2018-12-10,0.0018969377363482476,0.004138087964652426,-0.0034718947025937918,-0.015607903549237356,-0.010531616356208695
2018-12-11,0.00022719894239764393,-0.00016790474606720451,-0.0011896617036487589,0.00031722491271857223,0.0076024029064873933
2018-12-12,0.0050353049444848974,-0.0044587203107041562,0.0021269354947484054,0.0039625648660466251,0.01634816723808652
2018-12-13,-0.00033904627820124933,-0.0023655551736881941,-0.0022073362272654329,0.0031574551835023001,-0.00024722956295042398
2018-12-14,-0.01846469981576937,0.0034725283030925258,-0.0039989894119348834,-0.022820280029745788,-0.014108930874209946
2018-12-17,-0.019618410371675221,0.0058238745074004061,0.0069195729103175285,-0.018199485639456836,-0.0092895399791319555
2018-12-18,-0.0010964035625087298,0.0059887720968343494,0.0023754880187698557,-0.023622043083711075,0.0067904597842392
2018-12-19,-0.014975653087588858,0.013210661912434363,-0.0060939586238212273,-0.0117608520326834,-0.016606722829183296
2018-12-20,-0.016278091905412517,-0.0036310400439164559,0.015413416962360094,-0.027711255496910447,0.0077938591920678757
2018-12-21,-0.020489494194700031,-0.0001651129279071073,-0.004360924625816387,-0.0097072961478134046,-0.0069602727226042438
2018-12-24,-0.02642294311572313,0.0049698731902134696,0.010950096100037499,-0.04045615484491305,-0.0093458392231584586
2018-12-26,0.050525039026638074,-0.010715830922349512,-0.0029994416849354888,0.062221623377822777,0.01991592405884024
2018-12-27,0.0076772133774631879,0.00016650141215790448,0.0076048471073464352,0.0052455653880845166,-0.0012845096908514764
2018-12-28,-0.0012900479900327388,0.008414481301550536,0.0040640114871839383,-0.0076539233260702888,0.0095188493484030801
2018-12-31,0.0087588313103794668,0.0038001810406658176,0.0015694898830167503,0.0052589068417154827,-0.0045868914914989345
2019-01-02,0.0010402601564936109,0.0052664811805369638,0.00065980891591488344,0.019703306033061807,0.0025599258248021339
2019-01-03,-0.023862667451903019,0.011379603736166199,0.0090661704238064189,-0.0099177591386541142,-0.018130594925790389
2019-01-04,0.03349566791159031,-0.011575002652139288,-0.0080862359005293705,0.034024101423248077,0.032249281326779844
2019-01-07,0.0078846175550264519,-0.0029481531975771302,0.0034584828763319919,0.014865617190680691,0.0022677840563607443
2019-01-08,0.0093955301546959635,-0.0026283642081130765,-0.00270804061547536,0.0077352491285043179,0.0037707859705100599
2019-01-09,0.0046734019312990593,-0.0015650480212899831,0.006418158373500793,0.015841990081383983,0.017781081480991556
2019-01-10,0.0035274272361101033,-0.0064334127129510588,-0.0058866914812765181,0.0028938667280486996,0.0071359080592434676
2019-01-11,0.0003864956343322401,0.0039018213442569838,0.001727170986037363,-0.0059314056371586599,-0.0048862682176643579
2019-01-14,-0.0061009918219850912,-0.0037211708785143127,0.0023808971992356209,-0.0024190019447046796,-0.0083476761819087919
2019-01-15,0.01146074956681753,-0.0036523747333622181,-0.0017200351443329431,0.0035566560486279819,0.0069323674354468956
2019-01-16,0.0024198769542098653,0.0010004336910289791,0.003199863787636481,-0.0012887536348198392,0.012294040606624979
2019-01-17,0.0075867999797654129,0.00024898399109263281,-0.001308546962521917,0.0091935003077423527,0.0043720819035217851
2019-01-18,0.013309870319040407,-0.0052412707611847464,-0.008926410300850951,0.020297419863305688,0.0048368554456066359
2019-01-22,-0.013510353514387674,0.0067746021250516542,0.0035531343340227117,-0.021773424951513909,-0.017328493620353713
2019-01-23,0.0020922420278168818,-0.00041559863821416521,-0.0013997379433262624,-0.010248180816965657,0.010286326598595963
2019-01-24,0.00053169775996653179,0.0065659653490990344,-0.0015666428373899421,0.0053390414816221199,0.0096970540542724581
2019-01-25,0.0084612225785771766,-0.0047888692783656372,0.01461726258147622,0.012713074977845462,0.013205625821882228
2019-01-28,-0.0076002775265786582,-0.00099557365196334402,0.0034999210730881636,-0.010011210804967918,-0.010426765413049766
2019-01-29,-0.0013269954856286459,0.0050661274009664581,0.0055965807144329194,0.0030498863783721131,0.0016763161234565338
2019-01-30,0.015830943035361589,-0.00074385422414713354,0.005726722578225818,0.014082345746942115,0.021754562883786743
2019-01-31,0.0087825556984650888,0.0086001078222472938,0.00048117377030232333,0.0064697076399151676,0.008422958191843577
2019-02-01,0.00048144618624035296,-0.0060396597904234239,-0.0020040080160320661,0.017403795848518921,-0.0078887568589020018
2019-02-04,0.0070354963122256642,-0.004463938884363583,-0.0043373567512235978,0.0023116397585973836,0.0016373244632188477
2019-02-05,0.0041916683684297684,0.0045667420245056878,0.0025814754532722528,0.0015375661937251373,0.013775447660485662
2019-02-06,-0.0013181495990183256,0.00049603987479884815,-0.0067589020449085879,-0.0073687914714967162,-0.013588263251270827
2019-02-07,-0.0095330349463939035,0.006609903405228712,0.002430293392984062,-0.022115680884199573,-0.010039485141117965
2019-02-08,0.0012217172827881928,0.0042683263601404065,0.0037982966608789415,-0.0045865231852919575,-0.0056606156100169613
2019-02-11,0.00055508986250263348,-0.0039227804737794747,-0.0049110427087010189,0.0047664331967576246,-0.003320716783104638
2019-02-12,0.012858876516842033,-0.0025439187485067905,0.002103577179937588,0.012650304361680575,0.0083293980818852642
2019-02-13,0.0032468540656211964,-0.0037843304086515595,-0.0039560621779020089,0.012492024154385994,-0.0070804621175013516
2019-02-14,-0.0022181649354278132,0.0056980983016989839,0.0055928896542951634,0.0035471551397454615,0.0019017801725089711
2019-02-15,0.010897528826708136,0.0015597989446394234,0.0059649001106465427,0.016136555805799979,-0.0014236544327188572
2019-02-19,0.0017302298820958129,0.0025413130380413929,0.015224309695700766,0.0030246624653489373,0.0078400312826039098
2019-02-20,0.0020157083442222667,-0.0028618130099796746,-0.0017363346220005127,0.0042220627962072932,0.0056579496604391988
2019-02-21,-0.0035557896715395776,-0.0089391320686614817,-0.011306137470128319,-0.015465348365830134,-0.0021098996572205264
2019-02-22,0.0061997540019262942,0.0059579160369644946,0.0035985360836492397,0.0028978679780113925,0.011040897085195178
2019-02-25,0.0013611818744543314,-0.0029612363561615229,-0.0010358346885893654,0.0016724566551546971,0.011152364585685026
2019-02-26,-0.00071511971405457952,0.0049498687303084488,0.001675034536747555,-0.0031877756582997518,-0.0034468371579918777
2019-02-27,-0.00042984298670467602,-0.011328912383411716,-0.0070871108191714605,0.0038073347976015359,-0.0085308779833809245
2019-02-28,-0.0018625171882838965,-0.0034043557424731086,-0.0056139591300887748,-0.010013840464120349,-0.013023594902915714
2019-03-01,0.0062435806199463428,-0.0092430993006032969,-0.017017506627186707,0.018390844883869661,0.0011782900691894582
2019-03-04,-0.0036374795243132585,0.0078376417279359956,-0.0026255308667169075,0.0018060410371902869,0.0014121567241527355
2019-03-05,-0.0013593661069560836,0.0020902252326442383,0.0013162525939691694,-0.0033050128691615166,0.0098706278678075687
2019-03-06,-0.0060572208540299322,0.0036718308426171298,-0.0009037184460104486,-0.012659979146119493,-0.0055852140809945494
2019-03-07,-0.0083656040253698993,0.0064847269975873978,-0.00082228824619035024,-0.0059531860440458217,-0.018488225244705836
2019-03-08,-0.0019998064883465227,0.0042129645487509748,0.010945553273622899,-0.018734803917965448,-0.0071531637555269922
2019-03-11,0.014501314631817586,-0.0029611740490658178,-0.004884390198699684,0.015649471286011796,0.018731809127829457
2019-03-12,0.0037705473882108098,0.0070123932693264557,0.0060537099647921533,0.0064714957940195106,0.0051863476147975263
2019-03-13,0.0066196110195069213,-0.0018840654579506122,0.0069929497274530128,0.010104209404665276,0.0011726577021151652
2019-03-14,-0.00063974107704578564,-0.0072234713990548816,-0.011547098821608426,0.0010610351117741335,-0.0053876961214815999
2019-03-15,0.0049404193411144437,0.0066142506729842676,0.0045747695600069083,-0.0003968927221276175,0.01460206757456417
2019-03-18,0.0036258251329892577,-0.00057525169409822219,0.00056924204382657884,0.013890799807057208,0.011142219512049634
2019-03-19,0.0002481185247455997,-0.0022183073629342687,0.0027632992145705249,-0.002709652456583389,0.00045905274357727066
2019-03-20,-0.0030102992054238387,0.010460214664276046,0.0064840579475344828,0.008755630406345194,0.0016062059196939593
2019-03-21,0.011294825409089881,0.0022010771416602903,-0.0040264132611631531,0.007034039040666018,0.0013744221402556267
2019-03-22,-0.019246418620430195,0.015534752923818118,0.002344768069306058,-0.027047251699055308,-0.029283820317838161
2019-03-25,-0.00075189661725583168,0.001601418974209734,0.0076631196167442628,0.0004583901518417921,0.0023570291002970034
2019-03-26,0.0074540881700424499,-0.00071919735233161308,-0.0049631374181497989,0.014351181249918854,0.0030564768985597013
2019-03-27,-0.0052289896976942529,0.0092022602261625508,-0.0052292961377341518,-0.0070741885127556525,-0.010782652128656589
2019-03-28,0.0037904801313293213,0.0034883911208949403,-0.014152850613865509,0.0037896325572273071,0.0066348163018676853
2019-03-29,0.0063051861839693579,-0.00094806531851421294,0.00090238399486985976,-0.0015102098746256898,0.010357829528025553
2019-04-01,0.011859180282445259,-0.014204161665845816,-0.0039341312066992762,0.013157844330034862,0.016542369464311868
2019-04-02,0.00049016072162122448,0.001849584381450331,0.0037028271386223555,-0.0068665175364541753,-0.0032087305898603757
2019-04-03,0.0015735655244133451,-0.0086678582991612796,-0.0014756542074283452,-0.0096198783374626951,0.0068981182739149549
2019-04-04,0.0026533914875415121,0.0028334954021098646,0.0025451358852759398,0.008347475114429681,0.0061658462485296717
2019-04-05,0.0048401267977211671,0.0012915844375529506,-0.0010645913747292512,0.017609698530882234,0.0077166667297430269
2019-04-08,0.00076233345362131111,-0.0035475625178894576,0.0043449644590187741,0.0044374842969348016,0
2019-04-09,-0.0051248071361307268,0.0031559986433704612,0.0052240582686200465,-0.012222234137306165,-0.0020269098187027934
2019-04-10,0.0034108490842614803,0.0024194471223857317,0.003085645543724258,0.0037268450848975121,0.0047393331186595944
2019-04-11,-0.00027744930895090558,-0.0058737810552769165,-0.012790430232882732,0.00074277388464394356,-0.010781822593571522
2019-04-12,0.0067662210297299019,-0.007122535570432631,-0.00098396982525905674,0.0026712807635282942,0.0072663272091397779
2019-04-15,-0.00065479759216158229,0.0025272869475210236,-0.0018879040751599296,-0.0059205554533621196,-0.0051849682248493734
2019-04-16,0.00065522663298311912,-0.0062616621006623685,-0.0089637857859232728,0.0065513360594096071,0.0074779159751605651
2019-04-17,-0.002446887534241049,0.00040937928952344826,-0.0019085831288392363,-0.0013312158365114124,0.0029241002033701946
2019-04-18,0.0019690938741832031,0.0052348368683345914,0.00074828706516960608,-0.0047399988790780556,-0.00067312815794129399
2019-04-22,0.00086193014969593307,-0.0048008813700090025,0,0.021133875603362107,-0.0065078497536875668
2019-04-23,0.008991573580956036,0.0021259919252496484,-0.0020769294200843058,-0.0016032781481072345,0.0022587578786243956
2019-04-24,-0.0022193668692988,0.0081585800775521022,0.0029137401441747812,-0.017517931701683143,-0.013522715338081581
2019-04-25,-0.00061587333023249702,-0.0014569918984584929,0.00083006950367581211,-0.0031206168028724557,-0.0013708600700298446
2019-04-26,0.0046566108557959396,0.0034043006136492693,0.0066351750334470161,-0.012967605174047936,0.0038893322982951339
2019-04-29,0.0015679290048229433,-0.0063811060640053263,-0.0044492123531945094,-0.00090607811062715093,0.0020510326081319974
2019-04-30,0.0005100360839260798,0.0051212688286990105,0.0030621129817147708,-0.00075598914814989371,-0.0009096472731234817
2019-05-01,-0.0075163381327524315,0.0041250894681397199,-0.0066006224629272525,-0.019966491958365307,-0.0075118587508338219
2019-05-02,-0.0021589503792915909,-0.0047616365220173318,-0.0038205903541769226,-0.017440780790779709,0.0022936749458444261
2019-05-03,0.0097879116672261457,0.0028382883703441664,0.005919618726200282,0.0092678120140028408,0.011899196637674025
2019-05-06,-0.0041150328651632373,0.0027490801555438704,0.0013261171213538869,0.00093377767647950805,-0.02057897862444602
2019-05-07,-0.016699926868153359,0.0076617806942433919,0.003310996887363693,-0.008707893658007948,-0.019626055219924221
2019-05-08,-0.001388980963352382,-0.004321830884720268,-0.0024750055657883907,0,-0.0014127301099594591
2019-05-09,-0.0030258705077204073,0.0040992940451463067,0.002398422606480155,0,-0.01580202045797674
2019-05-10,0.0050235502243056729,-0.0013606759274603641,0.0018977175142325109,0.0047062528082391086,0.0059906068321644579
2019-05-13,-0.025130605016524754,0.0078555932387120997,0.010211626950944463,-0.017174384780633822,-0.033349021349084906
2019-05-14,0.009044079669842997,-0.0029428084670876098,-0.001711902564663248,0.012231947788091002,0.01404614517852032
2019-05-15,0.0058574567671751954,0.0061423047595421387,-0.00057161273352557274,0.0051791990618508255,0.0019442990573550478
2019-05-16,0.0092607596384579605,-0.0033302770505799772,-0.0071901075072020593,0.0054644421554639333,-0.0048509326614599724
2019-05-17,-0.006464781690693755,0.0022278543413856156,-0.0070776116799617927,-0.010093494580578954,-0.018035469676481286
2019-05-20,-0.006612242725202222,-0.0020637797151732418,-8.2902081259605964e-05,0.00047034383607869046,-0.0042196995449539365
2019-05-21,0.0090158722412327919,-0.0015908986317684226,-0.0023209448003437272,0.011602731245851761,0.012712068601990367
2019-05-22,-0.0030717322746810494,0.0057357424392057155,-0.00099703178774912526,-0.015499116300338955,-0.0049224578125355301
2019-05-23,-0.012218303608004022,0.011247267974138664,0.0077345336135938858,-0.033532608785953877,-0.012861835259401988
2019-05-24,0.0022680963020615952,0.00086169124839319267,0.0010729131367257505,0.0037464831591351722,0.00100241055063921
2019-05-28,-0.0093003591543523445,0.0071998994459745447,-0.0038747008151563955,-0.010386066705752373,0.0035045287228989697
2019-05-29,-0.006710716153831231,0.0030303757197915893,0.00033105118696652447,-0.0063956775306761582,0.006485343983697156
2019-05-30,0.002731348701370484,0.0085984175859903367,0.0067841455794739325,-0.012708384664968486,0.0054521875597197678
2019-05-31,-0.013475180758088512,0.012519139868910623,0.013476862164072179,-0.017552537329311724,0.0034509717841455512
2019-06-03,-0.0025431552275372304,0.0066895765657866146,0.014432812396575123,0.012761536613891344,0.0090885058265273155
2019-06-04,0.02170672510907079,-0.011401711826628635,0.0003197259638094696,0.017305071359491997,0.0021908301962882959
2019-06-05,0.0086621405598492629,-0.0056520554123022926,0.0025569292123264198,-0.011065238840309521,-0.008015447001040843
2019-06-06,0.0065026756941963804,0.0032259125271025813,0.0032676817464412089,0.0185370498204529,0.00048973666226248547
2019-06-07,0.010006519159429628,0.0086522179154606693,0.0056402851919619135,0.0045911273275991427,0.0078316201124342122
2019-06-10,0.0045893403513983522,-0.0094125063737611203,-0.0099533497376269597,0.0029376674982075635,0.010442074905750554
2019-06-11,-0.00024200584410616344,0.00061265484199379827,-0.0011968524989021123,0.0019529089678720357,0.011295404354225713
2019-06-12,-0.0017653421114507406,0.00076621813919941495,0.0051925349440347102,-0.014130286376055179,-0.010694045158704091
2019-06-13,0.0041260235562803338,0.0034435699501316197,0.0061193406330888322,0.011696616674014226,-0.0016816589510341151
2019-06-14,-0.0011049706908898838,0.0025165367991075716,-0.00031596300165459557,-0.0065133076992218708,-0.011068370474961786
2019-06-17,0.00038008138696721261,0.0017489153389249612,-0.00063206544882499216,0.0083591796148911879,0.0039473873217144018
2019-06-18,0.010471448152628238,0.0050122485909958048,0.0050600835915723952,0.013816671806223146,0.024175644860437773
2019-06-19,0.0022569275654023002,0.001435394945684676,0.006057242183997058,-0.0011225974000041994,0.0083451645278092013
2019-06-20,0.0095545228770910207,0.0026411429622641425,0.025177896911959374,0.02215106857666238,0.014660772265290278
2019-06-21,-0.0014538074049583738,-0.01098661885435781,0.0066356121816599778,0.0072261634185255552,-0.0032625864583848418
2019-06-24,-0.0012242684050688402,0.007456590169625521,0.014850786310930397,-0.0089678184824485419,-0.0014027534919558438
2019-06-25,-0.0098082245202850693,0.0030960980913308234,0.0019411266395166216,-0.0079379271629431702,-0.010302111997362751
2019-06-26,-0.00099704768333752636,-0.0063995634057765205,-0.0091653931110999842,0.015362624756837917,0.0094628725730967478
2019-06-27,0.0035458038450886242,0.0070468986663776434,-0.00097770084695059101,-0.0074076351223771875,0.0070307293447495756
2019-06-28,0.00514546585389275,-0.00067703906730887109,0.0027100317696175935,0.011590937453891392,-0.0013963286600646718
2019-07-01,0.0090786727557221614,-0.0023389718898558787,-0.019369383559800002,0.00094220350200280301,0.011885337404244023
2019-07-02,0.0026045548786788331,0.0077135938405938909,0.021359735486276676,-0.015995247741176444,-0.0025332848369928884
2019-07-03,0.0079950732889320086,0.007129014768771702,0.001649060899963084,0.0039840607568639719,-0.0018472934383492179
2019-07-05,-0.0011379744213665388,-0.013263376629802037,-0.011150231525253074,0.0014286102040668158,-0.0069395501593921827
2019-07-08,-0.0054948869273648837,0.0013593576561443665,-0.0064326177345375157,0.0014264893012474467,-0.0060564298569114605
2019-07-09,0.0012464574009005691,-0.00037725271401112259,0.0035037454291328984,0.00079135598570867494,-0.0030466668525455098
2019-07-10,0.0047783178510558688,-0.0055068802383224646,0.015787490178783115,0.012810557625675623,0.0084626581136588719
2019-07-11,0.0023442926079229043,-0.013350082944344699,-0.008443584154164463,0.002029763882043234,-0.0018648441994452147
2019-07-12,0.0044764983554026472,0.0011536411595147733,0.0062547238141867911,0.0042076881559767187,0.00070076674891539348
2019-07-15,0.00033299606520520442,0.0057589514940397102,0,-0.0090005941859369054,0.0037339356117651601
2019-07-16,-0.0032255700799801446,-0.0029779626014391214,-0.0084625544307853628,-0.010648363103646252,-0.0013949259594223662
2019-07-17,-0.0068047382978131399,0.010798654783764405,0.016465317485397479,-0.011396072470694296,-0.0030270126619477145
2019-07-18,0.0036608396863719861,7.5318978374427914e-05,0.014117951186161548,0.00016007891421621068,0.0060720932202567024
2019-07-19,-0.0055549296947141613,-0.0023486461575815687,-0.014727392803034478,0.0046422151777567588,-0.0051068674488150556
2019-07-22,0.0024563116381128847,0.0018987248390309741,-0.00014876383044060137,0.0046209312403797664,0.00023333611263498533
2019-07-23,0.0071500537802768882,-0.0054572637890292208,-0.0056526182527806279,0.0026962076182710515,0.0011661997381526845
2019-07-24,0.0046997417271230635,0.0043435342559354773,0.0050863390183515378,0.004270999085731253,0.0016311738126002506
2019-07-25,-0.0047769907884575025,-0.0047797113794346702,-0.007070008058076338,-0.011340344847495798,-0.0088392300721715777
2019-07-26,0.0066998108221110186,0.0023631119525815425,0.0016489373686285891,-0.0050981418337298079,0.0021120309558806394
2019-07-29,-0.0018211040577650328,0.00030433304394672511,0.0066596781930050586,-0.0040030319376718193,-0.0018736834828223525
2019-07-30,-0.0024544322229245186,0.0024329912552745192,0.0033449561608962508,0.011254042135651732,-0.0077428234954847186
2019-07-31,-0.010940560696570456,0.0080411583675339404,-0.013112972808538625,-0.0031798466493845323,-0.012295960995420518
2019-08-01,-0.0087079875228088799,0.019859776601024004,0.024022196433904019,-0.022647613574806713,-0.019631144021472036
2019-08-02,-0.0075295402132428135,0.0092416049199108841,-0.0038120684590625675,-0.014360163366176071,-0.0097680112349659565
2019-08-05,-0.030072903869370893,0.017288434000830577,0.013981852270352535,-0.029801264586243326,-0.036991512164485707
2019-08-06,0.014022622642125171,0.0079929243409342376,0.0081283868970858375,-0.001194898683924861,0.014340684928713987
2019-08-07,0.00059073453435254386,0.00035735266902237051,0.015189695160357397,-0.0075173903141733112,0.0045440990341008014
2019-08-08,0.019619939452006907,0.0021423417316390747,0.0050346860981962394,0.02874858598532537,0.012314834048683387
2019-08-09,-0.0068113178616536763,-0.0019953517815386457,-0.0033161732510501585,-0.011044213782642531,-0.010178881602185053
2019-08-12,-0.012173264183558352,0.020849916933846968,0.0096985022600313275,-0.011844358440760039,-0.012038952098055389
2019-08-13,0.015551555572086428,-0.0034270242026259723,-0.0059595181547810183,0.0092467372265589987,0.012693323983102855
2019-08-14,-0.029567356905943587,0.022529055459236558,0.0068415942238304606,-0.039192393781272816,-0.02882908297642417
2019-08-15,0.0026416046784072389,0.011119686529510897,0.0066549698650941735,-0.0061806675272371159,0.0067113590308653936
2019-08-16,0.01475498561560773,-0.0080104005615638796,-0.0064022142552770944,0.013148746102024989,0.013846094740481707
2019-08-19,0.012048015133358181,-0.014302620125395848,-0.011696303286335752,0.022097373124856157,0.0040465139270640105
2019-08-20,-0.0076626372292269984,0.010344686966891725,0.0077953801910404241,-0.0084075265397887122,0.0020151591521708756
2019-08-21,0.008134969252242108,-0.0066655627468457102,-0.0031644201236604719,0.0064025439694741504,0.0095526151073705989
2019-08-22,-0.00030766044457508634,-0.0066407458222661475,-0.0025395077899371676,-0.0044705768321781081,-0.012948221480819089
2019-08-23,-0.02568726390892484,0.016434515885516587,0.019589847185487175,-0.033505989373299183,-0.014883996133054023
2019-08-26,0.011058379271973173,-0.0040421812907055488,0.00013875475282665306,0.0042888002087255739,0.0053775707275796059
2019-08-27,-0.0039238371404552996,0.015409251793362166,0.0095707390210586496,-0.006227864218770196,0.0017832395081025521
2019-08-28,0.0070419274335191684,0.0012871606743078967,-0.0028165394070236438,0.014324127544968812,0.0027966117692868053
2019-08-29,0.012772675186853322,-0.003788370450430234,-0.0071645668137534368,0.014651333993349169,0.011156384205649905
2019-08-30,-0.00044441913194903648,0.000271197657957023,-0.0025672712303844714,0,0.0077732573032280872
2019-09-03,-0.0058469353460012252,0.0012921538261929655,0.013913043478260834,-0.0048712703313035233,-0.0062204964333639756
2019-09-04,0.011350407112180827,0.0014944287336797757,0.0062435928789665862,0.013986240943478112,0.016775361645316345
2019-09-05,0.012855425176792945,-0.018110278025588844,-0.024001119491110168,0.012413676204678703,0.011327046183545519
2019-09-06,0.00077219244660953201,0.007115011720522979,-0.008523132778435305,0.0052791373131408914,0.0043826701355726971
2019-09-09,0.00050339762208984062,-0.017765441668117998,-0.0037344897557421985,0.019989994859232141,0.0031515463785625197
2019-09-10,-0.00023485358715047422,-0.017527947560257107,-0.0085579370471076111,0.011792061177114732,0.0007251530506364734
2019-09-11,0.0071110916613512654,-0.0017768791712813314,0.0060636763299137808,0.00098492483016610066,0.007003041189283632
2019-09-12,0.003463741374277518,-0.0065505067205220424,0.0020563606851882188,-0.0062314908018064052,0.0071942739264174715
2019-09-13,-0.00066379191778087598,-0.021359106648171422,-0.008279177519783909,0.0079204012830731418,0.0057144153290860089
2019-09-16,-0.0030885647889693502,0.012743316277921357,0.0083482945322035373,0.033562658489190156,-0.0078126894365946331
2019-09-17,0.0025320623549913712,0.0054236776753220362,0.0019813102518067005,-0.013939344439371282,0
2019-09-18,0.00059800107694107929,0.0042440150857760983,-0.0062853061531494836,-0.0048193234633906457,-0.0040560965830584994
2019-09-19,-6.6679254153267919e-05,0.0030078503467252382,0.0040508282157130093,-0.0025826010265912469,-0.0040730441223051361
2019-09-20,-0.0047247759360303787,0.01321083658589095,0.011820485442912032,0.00081626683978797132,0.00096252324403267586
2019-09-23,-0.00023461371134414488,-0.00021099300021121259,0.0055963838323653814,0.00032640956078977545,0.00096106023830122567
2019-09-24,-0.0078470753897109669,0.012053581275711878,0.0052869183084238713,-0.015823584677417291,-0.010564197019654165
2019-09-25,0.0059149393154700469,-0.014627053464628004,-0.018545379403875573,0.0016575749707381515,-0.00072781878375904885
2019-09-26,-0.0020829706466862774,0.0064327392933585248,-0.00028208802372808872,-0.0130728981005791,-0.00024307259398859138
2019-09-27,-0.0053873116502639595,0.0024581949456101704,-0.0051484291001123728,-0.00016786634919185861,-0.012873486347688368
2019-09-30,0.004637679772875769,0.0024522987115638273,-0.015525325955691782,-0.0072110354330462423,0.0056595639918124441
2019-10-01,-0.011894785435624833,0.0030106383726291597,0.005472814807717441,-0.023142010697424609,-0.0070956795574959042
2019-10-02,-0.017664515218564825,0.0024430818949048305,0.011673634369571584,-0.02455468771351621,-0.0076391701729586758
2019-10-03,0.0081927157535839346,0.0091213975339365927,0.0045306485525700158,0.010813499153671025,0.012912741644652392
2019-10-04,0.013532060112471989,0.0073840711190646946,0,0.0063137794050502904,0.0044128642696372733
2019-10-07,-0.004314406455356079,-0.0082888533414480214,-0.0085270719318057964,-0.0088883562632292579,-0.0082986433005842741
2019-10-08,-0.015525051882188667,0.0026942155999645223,0.0087425951112007905,-0.01705628585265706,-0.0071375928746262307
2019-10-09,0.0094965602211420919,-0.005648827497723552,0.00091604343637130548,0.0091234984012393827,0.0076848399590390137
2019-10-10,0.0067633228577603788,-0.014894620796674918,-0.008729359144837523,0.012586444883710302,0.010331812458381995
2019-10-11,0.010366992950187726,-0.012376528752496507,-0.0055393707323395658,0.013480358803692472,0.016070189806077328
2019-10-14,-0.001113875327724001,0.0072626822591874696,0.0039991256407589937,-0.00051783815950745549,-0.004313460902595323
2019-10-15,0.0099006603054914155,-0.01208803487125687,-0.0069705935917642181,0.004147538448021848,0.008904987701631395
2019-10-16,-0.0016061285940757175,0.0012167143677945802,0.0057302703836425994,-0.013941440615827583,0.0028627135165402162
2019-10-17,0.0029491933042475882,-0.0024302033855649885,0.0014243781997433924,0.00069819453532304898,0.0038059847818059378
2019-10-18,-0.0043773373135348459,0,-0.0010667370445437419,-0.0052329410811906563,-0.0052135724794256655
2019-10-21,0.0067791469785096758,-0.0075228170702309471,-0.004770136663166058,0.017885357689435333,0.0090521085149248837
2019-10-22,-0.0032667662053887936,0.005847339049377176,0.0029329972229854562,0.012919913018017759,0.00070805968522913432
2019-10-23,0.0029097586621862348,0.0010047385286628963,0.0023537934253772264,0.0083335294194888387,0.00023623977186781886
2019-10-24,0.0016338697851892015,-0.0020075945880221324,0.0071159183710696183,-0.0042168001822120438,0
2019-10-25,0.0040949810691552901,-0.0048849422939194476,0.0023316740895991117,0.0081301690711796937,0.0070751816106038312
2019-10-28,0.0056365699695803961,-0.0090963123458872586,-0.0086000367647968146,-0.0057122598935033242,0.0058549466479940193
2019-10-29,-0.00029684370613136668,0.00065564736258783007,-0.0027730332148816483,0.0040552044387991426,-0.0051224285413928872
2019-10-30,0.00306729711793019,0.014634357887950422,0.0054902265416110207,-0.020363490867205236,0.0044464555374856829
2019-10-31,-0.002663329724113761,0.013490843854538026,0.0099984992242385662,-0.0042947706066911451,-0.0079217128273328941
2019-11-01,0.0092642464242520539,-0.0030785327365236981,0.00091276338901757903,0.022774259558735688,0.015030662892632218
2019-11-04,0.0040174695524690662,-0.013162039992621333,-0.0028760077800987771,0.03255763862646166,0.0099490512129842834
2019-11-05,-0.0011061956589318855,-0.011246285925448074,-0.016180006273117664,0.0013067075963437702,0.0057276220511297549
2019-11-06,0.00022803705136364982,0.0060518267246330026,0.0042902453953592712,-0.020394476800592476,-0.0031892140318896534
2019-11-07,0.0035167325807525796,-0.01811827129847654,-0.015521486102876958,0.014989710303885184,0.0073126772287070985
2019-11-08,0.0024661865517832116,-0.0042081616564418889,-0.0063643947032679948,-0.0041024576140320512,-0.0090746145685943747
2019-11-11,-0.0019096146237601586,0.0006676417192574835,-0.0024019348753235858,-0.0056022231976884385,-0.0070970133359546939
2019-11-12,0.0021080320604180969,0.0045924106372130513,0.0026995120660886496,-0.0051363680428075931,-0.0064559642025128205
2019-11-13,0.00032348801744208622,0.0064888723916776136,0.0040020598200523061,-0.0043307002344483703,-0.007658678985045686
2019-11-14,0.0014560416804312304,0.010329667434896495,0.0042035211553419494,-0.0026762779435222095,0.00070185472694972439
2019-11-15,0.0072359301237938656,-0.0010875341038392161,-0.0025259154943226836,0.0077152289071720226,0.0079456737799037391
2019-11-18,0.00073776416991178095,0.001814802093857093,0.0029664162029099383,-0.012150442860281108,-0.0016229204063834546
2019-11-19,-0.00028865564966062962,0.0083321256117312448,0.00050503049116090715,-0.014827135496748078,0.0020901670845685505
2019-11-20,-0.0037187684338061411,0.010348422436019966,0.00050466554328054691,0.010090600575785258,-0.0044032790389053611
2019-11-21,-0.0016089864197519343,-0.0062589701427031574,-0.0054770433620801029,0.016423730401813552,-0.0020950324108999219
2019-11-22,0.0022240273241980191,0.0012880408167996737,-0.0018840181654777854,-0.0033313729405193282,0
2019-11-25,0.0077502680816776692,0.0029305242923014507,-0.0047916628124581306,0.0010027004575940968,0.010030486243110204
2019-11-26,0.0022654775513086811,0.005844189776198272,0.0048147333914017043,-0.0091835549835698194,-0.0030026481437428476
2019-11-27,0.0044578335967790927,-0.0029049177852267238,-0.0052999198287700944,0.0025279314241402062,0.0011584065232967955
2019-11-29,-0.0037090213607594569,-0.0021319677312220398,0.0062039715173713983,-0.010085792870651811,-0.015733554184194865
2019-12-02,-0.0084944607672289285,-0.01333294478170044,-0.00050781462286964008,0,-0.0002349862204500397
2019-12-03,-0.006706228788655455,0.020967532745338024,0.0095798489624543404,-0.01494286422511093,-0.005172804894246541
2019-12-04,0.0061698056238419507,-0.0099850676780335323,-0.0013658431498282386,0.014997225448975193,0.0075632893093735554
2019-12-05,0.0017981329490632803,-0.0048643556363651141,0.0005758841931267078,-0.0047554708949409941,0.0044567803829900221
2019-12-06,0.0091336815316238606,-0.0055344596663493562,-0.0099280926821042614,0.019112596960611183,0.0058384346694557721
2019-12-09,-0.0031435882553320083,0.0021686184638241013,-0.00029060665275248976,-0.00117227577340695,-0.0039470616670621572
2019-12-10,-0.0011154091534295585,7.1667904280703354e-05,0.0028347098739491816,0.0020118873273597959,0.003496465584882591
2019-12-11,0.0028386379259539574,0.0078611292852295289,0.0068855326508443504,-0.0016731920201771278,0.014634154450239745
2019-12-12,0.0086191445400867206,-0.01645789035591505,-0.0035272494933965559,0.018434743310040025,0.01739930453160321
2019-12-13,0.00059898738667940599,0.011567658082089149,0.0044788731400766668,-0.0075693150386830776,-0.0004501810234960324
2019-12-16,0.0068698116980510093,-0.008990106707555845,-7.1986806223001132e-05,0.013430482581443304,0.0084847953940632159
2019-12-17,0.00021924219913183052,-0.0013793479616219795,-0.00021575647831872935,0.00065435837609251202,0.0091197934622677668
2019-12-18,6.2641937945695503e-05,-0.0082116358149196822,7.2007524786421584e-05,0.0037606509412684286,0.0054227017160839441
2019-12-19,0.0040992632506244853,0.0015997571355641504,0.0025895597704486129,-0.00032574024026443826,0.00044932334325298307
2019-12-20,0.0043839549388060561,0.0013192047349670499,0.0010044438566789715,0.0095924142219321329,0.002021538751782348
2019-12-23,0.0015280105163200108,-0.0014637608545872149,0.003081942822633188,0.01026721042181955,0.0013450390274332147
2019-12-24,3.1059736315341979e-05,0.0028584904937680733,0.0094319925187775766,-0.0004837173600472644,-0.0022385571594762954
2019-12-26,0.0053233483898893486,0.0024114560428467602,0.0078572986251967958,-0.00032285517278507481,0.007179651033235368
2019-12-27,-0.00024808753332672406,0.0010935908418963081,-0.00035119433939456712,-0.0041978099240349565,0.0040096552474946368
2019-12-30,-0.0055129956293404891,-0.0036418190989705446,0.0021077991140190377,-0.0031556804286161366,-0.0066562645226552197
2019-12-31,0.0024293468604303925,-0.0097930128236524139,0.0018929327941459295,0.0056951683548489562,0.0022337528397524675
2020-01-02,0.0093517157589355637,0.011292900425498686,0.0073478173310379535,0.0089938251015602155,0.020280704350067458
2020-01-03,-0.0075720623824578892,0.015400084562252836,0.013268521727000326,-0.0029713013286464252,-0.018567100595700659
2020-01-06,0.0038148660669132806,-0.0056782371207724225,0.010489502076611812,0.0077817849786396831,-0.0024481149816780734
2020-01-07,-0.0028117158966948219,-0.0049164251577664686,0.0039351505085589711,-0.0026286364776091364,-0.00066946613983498438
2020-01-08,0.0053296249863192813,-0.0066104024883253398,-0.0075015246414437131,-0.016471969827297483,0.0058049490578420126
2020-01-09,0.0067803885917598894,0.0035099085212388914,-0.0056516534631975146,0.007369249767880337,0.0066592188241643147
2020-01-10,-0.0028776423913335902,0.008891161168985251,0.0060261924958480151,-0.0056529745155137201,0.0052922687704288762
2020-01-13,0.0068776120360318771,-0.0030341397519093594,-0.0074194834301249957,0.00033474671762023789,0.015573453751213773
2020-01-14,-0.0015247925282716457,0.0051437865122694326,-0.00089154352134579451,0.00016706749818418132,-0.0056155354351039577
2020-01-15,0.0022600083124626469,0.0066321367335300252,0.0058342427790707418,-0.0073530728165215331,-0.0078192880718405133
2020-01-16,0.0083182021421053243,-0.0031506682238228167,-0.0015695082440052577,0.0016838599677455601,0.0063485197779629132
2020-01-17,0.0031123601155345071,-0.0085484536737688854,0.0018454259925253513,-0.0063868730810697771,0.0056557516971447175
2020-01-21,-0.0019579618638692065,0.010506256135670577,0.0010915790702048511,-0.017929336710204136,-0.025307937744458608
2020-01-22,0.00012066104060148852,0.0035131405509165603,0.0003406555206315609,-0.0096452872782724075,0.0082111187864364332
2020-01-23,0.0011468488987673719,0.0070017498873395922,0.002248122121045526,-0.0038265016523214568,-0.010345450144727542
2020-01-24,-0.0088929861255003795,0.0080883918339993421,0.0058455725862860408,-0.011522034183165664,-0.0080074085964029207
2020-01-27,-0.016029558689932388,0.015555185222675849,0.0068253128448836353,-0.027728621772791451,-0.03452897362535079
2020-01-28,0.010478952057187518,-0.0078319075135834249,-0.0089267855696247844,0.0045411599989064744,0.0083603254717987685
2020-01-29,-0.00082570606728038509,0.0097795448046980038,0.0054178723548488072,-0.010488098404686674,0.0048365569314066104
2020-01-30,0.0032454862555779673,0.00013841837509098731,6.7321206951076462e-05,0.0080408056704976971,-0.014897914079247454
2020-01-31,-0.018158002690203179,0.0091298297631521308,0.0057924200396088921,-0.03118191002783044,-0.020242098650187113
2020-02-03,0.0074284734317997536,-0.00081028086303647218,-0.0064956888020435422,-0.013098696834447421,0.011161305505342112
2020-02-04,0.015241558466241978,-0.013467126891719028,-0.013008950705245881,0.0036026167557818845,0.025833810013639047
2020-02-05,0.011547643938573104,-0.010934777001036622,0.0012293105482077404,0.037596557909515882,0.0057232839146026393
2020-02-06,0.0033652910929522495,0.0045068925123423753,0.0053883997192825106,-0.010196568656493432,0.00091060600306169803
2020-02-07,-0.0053299370259655143,0.012478042964431113,0.0026458575698606879,-0.0069906006427690182,-0.013873236266492062
2020-02-10,0.0074654535695148905,0.0027697474984278436,0.0025712490701368385,-0.0050018000387700434,0.0055350560958937756
2020-02-11,0.0017330159138557732,-0.0050407276486224006,-0.0034419552752806837,0.011171161475900027,0.013073371136739675
2020-02-12,0.0064425286380653812,-0.0050660713337760122,-0.00081274802248532119,0.013441379138236842,0.013583981735742823
2020-02-13,-0.0010666498384049872,0.0038361548299332693,0.0056934501484664501,-0.0030885863715085504,-0.013178427720484387
2020-02-14,0.0016021798386773867,0.0043775500829938974,0.0041784276640046691,-0.0052851899350092602,0.00045287525234494197
2020-02-18,-0.002577237797689369,0.0068490713634870026,0.012818816524224008,-0.0082447506576656115,-0.0065611922198972605
2020-02-19,0.0047815220931755054,-6.862915315208884e-05,0.0058312212753883763,0.013300953696358198,0.0072874671581291128
2020-02-20,-0.0041085451505066262,0.0078337360024052227,0.0040846590908518721,-0.00109368926125053,-0.01560024823054551
2020-02-21,-0.010298038194014869,0.009340551973932909,0.015025216397275942,-0.011863501029224399,-0.0057417883897175059
2020-02-24,-0.033165656102214669,0.014928216643708803,0.0089851287464051133,-0.04617655377332297,-0.037422190103778896
2020-02-25,-0.030302312867104719,0.0053244236571845516,-0.017874260693127697,-0.044151619536000108,-0.0079192365451165037
2020-02-26,-0.0036780248855375897,-0.0052962243151472022,0.0043705032981578018,-0.03018667206141612,0.0079824514664896817
2020-02-27,-0.044911651210559178,0.010848218640456153,0.00019483522153040944,-0.053478015439109905,-0.023997944447538777
2020-02-28,-0.0042015582091251558,0.022584043408399479,-0.036493474786931768,-0.00088275308108543005,-0.0036881416871775707
2020-03-02,0.043306669728443881,-0.0073577167537017818,0.0055262976037593337,0.040423809668473032,0.021717525407756177
2020-03-03,-0.02863279205927749,0.015525578996977707,0.031434333360162325,-0.030572964180098361,-0.0067630389313175776
2020-03-04,0.042033322457343258,-0.010618519238407509,0.0017545277375516921,0.023652833931220085,0.017752747149762937
2020-03-05,-0.033241905501411484,0.024891397249819036,0.021600945458936538,-0.036585337251405226,-0.02102734012528884
2020-03-06,-0.016530856783898762,0.052044007919058943,0.00038096105467699815,-0.056184670290824967,-0.020502911442925154
2020-03-09,-0.0780945721053663,0.027103395712411382,0.0016502348575044845,-0.20141188909501706,-0.068278113753571068
2020-03-10,0.051744655903767089,-0.051258038280012075,-0.021101336306771579,0.047436721760438338,0.050815746145786544
2020-03-11,-0.048748368925324193,-0.036797766060106984,-0.0035603512879937016,-0.052883245740534268,-0.046576764514474123
2020-03-12,-0.095677051405558822,0.0061967963386728719,-0.039888258830629297,-0.12474002505349335,-0.10010681174141245
2020-03-13,0.085486561383521176,-0.022603193925980869,-0.030516237307787408,0.092297246880862716,0.072085276110200214
2020-03-16,-0.10942388402322112,0.06476541863545715,-0.011446115323986206,-0.13606718136258977,-0.12479242823268055
2020-03-17,0.053991973757677281,-0.066682994914781912,0.013555479929532099,0.0068321485638889179,0.068922035289346928
2020-03-18,-0.050632856909107016,-0.056411914983263034,-0.019921988429849713,-0.14357151183121575,-0.086365069918318049
2020-03-19,0.0021249274602146428,0.027224780620482392,-0.018905499074657994,0.06797324831274687,0.0077695057037239224
2020-03-20,-0.043094152222823534,0.075195548280585722,0.014995707221804766,0.0097617490383252736,0.0073884543566742344
2020-03-23,-0.025568229551449884,0.041209486350532787,0.044179590424960224,-0.068158183411875628,-0.023915782529945306
2020-03-24,0.090603216271643028,-0.018614002822718523,0.048530353360380474,0.16037342478542649,0.075138677507030183
2020-03-25,0.014970217054903534,-0.0022715830082666866,-0.01368964099270864,0.047166317896379706,0.035247761840673464
2020-03-26,0.058389943237918907,0.0049213301523485242,0.012822223412266576,0.061103154952678151,0.037863256937382239
2020-03-27,-0.029785642006770807,0.02669342529113794,-0.0064604898047215809,-0.067785489885830219,-0.05684392353670864
2020-03-30,0.032475385574772586,-0.008228858647108761,0.0044006447878182087,0.010236561566805413,0.016491941043232705
2020-03-31,-0.014905121299972346,-0.0081169007338796062,-0.031846685688598719,0.01537397593677059,0.0067844768905571673
2020-04-01,-0.045004793761092121,0.014010186293789584,0.0094562233544497332,-0.049552744455951592,-0.042777724210034562
2020-04-02,0.023075338933386425,0.0063464629272793616,0.016393422537778202,0.091600203140346448,0.033670218031301102
2020-04-03,-0.014454093165429893,0.0023795465111369207,0.0049374590529023266,-0.010613360430564045,-0.018951753714277597
2020-04-06,0.067165998564780116,-0.0026117506172376181,0.027710521817620126,0.052966748836382971,0.054632988133056282
2020-04-07,0.0010194113540331617,-0.010472147702390688,-0.0053544847688343777,0.021330737689369439,0.0051518780052934865
2020-04-08,0.033568340443972833,-0.0072760182006597063,-0.0089079687865634138,0.066708370602903022,0.010250507983596835
2020-04-09,0.015217406355053198,0.0018170864198197023,0.026123560972308058,-0.0090592847128789789,-0.0036640263189319233
2020-04-13,-0.009130059499364962,-0.0091299557095814166,0.017140343933811808,-0.0032439405181753367,0.0014144996089175965
2020-04-14,0.02949301271882887,-0.00024387810403203591,0.0078680935806831886,-0.0047337299437240077,0.022881326421722026
2020-04-15,-0.021248085623333246,0.026488719615678669,-0.0051019585052464178,-0.046967708360347693,-0.025683424469495786
2020-04-16,0.0048242640867277586,0.011356914652558725,-0.00086499465164613376,-0.042732459016094348,0.0053854151228787117
2020-04-17,0.027015278760640804,-0.013404014202008763,-0.019417471147623044,0.10622345277198852,0.022272272411302474
2020-04-20,-0.017617833186385434,0.0080438509903399957,0.0071261245622131764,-0.031222281966543752,-0.012686056689925174
2020-04-21,-0.030363079917013591,0.01259217918699207,-0.0068252746319330537,-0.017634424281114058,-0.02765360183226695
2020-04-22,0.022194363511558013,-0.010216531811570784,0.019670860003665247,0.035592424182086191,0.027290830400998001
2020-04-23,-7.1851365819886048e-05,0.0053082874865748586,0.0099548670802160899,0.032277451521479872,-0.0036354596767058656
2020-04-24,0.013938556525774359,0.0023474234702665076,-0.0042855207783533134,0.0023162618088430342,-0.0014030152137215479
2020-04-27,0.014418638297221564,-0.018614358106399553,-0.0066404441410949921,0.021663699721184537,0.020236026151172259
2020-04-28,-0.0045983304919159362,0.011510937429696888,-0.004456556273727319,0.022900800700220048,0.0019282440830810099
2020-04-29,0.026178394699320595,-0.0051889466375875104,0.0055334457219131661,0.074074044138472628,0.029144804862287543
2020-04-30,-0.0093107390039378624,-0.011676197765950747,-0.018116569301821484,-0.022130771641242331,-0.02110582688404139
2020-05-01,-0.026473688389804462,0.0085631607908529528,0.00617125761149806,-0.05657884307416694,-0.036026082792152914
2020-05-04,0.0027585189000387533,-0.0047036980688122121,0.0035048038732761189,0.03458845287843304,0.01075863136075017
2020-05-05,0.009239332588624638,-0.0064015157780501486,0.0042410374834815912,0.0008086670607068136,0.0056022821277486035
2020-05-06,-0.0067789521722640966,-0.016135611444841214,-0.012855591040204617,-0.026131442313550246,-0.0030640160896523438
2020-05-07,0.012067084531066419,0.016706618180529764,0.015350754880484763,0.026002922537126771,0.0081027096107950669
2020-05-08,0.016546291887964415,-0.013001369006047092,-0.0060102932298873313,0.045564525560528146,0.021064505542307099
2020-05-11,0.00020498154084891418,-0.0078051947949072664,-0.0062336367748044852,-0.017534556123518175,-0.0065150732426436653
2020-05-12,-0.019931365170384296,0.010263538292353713,0.0038890673962401756,-0.017585008910064426,-0.0038248785208029323
2020-05-13,-0.017686114228563476,0.0069966401451011517,0.0096226481475072401,-0.045418207583475478,-0.0019198422473269972
2020-05-14,0.011967413177156105,0.0097874413747933708,0.0088500597820047044,0.01119504221312928,0.0038471906001953382
2020-05-15,0.0045967372229311909,-0.00257263714181033,0.0056438144895878395,-0.0038750404015386319,-0.013687479995636465
2020-05-18,0.030460008457076526,-0.021953982712239029,-0.007564144999551381,0.081689498261053872,0.039134149676399943
2020-05-19,-0.010271271692539941,0.003740655616247146,0.0096502061704444309,-0.027999272620971349,-0.008012645068806834
2020-05-20,0.016988190311598261,0.0029939125101776654,0.0023742810342795018,0.039905210449957318,0.013193015635703853
2020-05-21,-0.0069042274815895865,0.0024983133558702519,-0.0145763375976391,-0.016010079569518942,-0.011426928254139934
2020-05-22,0.001899099302068219,0.0060155154425969304,0.0059168364491044567,-0.0061984422926262273,-0.020698934540955616
2020-05-26,0.012320578151587602,-0.013409757690877266,-0.014214859559966153,0.027806267120652484,0.021960083634107175
2020-05-27,0.014879170107801931,-0.0018374692391766034,0.0018024320171106112,0.012895527795543593,0.0032229713723546105
2020-05-28,-0.0018450880479613518,-0.003679313222182623,0.0033503447664755548,-0.027958188607744239,-0.0069609246278335979
2020-05-29,0.0044559079340869001,0.0071416641209549603,0.0073584122707384125,-0.0046224270097979803,0.017254810378317664
2020-06-01,0.0040418537206601268,-0.00673325548064585,0.0046037688486924022,0.017543784644276528,0.023058843028116227
2020-06-02,0.0082801409188220099,-0.0036359541713090193,-0.0064768271714218395,0.02789017307110786,0.023834236509730156
2020-06-03,0.01330837812116159,-0.013296429245221342,-0.01845018380928054,0.029353925348974075,0.023279390022140189
2020-06-04,-0.0026268675303052769,-0.014479371307177802,0.010526269495827023,0.00023966139069009351,-0.014095036704053876
2020-06-05,0.025629653194997104,-0.00712357281901288,-0.020275324263461569,0.074269289637291847,0.026335565380576131
2020-06-08,0.012087219257919335,0.00384329143590878,0.010822142733466267,0.045049207711497896,0.0061095271596252054
2020-06-09,-0.007456501424567108,0.011359428695974172,0.0096418311693149406,-0.037558953034667386,-0.0068011400719373283
2020-06-10,-0.0055801499764523976,0.014827167225389903,0.014324773012967418,-0.049223923110847778,0.0073367045883774296
2020-06-11,-0.057648934718344869,0.018900559044414011,-0.0072140849895016013,-0.094216276045307357,-0.052197100640670846
2020-06-12,0.011975817840814029,-0.0096414347945910084,0.0014163170663434865,0.025231782295551897,0.021260314513295908
2020-06-15,0.0093357847422552709,0.00055472363504072142,-0.0017832572551969017,0.0030135158406945362,-0.0090817369505634682
2020-06-16,0.019247585799836431,-0.015333291031241258,-0.00049283453552817491,0.028793216976789715,0.0063646923728324367
2020-06-17,-0.0041538219054042536,0.0041271365282586903,0.0019106166939522051,-0.034071395876555499,0.0096129890778908766
2020-06-18,0.000384787532243136,0.010588177581555058,-0.0019684551564682629,0.012345277268954513,0.00050105480053708185
2020-06-19,-0.0057148274214355865,0.00080122375364011234,0.011032995719469696,-0.015181428358114646,-0.00025067452600546769
2020-06-22,0.0064151871225981427,0.00012371079429174259,0.0064622176826323319,0.0046325876921819997,0.012274570845361321
2020-06-23,0.0046035447646746164,-0.0068353170256117979,0.0084196463776249342,0.0010191248509778816,0.0096511329363644371
2020-06-24,-0.025509048932839784,0.010725732186445569,-0.0034839130582626776,-0.055484624554820283,-0.013235190231049243
2020-06-25,0.010720903642528867,0.002882831431547439,-0.00060271759135177572,0.019131983285092247,0.0042227521209465824
2020-06-26,-0.023751365400537461,0.010703711415671169,0.0044631497029827827,-0.034637702743633536,-0.012119945320413383
2020-06-29,0.014697945090724973,-0.0031472412769839586,0.0005404803669293301,0.013421182318276381,0.0045068698042884936
2020-06-30,0.01280897127578684,-0.0048565387148870043,0.0044409182781661727,0.022972870509182064,-0.003240405886339448
2020-07-01,0.0070048794075761034,-0.0019415594450807871,-0.0044810899317698771,-0.024306357220373997,0.011252869477361926
2020-07-02,0.0055071229540650801,0.0010405182519428458,0.0021606086958432247,0.011102116551896524,0.022749898717679073
2020-07-06,0.015437145391632878,-0.0040965302435230777,0.0059887413198387307,0.0029459657975683395,0.043036713884634148
2020-07-07,-0.010313810463651651,0.014056484537014802,0.0063102606593290478,-0.031775966809440837,-0.016690048855840356
2020-07-08,0.0076487101936826285,-0.003994849966795444,0.0062115658628811854,-0.00082738798212489417,0.02593130671604138
2020-07-09,-0.0056929886251324557,0.015922109826638442,-0.0027044004055614135,-0.049406392639479879,0
2020-07-10,0.010210614814630592,-0.0050250950240253722,-0.0025938951172596036,0.031939454634814624,-0.0064338906530710949
2020-07-13,-0.0086588153980082794,0.0033069971786745533,0.0012411575864292868,-0.0053461248211283952,-0.0067068378149295338
2020-07-14,0.012958837568514125,0.0014377926721158563,0.0046635689101890421,0.035077887069279834,0.0013970749010354666
2020-07-15,0.0091874453313804949,-0.0046668372438711803,0.00088133200736040251,0.021590766592187949,0.0030226713510985714
2020-07-16,-0.0032936541480901305,0.0047488119623810832,-0.0094516886519001586,-0.004548071958122013,-0.014140227938750582
2020-07-17,0.0028988699138583485,-0.0020939868486196112,0.008238009985450212,-0.013974576137479655,0.0056431790983813013
2020-07-20,0.008081466888522959,0.0024583220678273676,0.0048201701607966108,-0.01662577118804287,0.012859397641688863
2020-07-21,0.0021275500048840712,0.0005983202082651129,0.012050997596656066,0.060421286104973992,0.009233679200151057
2020-07-22,0.0056925878185491996,0.0029885950062611411,0.015202340363078104,-0.01228426799436888,-0.0043458543198727773
2020-07-23,-0.011932177806714961,0.011681015528278493,0.0088253017700645753,-0.0018522599232826398,-0.0080404164225372776
2020-07-24,-0.0064401048902686941,-5.877704275580875e-05,0.0085788708392282587,-0.0055676655550471743,-0.00092622047899093563
2020-07-27,0.0072924412168080543,-0.003711241404851684,0.019753770786684832,0.0010665919513488387,0.015530543907633643
2020-07-28,-0.006342341684700048,0.0069182612301201818,0.0083411310327503596,-0.017044148997178765,-0.0082172049200073261
2020-07-29,0.012298654366498907,-0.0017029247038770068,0.0075102306547618625,0.020861484631078175,0.016110641771292844
2020-07-30,-0.0035680402422263446,0.0065888689309789861,-0.007400261112960993,-0.039277874723763539,-0.012684064789977745
2020-07-31,0.0079023263340705086,-0.00064313920301795058,0.0090879310996234697,-0.0046965232195785855,-0.0068823128006922918
2020-08-03,0.0069521329796762288,-0.0050347610685991251,0.0011325390830079218,0.003608346971870624,0.0069300072784939104
2020-08-04,0.0038627312800905145,0.0095323093105661449,0.021277725496816835,0.024336142747125145,0.013305671573096589
2020-08-05,0.00621090573642058,-0.0087425412611714659,0.0092832417301611514,0.010529474812432937,0.010867106333287024
2020-08-06,0.0066843465754373721,0.0055859252687611161,0.013274069532868138,-0.0080153138900052046,0.0031356288941226662
2020-08-07,0.00071821421378248651,-0.0066664590797542722,-0.015885305280057271,0.0013467553098596152,-0.0205405269843566
2020-08-10,0.0029889587702569553,-0.0044739149879962081,-0.0034589574474822582,0.030930735157533862,0.0025076901472329549
2020-08-11,-0.0082550103270334629,-0.011884817755668187,-0.053694408534329718,-0.0033915751465524169,-0.0027285129604365244
2020-08-12,0.013942407362451448,-0.0090955945292106044,-0.0046682023257399452,0.0099476456608744712,0.013451875840475358
2020-08-13,-0.001807859203622697,-0.010688775763726066,0.023618065792215592,-0.01944001442883736,-0.0029246507932279009
2020-08-14,3.0006828767081828e-05,-0.0039075612325680797,-0.0043092158240957135,0.009516026489863938,-0.0018049887200484172
2020-08-17,0.003176496444838639,0.0025131652511249936,0.021693912893159029,-0.0057606686498496984,0.012658063410086573
2020-08-18,0.0021606469231081338,0.0071520084364673497,0.0090080036234918559,-0.012641445959125419,-0.0011160553759388403
2020-08-19,-0.0041640171844973262,-0.0062518931144893708,-0.031565455488412608,-0.011469796423098866,-0.012290325819530157
2020-08-20,0.0031135685554044557,0.009039542407892176,0.0069139292628215276,-0.021586768392660716,-0.0031675519434389843
2020-08-21,0.0035473752195680497,0.0059923332248077443,-0.0080109058348943885,-0.0063431972702898687,0.0049932573091273635
2020-08-24,0.010133222078218429,-0.0016241940497468965,-0.0056584012866236488,0.027477367863340874,0.011065862055471332
2020-08-25,0.0034992792418264695,-0.0076538978381541778,0.0012154763574758753,-0.01404662232820475,0.010051423126617109
2020-08-26,0.010025767641320016,-0.0038262026098535573,0.011808847672626355,-0.021095689366150472,0.0026536931413365661
2020-08-27,0.0021864997631204641,-0.017009388124427871,-0.011561927956646234,0.0019591862461274534,-0.0083810566743762749
2020-08-28,0.0064592813925774539,-0.00074356016008336745,0.017380235053034099,0.017877112093261927,0.013122565562230237
2020-08-31,-0.0036227411274224464,0.0066403289064091986,0.0023862597910011552,-0.021679439857015481,-0.022173232573197255
2020-09-01,0.0094187851652165477,0.011437839013624274,0.0011902895553947967,-0.0067323601359133844,0.017063085233999686
2020-09-02,0.014463866836073924,0.0095200416144654021,-0.013131628719242117,-0.0048008285360041647,-0.0026490071317131214
2020-09-03,-0.034413864265956162,0.0028415510916468545,-0.0081042370337889302,-0.0073779960371119779,-0.019034814284658363
2020-09-04,-0.0081648944080547903,-0.018988677803377652,0.0027602959130217375,-0.0031448595739482776,0.00045129629802453941
2020-09-08,-0.02732305561171533,0.0061454230279778255,-0.0019269219593246456,-0.036420776468995553,-0.017365989670821147
2020-09-09,0.019747559351876109,-0.0026874073225165995,0.0097082565547186306,0.0068452230701891992,0.014918507997311092
2020-09-10,-0.017363912273447246,0.0050826790680462697,-0.0032231430104036063,-0.036653950782365774,-0.016056168430463202
2020-09-11,0.00050924824993670015,0.0021321018673643444,-5.4860052924876612e-05,0.00092063498860350812,0.0096531562105399704
2020-09-14,0.013171220007366591,-6.1085962434592744e-05,0.0078925868210057981,0.0076639673673604136,0.016162159954997035
2020-09-15,0.0050525072445477548,-0.0024314596652487142,-0.0023927480714920346,-0.0073014623054359351,0.010528657579822021
2020-09-16,-0.003968769273347994,-0.002986507134127292,0.0028345831622316187,0.040147032527444226,-0.0013300820431202398
2020-09-17,-0.0087952289066739464,0.0030566492904795517,-0.005489995652194879,0.0014732650110407253,-0.0039955605527042248
2020-09-18,-0.011512676376816966,-0.0031086820784146374,0.0013117087099276947,-0.011179762022234807,-0.007800392998528749
2020-09-21,-0.011129682487363013,0.0050744042712618231,-0.020087296599797022,-0.033145915031007056,-0.0092093287165098126
2020-09-22,0.010184416782392569,-0.00079079651712499199,-0.0048463143675961939,-0.010322067703950277,-0.0074813467253216359
2020-09-23,-0.023191100088826078,0.0013396501708489161,-0.021606497297661065,-0.045196019394443177,-0.01553204280030851
2020-09-24,0.0026655419067360686,0.0038296533538857425,0.0037188007336859119,-0.00033097233466194975,-0.0046406067791103789
2020-09-25,0.016167136627134315,0,-0.0028499771605223767,-0.00066216382723172096,0.00093246878010688761
2020-09-28,0.016609341947838363,-0.0028463775994433949,0.010060560662364271,0.023525293567139283,0.011178389960214252
2020-09-29,-0.0054458941918263948,0.0011543870071504259,0.0084324024838580147,-0.027516798323941605,-0.00069097606912527088
2020-09-30,0.0075818881959228701,-0.0095853446826037469,-0.0060048673301443811,-0.0029962381545997063,0.01613291968519226
2020-10-01,0.0064197003272532527,0.00164942762146425,0.0089205164555774541,-0.030717666849291114,0.0092992432508869349
2020-10-02,-0.0094939931864413962,-0.0037341272485574839,-0.00089537585250054619,0.0096451381408146908,-0.011460820167756069
2020-10-05,0.017732835287153748,-0.019539283079324399,0.0048729159218812157,0.030023939230116481,0.013412123733232528
2020-10-06,-0.014216109382187314,0.0053898940555996422,-0.011760774579356315,-0.014905737423423715,0.0017944617601117763
2020-10-07,0.017406592791489039,-0.0072929825255474423,-0.00045122295362476361,0.014122353188009917,0.010971999840899249
2020-10-08,0.0088627494282800257,0.0053994569379205437,0.0035549310375408982,0.037466902833563243,0.0081946322555113138
2020-10-09,0.0089300578650697293,-0.00018667033247254938,0.018161347296547614,-0.015979243868208037,0.006810402075219546
2020-10-12,0.016087456566617364,0.0031853979027476331,-0.0028716825005673519,0.0025979778932401221,0.0087277809565617925
2020-10-13,-0.0065257627617387737,0.007160959604430861,-0.015728823528417535,-0.015549085641317073,-0.0041098074552523567
2020-10-14,-0.0062835601700188537,0.0022870499815668133,0.003094772946095059,0.0042777789634533825,-0.0067331970321392598
2020-10-15,-0.0012358007893301659,-0.0017270219586147384,0.0036461203842848011,0.012123063673559642,-0.0072162216893375541
2020-10-16,-0.00060437015758263435,-0.0027806699942894975,-0.0034652086045857677,-0.022660888229697806,0.0035241009840785154
2020-10-19,-0.015203356259051892,-0.0037800512070327308,0.00050474669854327914,-0.021199161232270947,-0.0028533962668758628
2020-10-20,0.0040056035600903872,-0.0095158793647726059,0.0048209014703401998,0.011844443598888921,0.011005880197763052
2020-10-21,-0.0018928263496191811,-0.0034531506915338461,0.0075314148034344441,-0.019063628236726249,0.0028305998642190744
2020-10-22,0.0054851798927522122,-0.010396976414306258,-0.0098006877776427581,0.041254544258627623,-0.00021731291026794164
2020-10-23,0.0033953483249056227,0.0061121844959370897,-0.001062475196895396,-0.0049114833157065663,0.0058631457411593146
2020-10-26,-0.018479878925622417,0.0093033183750521609,-0.00050378604007006444,-0.035866902188568472,-0.012953276316321261
2020-10-27,-0.0034473751109397321,0.0067093836388636419,0.0026323226696718383,-0.012969258350505664,0.0043743901246353634
2020-10-28,-0.034178940151015524,0.00093464398775000568,-0.016143443864798379,-0.041839650401107265,-0.025043478953417964
2020-10-29,0.010163261887207176,-0.0097080980343845491,-0.0041447281331413732,0.0306747921218542,0.010051423126617109
2020-10-30,-0.010424699920160041,-0.0098650641845383635,0.0045610209783129019,0.0056021610324579196,-0.011278340271974163
2020-11-02,0.011208107317235871,0.007489756969306427,0.0097049190890139414,0.034122738305056632,0.012748876731644598
2020-11-03,0.017656137390708038,-0.0058013791234264867,0.0056769967177008329,-0.005723863458395595,0.0044169937481128851
2020-11-04,0.022349313241929236,0.021692972319591108,-0.00055885784568443508,0.0013543748809632383,0.031442475045704077
2020-11-05,0.019502727572574319,0.001738138074365958,0.022983923404670703,0,0.017053964264516663
2020-11-06,-0.0002285293172485936,-0.012084975870368053,0.0014213621387162423,-0.021643490278276722,0.0046109796214557353
2020-11-09,0.012565764327232554,-0.021014547127427674,-0.044270978231716329,0.14275851228962244,0.0068849966208606173
2020-11-10,-0.0014665505639712695,-0.0057672685014596992,0.0033127817282887495,0.032365395859404789,-0.011396348870473805
2020-11-11,0.0074284526302246245,0.0036090298084980876,-0.0043265954103411941,-0.010255072224943262,0.0064975134584244199
2020-11-12,-0.0097005952448704358,0.017017539021532579,0.0060606795561708449,-0.032267750594860867,-0.0074969674215072946
2020-11-13,0.013844186438769501,-0.0013259984847726614,0.0068197141535322192,0.036402672394847624,0.014058110266229829
2020-11-16,0.012482549832406598,-0.0024021788580292913,-5.6501272398312707e-05,0.065820622632496439,0.012414378471210075
2020-11-17,-0.005378112398889523,0.0065275731295881823,-0.0036691725592956637,0.010246552465449366,-0.0010219423524855387
2020-11-18,-0.012034980999590217,0.0028963715915815147,-0.0057223484806568914,-0.029057444402274535,-0.0034776240460649976
2020-11-19,0.0042101752541265913,0.0051491621921866404,-0.0018804594035273237,0.016375503754597842,0.0016424030479424978
2020-11-20,-0.006847561632067678,0.0088695762895578678,0.0030257979459697992,-0.005277800060755844,0.0055338761851644325
2020-11-23,0.0059940300282057546,-0.0045819197892444929,-0.019693816755572802,0.070650395986872949,0.0026499201651648541
2020-11-24,0.016113832647865589,-0.0099520955379160947,-0.015328336846880064,0.05138253387378855,0.013417183242102837
2020-11-25,-0.0015414479851494356,-0.0030778672270999063,-0.00047173673437250763,-0.023319116971057485,-0.00561690934960557
2020-11-27,0.002784860240497844,0.0097048711007743371,-0.010146901518740647,-0.011684334712313449,0.0094817038064798354
2020-11-30,-0.0044272107737145516,-0.0012484543863219288,-0.0066749815960571723,-0.055255876362251932,-0.026179129260266443
2020-12-01,0.010937655545714131,-0.014744256588349436,0.0210595460814611,0.0046250099810167811,0.019700123332941466
2020-12-02,0.002103445589238806,-0.0079363761914793551,0.00752153069206285,0.032493630019644559,0.0014089244675417056
2020-12-03,-0.00027256979595513542,0.0080638509274613135,0.0078735028103633642,0.010490526995271532,0.011455116837886914
2020-12-04,0.0086175881464529702,-0.014665875690034524,-0.0028354275869303391,0.0545031891480805,0.010331867872922063
2020-12-07,-0.0020548910977327139,0.0090208498603867593,0.014914066598165077,-0.023381661290420297,0
2020-12-08,0.0029264648465621157,0.0047249976808854122,0.0034879101862907991,0.014868645700725214,0.00039317094939317343
2020-12-09,-0.008969110469142727,-0.0033047458753281411,-0.017094017094017144,0.0022348530804527922,-0.0086494425277666709
2020-12-10,-0.00032704821932361128,0.0088640266899979725,-0.0019130540930706319,0.030723169835364939,0.012889139449172138
2020-12-11,-0.0011728086945705929,0.003538990457876201,0.0018586706605219216,-0.01153818753483804,-0.0070477686072137891
2020-12-14,-0.0044768818037065339,-0.0027714589477570994,-0.0055076362500834364,-0.035019074466694944,-0.0051990902986882581
2020-12-15,0.013519373575053173,-0.0033468781444938589,0.013990959829817351,0.019656912282125072,0.010813039397544522
2020-12-16,0.001569534999692701,-0.0026620147817369988,0.0055190953294457223,-0.004943317476540976,0.0047542815894066059
2020-12-17,0.0055916282595727118,-0.0026456050888647997,0.010520363984510617,-0.0047190522902178511,0.0065063004376559874
2020-12-18,-0.0039927752314932174,-0.0029977195701141879,-0.0016974258370123785,-0.01672064685965946,-0.0011752783826184388
2020-12-21,-0.0035756763205031517,0.0039665438019311772,-0.003173869592184575,-0.019290383706113134,-0.014708984442345585
2020-12-22,-0.0016852986439792605,0.0051603686965366879,-0.0079031120710656433,-0.016784505656381787,-0.0079614285986311373
2020-12-23,0.0008987085159477548,-0.006909018413634116,0.0066478787712902498,0.02213910402443009,0.010232611464505492
2020-12-24,0.0038904299001041309,0.0039572302628327893,0.0039852674714226932,-0.0052190709591639628,-0.0043694366239975801
2020-12-28,0.0085908856255128008,0.00044458544161596336,-0.0036291429968693389,-0.0062960617198859481,0.0027926439315806295
2020-12-29,-0.0019079255696201614,-0.0012703976313027665,0.0036423616481366938,-0.0065998177183217432,0.014919486429657125
2020-12-30,0.001426800346693291,0.0021634412830380256,0.007655178894261816,0.015679128134079789,0.013328160858232296
2020-12-31,0.0050807812949216213,0.0014598504345217922,0.003714145601823482,-0.0083724590394773646,-0.0005802093838219724
2021-01-04,-0.013614110742024899,-0.0012043321909201987,0.022258360658879317,0.0015829055324099173,0.0063866756427124471
2021-01-05,0.0068874603733082296,-0.0074265248507976445,0.0029616260665272787,0.044784140997897515,0.024038430063584082
2021-01-06,0.0059784448148456626,-0.020528494778968343,-0.016241052660387889,0.030509181743799907,-0.0084508617446366063
2021-01-07,0.014857552507073324,-0.0088143856076193794,-0.00233462025122122,0.014680712897942261,0.0094697843038917817
2021-01-08,0.0056976922616771564,-0.0032278915026218158,-0.034209937239854327,-0.0012055045629716377,0.026453984396886066
2021-01-11,-0.0067408934750561311,-0.0016518383082453347,-0.0019614419353504164,0.015692730045296255,-0.01352579882963667
2021-01-12,0.00021141806846847189,-0.00079423079322937795,0.0064739602149566089,0.034941538861990251,0.0098202961890310192
2021-01-13,0.0026928413319993183,0.011261917143774891,-0.0043073743454634661,-0.0078089080436645197,0.002201601862237057
2021-01-14,-0.0035019190589133942,-0.0093676597713010512,-0.00051909984671683063,0.029629534304355776,0.0093372788431778098
2021-01-15,-0.0072927106674770537,0.0039677006073330912,-0.012407628760563338,-0.038893600073437118,-0.014148210918032533
2021-01-19,0.0078519178180456173,0.0032276174145478009,0.00847307255811236,0.020116669976042445,0.016559330040580855
2021-01-20,0.013838756904036797,0.00098478111654731748,0.016282289539807593,0.0036692601018206705,0.01755647171192587
2021-01-21,0.00091161160140473818,-0.0070181826122067692,-0.00062717720927285558,-0.033813158654232067,0.0017788961201470332
2021-01-22,-0.0035393708064648255,0.0032364808781621957,-0.0078731452100825328,-0.0052022109285977391,-0.0087004086843101014
2021-01-25,0.003943626959087787,0.011785681091376121,0.00086261736939863276,-0.010220746583118001,0.0075228907289413005
2021-01-26,-0.0015605836849748034,-0.001887200186667326,-0.0024705999829396363,-0.021373982082474985,-0.0072890625909735052
2021-01-27,-0.024440687510854375,0.0025428692097877459,-0.0063356230599137531,-0.013496910289896524,-0.027757828880909385
2021-01-28,0.0086001814084992745,-0.0055279004043762292,0.00092736146161720434,0.011691548128085483,0.0069995279567176549
2021-01-29,-0.020019683302143765,-0.0060160987381575604,-0.00040532817001626142,-0.033194038875708931,-0.024876554829014963
2021-02-01,0.016645682201742673,0.0011593416546338275,0.0093852911850944576,0.0071211932371000319,0.027011790877135677
2021-02-02,0.014140220798777303,-0.006447617369334413,-0.012167796413785958,0.010858605252661357,0.012967951309262427
2021-02-03,0.0007866165616379206,-0.0088732822020513025,-0.0015106298641213156,0.042717866018342043,0.0050488238939643271
2021-02-04,0.011365473192139319,-0.0026721191595030502,-0.021530474690833024,0.011020444618748515,0.00035879657726156644
2021-02-05,0.0039356978157498723,-0.0083733760619860709,0.0098721601092135458,0.0085310159736939895,0.008608261170194087
2021-02-08,0.0072219716800716593,0.0043912276964435115,0.010070118005137685,0.041823251116892335,0.0017781869098409953
2021-02-09,-0.00066572208753945539,0.000739462687592507,0.0032649110578624185,-0.010600125549013573,0.010649571547377334
2021-02-10,-0.00043566049137078178,0.0066538272579297342,0.0036611162023989507,0.019147528456131324,0.0035125015372681201
2021-02-11,0.0016151656046061724,-0.0054743626894070418,-0.0086850786965985138,-0.015432725704240369,0.010675661682951532
2021-02-12,0.0049396353710935426,-0.01241995759766823,-0.0030372306060941767,0.014766069210503829,0.00086573406368795069
2021-02-16,-0.00086593356259712095,-0.015226705310071309,-0.014353488272303538,0.025072813546389128,0.0024220629830313811
2021-02-17,0.0002296356684765577,0.006350588607377361,-0.011352850687983307,0.014850393679900264,0.00034532171630319297
2021-02-18,-0.0042561210951633788,-0.0040465109333733817,-6.0088418961767864e-05,-0.022595449684715496,-0.013802672936569227
2021-02-19,-0.0017661171650000806,-0.013292337738934235,0.0041485519013484407,0.016732890783230259,0.0064728756888066119
2021-02-22,-0.0076915168914734044,-0.0076080110215275276,0.014969164015496528,0.034646839125779927,-0.029375995484142381
2021-02-23,0.0012142541669450946,-0.0028836868603566712,-0.0023007456922117253,0.016534515823781737,0.0044771961343128552
2021-02-24,0.011019357347069381,-0.0065598820874736008,-0.00070952649392141964,0.035412674961718071,-0.0064182691532027603
2021-02-25,-0.024095875118591015,-0.016330726029621934,-0.018816524708764826,-0.019288082469323453,-0.022788406184842347
2021-02-26,-0.0051523491985606684,0.03305915100590906,-0.024182906697045592,-0.023722615464721875,-0.013404392764857831
2021-03-01,0.024240109033009549,-0.013207681103554414,-0.0017304170540851649,0.025960503003059188,0.026800724291009548
2021-03-02,-0.0078033228891959405,7.0959368054568372e-05,0.0054479346837295051,-0.0054655552469434765,-0.0097879865805728938
2021-03-03,-0.013245508922975602,-0.010845737280232637,-0.011021541189334294,0.014654784433004719,-0.0020134380126526352
2021-03-04,-0.012375076064633395,-0.0064497286598310666,-0.0098368937808890333,0.023871695400750292,-0.023294163136996504
2021-03-05,0.018396485112173178,0.0019479557780421874,0.00062881103959622209,0.037421778813867101,0.0108919718351006
2021-03-08,-0.0049786249732276522,-0.0077750893587084091,-0.010368190918767173,0.0018883702578551542,-0.026936657659068275
2021-03-09,0.014277636865380749,0.013857671819541117,0.021271132947366489,-0.017530600769758098,0.021954733417621108
2021-03-10,0.0062245903363546962,0.0020036602680366666,0.0050982799234593479,0.025326344966847048,-0.0044833963073424021
2021-03-11,0.010139165177660114,-0.007213246961680353,-0.00086601129826180401,0.0003739838052247979,0.031525760646036405
2021-03-12,0.0013466151928493986,-0.021221449386356839,-0.00018572795011984056,0.0020578023286339509,-0.017828084208631689
2021-03-15,0.0059639616812521279,0.0058794934787338438,0.0043965039997981847,-0.011387111200102162,0.0024078916397680672
2021-03-16,-0.0012615496964022421,-0.0040187804530765758,0.00092484067876585918,-0.028511985885985247,0.0042499500954338298
2021-03-17,0.0034096399344520911,-0.007482872181774014,0.00714498527693741,0.0077745172968277654,0.0012879443681612646
2021-03-18,-0.014549507814580531,-0.01012634673006152,-0.0058100237303994051,-0.044937259047314937,-0.018375764832020081
2021-03-19,-0.0018504199775843944,0.0061976065379969469,0.004183119739068708,0.00020198286607930882,0.012354989662429761
2021-03-22,0.0079850729760662098,0.011206062082915746,-0.0014702614866924923,-0.0095901264378115414,-0.0029585593714712699
2021-03-23,-0.0078708330920443936,0.0090264388561263065,-0.0073006284748849959,-0.014626810947228064,-0.019102325982852442
2021-03-24,-0.0050834656583055304,0.0053825355798400309,0.0034608341081703298,0.025088655532518933,-0.022877586834964769
2021-03-25,0.0056254384174856398,-0.0078852232523786148,-0.003633653726877295,0.0036713768841851735,0.004643804858134315
2021-03-26,0.016115048187528958,-0.0034999287182879701,0.0028434090575977233,0.024791845051085781,0.02600178081086657
2021-03-29,-0.0005049749212610033,-0.0084881812976433935,-0.011896005111092234,-0.011897904453769037,-0.0069457134825439137
2021-03-30,-0.0026530371535286035,0.0052395622122094476,-0.017091823816998808,-0.0086292092303539292,0.0032133787080077525
2021-03-31,0.0040532559994661543,-0.005580019082112031,0.015167857324082767,-0.0068827559321332776,0.0050877318485906819
2021-04-01,0.010799185876625872,0.016597530047369524,0.012628087827510459,0.025479076573573733,0.0097487729811549517
2021-04-05,0.014353345901751302,-0.0043631101184923304,-0.00037040103825336512,-0.023852295876855445,0.0038989048246695912
2021-04-06,-0.00059082954192857251,0.0067926442989381108,0.0080286750645921501,-0.002646728817133015,0.0055483344755382635
2021-04-07,0.0011573521383427821,-0.0069645019644617445,-0.0028183231860485769,0.003470604013265266,-0.01471389442771831
2021-04-08,0.004746845131800681,0.0082551300382114334,0.010752027888072391,-0.013021504683590202,0.0082133536518707029
2021-04-09,0.0072700209646294756,-0.0036228191867945236,-0.00753747660190629,-0.0065965077188755439,-0.008516733309695268
2021-04-12,0.00036469477531153593,-0.00043608447445986354,-0.0060636091581890428,-0.0078854347617759446,-0.0059757618675915225
2021-04-13,0.0029636066870553091,0.0074934600452005728,0.0070864795731750974,0.0010455926346342181,0.0041330292530845636
2021-04-14,-0.0034151365427782521,-0.0031778236853359232,-0.0043443155289533131,0.027789663443660517,0.0050514798491456681
2021-04-15,0.010742383201741923,0.016734587112078092,0.016162763416190717,-0.008131669728412394,0.0091212603730903563
2021-04-16,0.0033424464467719517,-0.0077661493781616686,0.0060477772185503209,-0.0079936830490316968,0.0025826207722392525
2021-04-19,-0.0049131195129276106,-0.0028721216692714213,-0.0027652942409929215,-0.0010329424102372142,-0.0036798863589692088
2021-04-20,-0.0073214096220476366,0.0046085652395666532,0.0035565515706876827,-0.026473727863546959,-0.0081253808909070857
2021-04-21,0.0094619688461596851,0.0020073221975105415,0.0099111556800723921,0.012747217521563492,0.0061439376063427975
2021-04-22,-0.009133061827109934,0.0043642241379311386,-0.0064831473563533581,-0.011747472114517876,-0.0035160737991937197
2021-04-23,0.010842432327567098,-0.0023510559553274746,-0.0038314141245932021,0.0091275330844740044,0.014484750104330812
2021-04-26,0.0020877335454894119,-0.0014278913868411847,0.0026442455381336938,0.0067309065793417222,0.001281422155359202
2021-04-27,-0.00021564150012431949,-0.0087227364943276431,-0.0025173710031419771,0.012118678593843857,-0.00054846683745135572
2021-04-28,-0.00028724401956148338,0.00064876205863440006,0.0029443906895529892,0.034475989579665134,0.0074995641071480268
2021-04-29,0.006372747535631218,-0.0029547515528791646,-0.0041339789483384459,0.01117526953626502,-0.0023600840823962965
2021-04-30,-0.0065704843380918199,0.0023132451783545172,-0.0033690142851713345,-0.025261407405630099,-0.017652633218372404
2021-05-03,0.0021566038889677674,0.00059919787976348005,0.012978352341882271,0.027535757530264382,0
2021-05-04,-0.0061692685871765907,0.0067862262129561035,-0.0073296927801311806,0.00059106693730592852,-0.011300538227689283
2021-05-05,0.00031283345453103628,0.001649204494994061,0.0041421685305662592,0.032296304550019972,0.0046844846158560216
2021-05-06,0.0079854349826269377,0.001646554590577276,0.016679579212470541,0.0051508353738021206,0.0095112539283308539
2021-05-07,0.0072781275639870469,-0.004931609100932044,0.00899681760120985,0.017840130344268124,0.010345512229156029
2021-05-10,-0.0099023086244096614,-0.010126838461169463,0.0030305045955998366,0.00037279768153464232,-0.017918966972901407
2021-05-11,-0.00892469433498011,-0.0056597471106486497,0.00017430003596818899,-0.025722328988835974,-0.0027930417220837223
2021-05-12,-0.021245356179288799,-0.010507508648830433,-0.0099338138720245217,0.004783119948380099,-0.02763251065912764
2021-05-13,0.012012517220389762,0.0015486649090303839,0.0041073299132443619,-0.012185877943356682,-0.0013440817953702666
2021-05-14,0.015355326980379669,0.0093513176002322229,0.0091158622923082078,0.031033066319756886,0.018073579892172953
2021-05-17,-0.0025446333118049891,-0.0021161177131939768,0.011639321781340195,0.023181816964059188,-0.00094421420982970794
2021-05-18,-0.0086155162387749895,-0.0025583432273059703,0.0019461725462499579,-0.02320468009333565,0.013421458562916655
2021-05-19,-0.0026218044844316113,-0.0024187299495253001,0.00068561689088042499,-0.024878483577426835,-0.0029845769794183408
2021-05-20,0.010757969369694864,0.0082284436808772732,0.0045672701246401992,-0.0015344533731548315,0.0057998173740398951
2021-05-21,-0.00081873431988488399,0.0032065420978817372,0.00045457245518121248,0.002113293490860757,-0.011532746922110593
2021-05-24,0.010194366954420442,0.0037044649684674358,0.001761036294059215,0.0099691841278273241,0.0082801391811382352
2021-05-25,-0.0022188821935485992,0.0092632967513741615,0.0090728142293763359,-0.020311236668299371,0.0098916144019667307
2021-05-26,0.0019844539618585344,-0.0017212997909367145,-0.0017420486873281904,0.0089128999331093972,0.0073923367470882795
2021-05-27,0.00052491382501851369,-0.0040221524281888188,0.00039409662496781017,0.00076828835227282788,0.00018348587589600562
2021-05-28,0.0017889272147963986,-0.0015862745094158415,0.0037701769378923888,0.0019190689255608184,0.0064194838424520562
2021-06-01,-0.00088097288855848443,-0.00022455389078601673,-0.0026909461441234628,0.038498136270133765,0.020594338465346862
2021-06-02,0.0015727242099925487,0.0023153149943482276,0.0048904463509020779,0.018628119336733251,0.0016070497186586596
2021-06-03,-0.0037114684390353592,-0.0037535310117381426,-0.019578228541437537,0.002715694809336755,-0.010697115255337897
2021-06-04,0.0091461454205752357,0.013694768171734539,0.010783359066451448,0.0066811168216314165,0.009010715397062885
2021-06-07,-0.00097036224712576669,-0.003073824217506016,0.0040076283608136976,-0.0043048661479909711,-0.0050007230860558138
2021-06-08,0.00021322459603134725,0.0070265114037688647,-0.0030920774052216604,0.0086471228388438348,-0.0048468639297484239
2021-06-09,-0.0014920212586460035,0.0088290488442746007,-0.0019175027218333307,-0.0062509948817667249,-0.0028859053047164407
2021-06-10,0.004648469226266716,0.0059992542760651801,0.0042943258219705349,-0.0012582791360785661,0.0080124513579851175
2021-06-11,0.0016525191927780902,-0.0016139402599839592,-0.011252390785353672,-0.0034191446980671447,-0.003424653296773994
2021-06-14,0.0022389439596186556,-0.0076592543690546799,-0.0058609237914070134,-0.0043337109338513757,0.0027129605343820806
2021-06-15,-0.0018343747484407258,-0.0012038182950494525,-0.0037777095572453234,0.019042405275267793,-0.0068540936156539223
2021-06-16,-0.005583311634560495,-0.00085098781686487879,-0.016891711518855712,-0.0053389254277265152,-0.013621542181499247
2021-06-17,-0.00033146105565418083,0.01497203039043371,-0.030740427140865334,-0.033995103040364683,0.0055237497698141791
2021-06-18,-0.013490458581810971,0.018805965078021236,-0.005547261946798776,-0.029635477876929106,-0.006958502282731871
2021-06-21,0.014315908327570348,-0.01674336871011739,0.012247646651096789,0.042614885456679019,0.0042413522388879965
2021-06-22,0.0053463161430118422,0.0024426682559661739,-0.0041928539145718036,0.0066581546145130233,-0.0045905645616829416
2021-06-23,-0.0012051866318355531,-0.0025756827009243422,-0.0006616578066259704,0.0027557278727343704,0.0060876421979334516
2021-06-24,0.0059157621431709106,0.0016055896454643115,-0.00060193874974734385,0.0086110915487054296,0.0091673459536756319
2021-06-25,0.003551856513660967,-0.010383697570622408,0.0033124733437563947,0.0052680927820054624,0.008357711551065794
2021-06-28,0.0020157900106609894,0.010280810556028142,-5.9994639868166111e-05,-0.033791154703591397,0.00090076941107053443
2021-06-29,0.00053812778583295362,0.0016727584066298373,-0.010505462725200698,-0.0048626169505588956,-0.00072015237200762083
2021-06-30,0.00084183727416031751,0.0044536001157977623,0.0048535038698707123,0.012403676358412108,-0.0064851147818323351
2021-07-01,0.005536639196543458,5.5692931453243943e-05,0.0034413575356286863,0.017449510846441196,-0.0056212712089094286
2021-07-02,0.0076434066116628507,0.0060343094916732731,0.0065583415036407633,-0.0021894483533553277,-0.0010941359009890572
2021-07-06,-0.0018213368867207036,0.011720834933985902,0.004961455343207799,-0.032546977922263354,-0.017524487986997905
2021-07-07,0.003534152551186942,0.0088595826440394099,0.0038068011434471138,-0.016253920909560238,-0.0011148719049250966
2021-07-08,-0.0081481216489152075,0.0039179138741802788,-0.00065181686378346093,-0.0057638199984738625,-0.020833344972014056
2021-07-09,0.010674719597094873,-0.014063307073968967,0.003320562334123478,0.021255906481686626,0.017287289752868418
2021-07-12,0.0035818853585263266,-0.0012962261562847743,-0.001241101031467462,-0.0015135624494515554,0.00093373090474635489
2021-07-13,-0.0034090833537090415,-0.0076534084189238127,0.001301782371024407,-0.0075801511122179921,0.00093293991098519768
2021-07-14,0.0014923125439783025,0.011361639485796715,0.010755182911599048,-0.029787821884357246,0.004286963786647835
2021-07-15,-0.0034154980469341956,0.011030558025709736,0.00017547964957964624,-0.01397390884983607,0.0024126401384547691
2021-07-16,-0.007843468601678838,-0.0018853106381682139,-0.0097036510845718293,-0.028343161985429743,-0.0077762529963278926
2021-07-19,-0.014768044600646846,0.021927754780075359,0.0011805498135817327,-0.035332766073926991,-0.016794290991466676
2021-07-20,0.014330329417555188,-0.0096393998708257378,-0.0012971005242110589,0.013415667518059227,0.0032264534165773462
2021-07-21,0.0080964977517177239,-0.012666594650723839,-0.0037192566567244567,0.03488117063703644,0.0064323161224288938
2021-07-22,0.0020939967709410201,0.0094531021148549499,0.0019554505913503828,-0.011167490240501454,0.0018795055106084479
2021-07-23,0.010287792295200715,-0.0066884523333725632,-0.0031344183025339145,-0.003695882624766389,-0.014821728005417145
2021-07-26,0.0024551732348117028,-0.0029637378177959084,-0.0023730060647713103,0.024731876431155486,-0.019043992772116991
2021-07-27,-0.0045575997223890052,0.0106713838968997,0.0016650735799190741,-0.0092517090697580295,-0.020190175601619287
2021-07-28,-0.00041018621412847178,6.7372527519760084e-05,0.0050462528639669824,0.0091351305406810468,0.027144720695692293
2021-07-29,0.0041473710746406933,-0.0055467936525820383,0.011105233370970247,0.0096559310527344344,0.0050155782448331188
2021-07-30,-0.0048564922832234902,0.0047035006291278325,-0.0078868426661670155,-0.015939339937899089,-0.0095970108594504167
2021-08-02,-0.002097797904167864,0.0089192893735847711,-0.0012366429443513294,-0.0074913067599183814,0.0071705112775677371
2021-08-03,0.0081351334733761327,0.00053131781332926842,-0.0007074766626713469,0.017135730146228934,0.0042331886248121453
2021-08-04,-0.0049187130032548598,0.0020568035884349634,0.00023596250419877229,-0.027075697803491283,0.0051734891707431174
2021-08-05,0.0063328457126434756,-0.0050977335035030658,-0.0039520921003340925,0.011337655009360237,-0.0015249779546386844
2021-08-06,0.0016524835333715515,-0.016701242643320513,-0.024991124040327772,0.0091723728949200112,-0.0084001888533287161
2021-08-09,-0.00081355166772556498,-0.0035860036897822356,-0.017735654639032372,-0.014138421648135946,0.0032729595568692371
2021-08-10,0.0012437350750498233,-0.004617966067584911,0.00030919522248562537,0.017619237752506844,0.0013432151947823101
2021-08-11,0.0024850440781660765,-0.00061432042396258879,0.01378497662510525,0.0078520395716776825,0.0026832378992613926
2021-08-12,0.0029970870115414439,-0.0016383653200066073,0.00024386150080979441,-0.00099882420831043373,-0.0087921274234010749
2021-08-13,0.0018197715349350663,0.015796203729222746,0.014325811995228088,-0.011797763295530284,-0.0025067805103523577
2021-08-16,0.0023545154047768246,0.0024236086931663792,0.0049882915685997009,-0.018413427630872947,-0.0090858218564496829
2021-08-17,-0.0065550223820143305,-0.00040309075820654794,-0.0014950364679763295,-0.010307482199545803,-0.018337675990615532
2021-08-18,-0.010945012641220053,0.0033587504742986773,0.00077861221693753535,-0.020828903312976932,0.0015898320325320459
2021-08-19,0.001548216068332664,0.0073652598521858348,-0.002932408589264246,-0.025951763055578225,-0.017063523581354767
2021-08-20,0.0079571570133283309,0.00066504250124310715,0.00054016168033688139,0.002183832901057059,-0.00080734526568038145
2021-08-23,0.0087963656810647883,-0.00066460051365513362,0.012177557387281546,0.03748081356755617,0.015151558489725714
2021-08-24,0.0015875571032522018,-0.0077766968986426876,-0.00047414113127741686,0.01659318849146274,0.02268645007513248
2021-08-25,0.00209825109783357,-0.008306276930755252,-0.006937433805443538,0.007644728093059161,0.0011676726495766232
2021-08-26,-0.0059031991427599406,0.0027691539870473569,0.0011344784228162208,-0.015173271562866852,-0.00952378728612846
2021-08-27,0.0089410015212390004,0.0068036184721593784,0.015029547921398434,0.026649934319312285,0.012362584163674084
2021-08-30,0.0043976701724890432,0.0026097487321190549,-0.0049356385559711224,-0.011762200305123649,0.0021321012936483807
2021-08-31,-0.0014813731246554607,-0.0068071875971266183,0.0020076547129428413,-0.006772144903505084,0.013733114521459644
2021-09-01,0.00053103983514635189,0.0016757444063941751,5.8898619200498104e-05,-0.014669342512162786,0.012783854620328716
2021-09-02,0.0030767918773215719,0.0043653313375484615,-0.0026517204262498373,0.025372162210967719,-0.0045216580469024104
2021-09-03,-0.0002427340456221394,-0.0090946945657378597,0.010694224866137469,-0.0057258967762739976,0.0052991207594124123
2021-09-07,-0.0035755211923534924,-0.0084354970531190787,-0.01958371853465668,-0.0059645152097302923,0.0058359294041059329
2021-09-08,-0.0012183210313888582,0.0068061796607947755,-0.0025044029033459703,-0.012828686933796685,-0.014598482118250655
2021-09-09,-0.0042802232656218298,0.012099608178203436,0.0044234892872423437,0.0020959488616483224,-0.0018993839877562424
2021-09-10,-0.007884686263404328,-0.0088161819230552219,-0.005058656845151166,-0.00041825558325736534,-0.0011418970824635943
2021-09-13,0.002559222473716094,0.0060644068636481752,0.0033497597913456634,0.028666995985268562,0.0026672272876371306
2021-09-14,-0.0053963066465052556,0.012123365955799548,0.0064385465344383164,-0.014442466238345331,-0.0083602870995943546
2021-09-15,0.0083524820956806245,-0.003506862192186655,-0.0058642663796522054,0.03735816164323813,-0.00019171118758920525
2021-09-16,-0.001584922155826618,-0.004582755255883697,-0.022641977061902629,-0.011340939239245507,-0.011306797620976972
2021-09-17,-0.0097412037746270608,-0.0048032502876041994,-0.0015850424237688898,-0.0074461695665331007,-0.0042645352473260623
2021-09-20,-0.016674266547585526,0.012401640870029373,0.0071441542310690664,-0.030536786097203339,-0.026863837915444777
2021-09-21,-0.000944622490698932,-0.00086062041204082451,0.006669036185550814,0.0023281613640631083,0.0074014478470298961
2021-09-22,0.009754941289385588,0.0059646328413258676,-0.0037340107339023376,0.030834370490039342,0.012509961571379957
2021-09-23,0.012149913479319263,-0.022596640108048405,-0.011546389089901132,0.035033720861733508,0.0078446251120056765
2021-09-24,0.0016471430132583009,-0.0097735948965915753,-0.00128427290155253,0.0075219351742956686,-0.011870086273860214
2021-09-27,-0.0028608231322383437,-0.0036760052857559566,0.0020820350982042601,0.035559838316973069,0.0064987559456739508
2021-09-28,-0.020151894370719847,-0.015576843298029663,-0.0097164284027198011,0.003414723055513269,-0.012913337785832146
2021-09-29,0.0016831444070213308,0.0017349243080213572,-0.0045047560246321838,0,-0.0093162586002072389
2021-09-30,-0.012222129574711249,-0.00013833666490981056,0.01797665363761114,-0.015125649888530712,0.0080034083504070264
2021-10-01,0.011884088066833165,0.0084154256001751637,0.0022530453929923144,0.033595919938106844,-0.0009924827986822482
2021-10-04,-0.0128960984683133,-0.0025453511243807014,0.0046783175745395145,0.016344706395761577,-0.014703065440302976
2021-10-05,0.010405041862772135,-0.0096564282889011199,-0.0046565328351404478,0.0058476386782750911,0.0070579701455397714
2021-10-06,0.0041559054084936431,0.0056411633875519396,0.0026733243283083574,-0.010537612239558847,-0.0056066660045657191
2021-10-07,0.0086457712476391002,-0.010458218587684143,-0.0052717392208854186,0.007711933091189449,0.01953284024752433
2021-10-08,-0.0018237153784192994,-0.0069983751886129042,0.00042636491147840516,0.03079470512373228,0.0037524560320894018
2021-10-11,-0.0072398025905732188,-0.0025378374106858059,-0.0018875818465466931,-0.0037119829830750684,-0.0019676957495087244
2021-10-12,-0.0024616155029363318,0.017100415106508837,0.0045144308286373391,0.00088679277975001192,-0.0051262478099247666
2021-10-13,0.0035977262964286272,0.0097262008533980371,0.017794197805277356,-0.00088600707507302534,0.013872563624317547
2021-10-14,0.016820747028984284,0.0037156945223055793,0.0024464685904206362,0.01224247313070026,0.0031272889633451317
2021-10-15,0.0076155091709602107,-0.0058268750545970027,-0.015892846243722114,0.0049081179089445204,0.012081155347269945
2021-10-18,0.0029608838633616852,0.004688545459148985,-0.0024799108302698825,0.00069766754134681364,-0.0025029194531608345
2021-10-19,0.0077147578250782445,-0.013794391492633062,0.0032136719935804692,0.011329843671294304,0.013317805554904583
2021-10-20,0.0039276998720452205,-0.0067502724929384694,0.008763958748792211,0.008100709365311376,-0.00019041574622169488
2021-10-21,0.0026082942101193218,-0.001190801805912467,-0.00089870522450352652,-0.018464832666584385,-0.0064774935992185645
2021-10-22,-0.0010363698882560612,0.011012252739482697,0.0061169671511900336,0.0094059802416297522,-0.002109288942226728
2021-10-25,0.0053629222463547066,-0.0015258987831404669,0.0069141585133207784,0.014667857807939555,0.0051884840585534331
2021-10-26,0.0008999481436675616,0.0082691580861065095,-0.0073995149126601101,0.0057822672371021788,-0.0051617026466562743
2021-10-27,-0.0044301653270714114,0.018194129135319148,0.002624060476058121,-0.028745353532843909,-0.0080706270973716077
2021-10-28,0.0096488136141548164,-0.0033845092809148269,-0.00023788536339730548,0.0071377343616196853,0.0009687249377228202
2021-10-29,0.0020292630022142877,0.0030563533907528306,-0.008507900517562339,-0.0065683076012684749,-0.01451531661636607
2021-11-01,0.0017201933204733511,-0.0071997180302763031,0.005220584505493342,0.017226290142750234,0.0078554097036540593
2021-11-02,0.0040429270214317192,0.0044386261769469026,-0.0021490007233168074,-0.0094081805504514504,-0.0089632814206014322
2021-11-03,0.0061054332824717061,-0.010333224918333883,-0.0083153826226166627,-0.0082886301338742641,0.0047187721626100743
2021-11-04,0.004712460751963965,0.010509712087481526,0.011340951773961994,0.001392826843354289,-0.0023482629839598479
2021-11-05,0.0034696865640719832,0.014955996166442498,0.013062943758640699,0.01304117184077902,-0.0011769793114220217
2021-11-08,0.00085362012598388937,-0.0018759476490641802,0.0035916193093763482,0.0090973301730303824,0.0092301843416404683
2021-11-09,-0.0033053732617499554,0.013018641588989244,0.0049281100201232775,0.0040822805033098319,-0.0038918247218657775
2021-11-10,-0.0080448038792665377,-0.018282653353120737,0.010858781500706183,-0.0264271325555957,-0.0041023188473577887
2021-11-11,0.00032328707344531082,-0.0014848597110473927,0.0056020863695960266,0.0038277847708478863,0.017261661899837355
2021-11-12,0.0075471030733507138,-0.0043921900997883068,0.0018952552280546708,-0.0024265603820053938,0.0026997116044165104
2021-11-15,0.0003422155436905161,-0.012556926047941119,-0.0015477459282561279,0.0083405573752590723,-0.0032693476626647344
2021-11-16,0.0039579115128496323,-0.0025430843922757962,-0.0072338647365848274,0.0015509141098826174,0.0013506370949216695
2021-11-17,-0.0024292208952807481,0.0079246496416027767,0.0091371839450924419,-0.015313214987161539,-0.0052023962883274155
2021-11-18,0.0033963982090745581,0.0037606127607849871,-0.0032091550635745536,-0.0059408139996648401,-0.012202157124919344
2021-11-19,-0.0017883140340142489,0.010557850491017762,-0.0076463252408123239,-0.039022767910358858,-0.0015687183082643275
2021-11-22,-0.0028151728905986273,-0.011727967161129005,-0.022420457120115533,0.017742878887226921,-0.008051733858257526
2021-11-23,0.0013260090170561512,-0.01445967532226311,-0.0086524040911349909,0.030732967514779386,-0.00099009833708330053
2021-11-24,0.002669917710558467,0.016055805505465148,-0.00095650205211006423,0.0097648898014803809,-0.0013871373240442741
2021-11-26,-0.022303081601143249,0.025268851443385865,-0.0016155398609397631,-0.040234792213949544,-0.033538227532351472
2021-11-29,0.012266478619664234,-0.0080381789680133986,-0.0013785494630753625,0.0057574012662215956,0.0039014316731869059
2021-11-30,-0.019457681415153028,0.015202241813761175,-0.006721853018899604,-0.023434955547408598,-0.0010228180123736941
2021-12-01,-0.01110707284812873,0.006168496419790559,0.0039879375354041624,-0.010624477059956172,0.0036853877783082911
2021-12-02,0.01531629652187072,0.001247835808947606,-0.0055368208273283148,0.029068835474509669,0.012239956181403278
2021-12-03,-0.008701362771371457,0.011932456653020118,0.0084120028046472672,-0.0079167927809769001,-0.01410723319952023
2021-12-06,0.011843080847717236,-0.013735994878637303,-0.0024605632244788511,0.014871338411438062,0.0077678620527190656
2021-12-07,0.020685016016000146,-0.008079687628612664,0.003549490636251651,0.023409912156377555,0.015821525657436109
2021-12-08,0.0026480666034727207,-0.017284870718337175,0.00053951405316099432,-0.00017485617191759228,0.0039935416582064232
2021-12-09,-0.0067516190166951873,0.005593466256570423,-0.0061113783761100882,-0.007684121206704364,-0.004773119799026504
2021-12-10,0.009413476839802648,-0.0024119896593599588,0.0042198994914228738,0.0073916991041624858,0.00079927812889701855
2021-12-13,-0.0088582920113926544,0.014778397433172108,0.0025213000620043502,-0.027777769001863684,-0.015858851339739188
2021-12-14,-0.0068800422687473883,-0.002382910365392954,-0.0093413027460703679,-0.0041330793882701222,-0.0022640781472583749
2021-12-15,0.015625179997409422,-0.0096220941460986031,0.004291534360497673,-0.0048718632501000281,-0.0028875614375701852
2021-12-16,-0.0088185979421058214,0.00038922090755955097,0.012097561477355745,0.00634636944417033,0.001241322620239016
2021-12-17,-0.010642822278997932,0.011331534557530887,-0.0021408218512823929,-0.020360466257658749,-0.0049588724103916126
2021-12-20,-0.010633533468794476,-0.0074917296631735741,-0.0042312675861405635,-0.01238922114311547,-0.014950141310348886
2021-12-21,0.017759103960946598,-0.0038075348486599214,-0.00041888842518222891,0.028485140107795681,0.016863477077244671
2021-12-22,0.0099986103604909893,0.0046266353155401951,0.0094000241005176566,0.0064195878228070491,0.0047677704539579313
2021-12-23,0.0062221932497841248,-0.0086767612641753811,0.0022540179789249937,0.00054694040366864982,0.0051577529574042824
2021-12-27,0.014151981748858233,0.0024238001219827332,0.0023672479942868918,0.021857852417872081,0.0045155534378980011
2021-12-28,-0.00081713110190306804,-0.0039629437446430105,-0.004310065233419702,-0.0007130791590264085,-0.0032692369855845671
2021-12-29,0.0012791377576342189,-0.010924690924024039,-0.0002965076609273698,-0.0064218143446713727,-0.0045099124161810389
2021-12-30,-0.0027643584156156198,0.0083862892254022992,0.0071772153754725565,-0.0061039400606163197,0.011455779648757103
2021-12-31,-0.0025202670338718702,0.0019607385677216094,0.0068315879932923096,0.0025286948210008209,-0.0048889658996157381
2022-01-03,0.0057900910025576735,-0.026250105346943275,-0.015383743445999576,0.030991322313949965,0.0071648459799138475
2022-01-04,-0.00033512633162813277,-0.0041576390655392315,0.0073665150577768568,0.034603124682634157,-0.003455414387646738
2022-01-05,-0.019202058593690063,-0.0054285551682418109,-0.00300766493835114,-0.00016902896328629957,-0.016316496751660803
2022-01-06,-0.0009392629790923035,0.0025892382614387532,-0.012244126909514819,0.022301117416040794,0.0045615294565723996
2022-01-07,-0.0039537562382403468,-0.007188164658573859,0.0045511376839080242,0.01371675283416729,0.0090815455197668093
2022-01-10,-0.0012444936687323604,0.002459727900121278,0.0030402057039400354,-0.0030973973538277466,0
2022-01-11,0.0091084421595808429,0.0066619367182694234,0.0120646549718888,0.034014614363065743,0.023113013432400908
2022-01-12,0.0027034493196289588,-0.0038310874502109904,0.0026426227304801042,0.0018979403873922163,0.01659339137995941
2022-01-13,-0.013778546729957819,0.0088803839944229246,-0.0033969884760131075,-0.0050512110055753734,-0.014159169901142854
2022-01-14,0.0004091491617503884,-0.015109404236666735,-0.0028796749096049457,0.023480668069288058,-0.00039915129959466888
2022-01-18,-0.017709680830163332,-0.01407448371964426,-0.001650255097062403,0.0040303105254873017,-0.017760762194921287
2022-01-19,-0.010383589744755728,0.0069230508665658608,0.015880526897095182,-0.0072561438557858793,0.0042664709683364332
2022-01-20,-0.011068127703654063,0.0061673948287639391,-0.0024988838330701757,-0.0091759536220601401,0.0058669624338045789
2022-01-21,-0.019630525479826022,0.011906590251700155,-0.0032624385581478954,-0.019777039895388149,-0.014481137907185304
2022-01-24,0.0042467995713211248,-0.008215281784852535,0.0054941987347396637,0.0067253304078886966,-0.014081690230769217
2022-01-25,-0.012209128950877668,-0.0016146797063427698,0.0031971345443269072,0.038810183840627399,-0.001862930397916962
2022-01-26,-0.0025086606835053038,-0.012094117847839425,-0.016166464916677392,-0.0016842789514744938,-0.012650415970022477
2022-01-27,-0.0049380372936993489,0.018363038643761875,-0.012898211138547944,0.010889751745614573,-0.011552019205829045
2022-01-28,0.024835426154634188,0.00034952961934386906,-0.0029832934474428585,-0.0042482757462500853,0.0048871278383562089
2022-01-31,0.018011012445932284,-0.0051699906674916862,0.0059245373920675526,0.0044188691930255874,0.032776655729075843
2022-02-01,0.0067568069271688458,-0.003319639101191485,0.00083288353083799116,0.03564906265519574,0.0061426403442226274
2022-02-02,0.0097143154613386073,0.0033870455256570509,0.0036259919505645666,0.0032225716125391379,-0.0016281688963045715
2022-02-03,-0.023505157388114761,-0.007806361529558381,-0.0014214062993387344,-0.0094905581858663046,-0.010599107488934112
2022-02-04,0.0047022474023548089,-0.014742120264860992,0.0015420788696549614,0.015625048314700907,0.0024718757827766336
2022-02-07,-0.0032091172585539951,0.00064748029192829293,0.0074025819938519088,0.01277229219081577,-0.0020548317129230886
2022-02-08,0.0082278107414262003,-0.006685953671656919,0.0030568706754168229,-0.02149631587030032,0.0096785786607933577
2022-02-09,0.014636061296953384,0.00188198675801865,0.0033991784238243117,0.0083481229976267723,0.015704811353170811
2022-02-10,-0.017965547331835752,-0.015893011888497122,-0.0037965605384254753,-0.0062454452259614879,-0.0066265402368043125
2022-02-11,-0.019718695383648788,0.014828424847649568,0.019054878321533186,0.029084894178839749,-0.015160735639735745
2022-02-14,-0.0032694465798938088,-0.012441449290417905,0.0053507159981220909,-0.023576089825556368,-0.0069788293945430846
2022-02-15,0.01612691601875893,-0.011353102363001688,-0.0094998489751925153,-0.010472602844664225,0.021703356095757131
2022-02-16,0.0011206781476922334,0.0059272014606610579,0.010284254451501385,0.0080844229310621518,0.0072830490996427244
2022-02-17,-0.021361281305044333,0.007438448214812432,0.013668073780773726,-0.001603839739678703,-0.011648999107175873
2022-02-18,-0.0064751084379370827,0.010527020796915698,-0.00073345491008458552,-0.0061340927284897484,-0.0099572664772171748
2022-02-22,-0.010731543721913206,0.0026042738381770736,0.0020890378623359407,-0.016164555130565139,-0.014162619871211257
2022-02-23,-0.01773880954076168,-0.013781599227507879,0.0045072272703239324,0.010306045451130341,-0.011659435889342484
2022-02-24,0.015049221046925743,0.00065865033058565281,-0.0064501314700190493,-0.0078356905509952002,-0.02064449593065476
2022-02-25,0.022064069282164978,0.00073088911440755133,-0.0033306782201846241,0.02637463667836637,0.018498709471667762
2022-02-28,-0.0025585466103814625,0.021918390244837216,0.010365345791119474,0.024680680937533284,-0.01309409939194206
2022-03-01,-0.015230356599403971,0.011562427883544446,0.018163415997793697,0.01005948437348736,-0.013267739202716067
2022-03-02,0.018396173720176323,-0.0341828997290059,-0.010406339832951472,0.022864353682016336,0.0017350684996315646
2022-03-03,-0.0049782090861147932,0.01018551984120708,0.0059534153989566629,0.0027427437806260002,-0.014072235934033728
2022-03-04,-0.0081249359359867324,0.017263599488108294,0.015929145881701023,0.028856674945659577,-0.020202193679156877
2022-03-07,-0.029478981859226594,-0.007630054393385155,0.014862865283030269,0.01475463561511714,-0.037427001538325677
2022-03-08,-0.0075817270834980244,-0.010059242295947679,0.027358997610294145,0.015719455514122238,0.0032595701580273584
2022-03-09,0.026810768035371524,-0.0097989172264318913,-0.029711176156992036,-0.030564977500916357,0.028312679115775063
2022-03-10,-0.0045155833002793466,-0.014367099791690263,0.0031212277978962533,0.030597295759648535,-0.018731696053956637
2022-03-11,-0.012715026929701501,0.0033464873570836495,-0.0070278841281574689,-0.0080031267236818637,-0.020929191949422221
2022-03-14,-0.0073083555454941385,-0.023348953843574716,-0.015073711931138378,-0.02992824251423698,-0.02419511813382047
2022-03-15,0.021990503353086943,-0.001745679706641301,-0.01870545038411886,-0.036619861151414357,0.0014441576596788686
2022-03-16,0.02217419132414844,0.0098078990022900658,0.0062608034043758476,-0.0045948929379815429,0.080528866552364242
2022-03-17,0.012510859164271082,-0.007453872651743132,0.0048886445734495076,0.034410413730577405,-0.0051168175734712662
2022-03-18,0.01095286845012966,0.012212721444386121,-0.0087898520827880411,-0.00094665906603341732,0.014311325426220156
2022-03-21,-0.00029240542375696954,-0.023156665979424118,0.0076407980695463174,0.040311578911757406,-0.015432125517889195
2022-03-22,0.01170145696144842,-0.012811409945231778,-0.0072507752912509549,-0.0073555816847838962,0.018136949660320978
2022-03-23,-0.012878609174934774,0.021914636392427189,0.013659661796972422,0.01720256894254657,-0.006597715805537141
2022-03-24,0.015074496758468392,-0.0078327652857370644,0.0072603670972126721,0.0024713905430835403,0.0053134337186790948
2022-03-25,0.0048836282252782137,-0.013872648377622254,-0.0040954512095379147,0.021931122428783034,-0.0079277927911027835
2022-03-28,0.0071131362138907583,0.0085497199889306152,-0.018203790082975457,-0.024761761474605959,0.0033294716754668219
2022-03-29,0.012370654393646152,0.007552248158104069,0.00044678784846130526,-0.0026043135749658219,0.017035457246319607
2022-03-30,-0.006174825662262684,0.0078017514649137976,0.0080384193720695052,0.011618827029211465,-0.0028279349205267978
2022-03-31,-0.015391153519545342,0.0024285005484638855,0.00038759588392944799,-0.013550302481363796,-0.015052233676405513
2022-04-01,0.0028338567706762685,0.003806764768976123,-0.0063658673420345924,0.0081109223370596784,0.016611235953372772
2022-04-04,0.008566710596868532,-0.0069493999942367157,0.0048467694550835549,0.0012979358207911851,0.017646974303087593
2022-04-05,-0.012631240980566893,-0.022592768464614887,-0.0062648425714558753,-0.015681778048925565,-0.018411492323483936
2022-04-06,-0.0099993720149201826,-0.0080938331292895738,0.0023432166707968438,0.0059249073236413707,-0.013086068641511517
2022-04-07,0.0050388522255533363,-0.007532739210958761,0.0037848862402347638,0.013089167319485506,-0.0079557319987233477
2022-04-08,-0.0026737318704443958,-0.010830682420473026,0.0062659693121833726,0.027519373513294143,0.00089082903795634216
2022-04-11,-0.01709245246856983,-0.015824910849912555,0.0049594637704872824,-0.030051364504093625,-0.012463799644286677
2022-04-12,-0.0037052670386020781,-0.0013804953510262452,0.0076767516190030527,0.016592948375188765,-0.0031550622632429137
2022-04-13,0.011453481775540508,0.0020329768931761638,0.0047885378656178368,0.01491939571052292,0.013113352941918732
2022-04-14,-0.012451597704259743,-0.020045098617546553,-0.0033035506662054681,0.0032667830618753335,-0.012943618701539705
2022-04-18,0.00041108159585623305,-0.0049691900507755626,0.0030971927027434454,0.014652878188960106,-0.0033915804919937287
2022-04-19,0.016142607813084409,-0.0074903713293378305,-0.015112904376299419,-0.0081464536985835778,-0.0049907923013453592
2022-04-20,-0.00074149331493578163,0.020125420691260443,0.004894947496407287,0.0038576885798620175,-0.0059279599605341904
2022-04-21,-0.014953347811640483,-0.0073979381730658877,-0.0035576001936850066,-0.031734180478369178,-0.019266243281337192
2022-04-22,-0.027439277550601937,-0.0062940335513498313,-0.0097220932450649,-0.024452770232547993,-0.0088866632326086714
2022-04-25,0.0057975231489966195,0.010000502058137739,-0.017970993150090764,-0.033070812601320054,-0.0073147882779438511
2022-04-26,-0.028960874919262802,0.0100669794991044,0.0015250170449419009,0.0013572371882990542,-0.021868304800646388
2022-04-27,0.0028119369977539499,-0.012825877694408239,-0.0075570242574463098,0.014638293996643181,0.011664712085884377
2022-04-28,0.025259251039809305,0.0014894606738873328,0.0053983235100938387,0.030323284666989414,0.014412591585488688
2022-04-29,-0.036955448356309151,-0.012973046041641512,-0.00011297696546286318,-0.02567137173020706,0.0035520050743786946
2022-05-02,0.006019338951016806,-0.017333406415595887,-0.018540493535693647,0.015968264897183948,-0.0014158330496114591
2022-05-03,0.0045841461590925281,0.0067415958237093676,0.0026492624669831599,0.028028814563111126,0.0073253592751620911
2022-05-04,0.030452967359845484,0.0055095933089062132,0.0098225443726718265,0.04153379213885966,0.010790466878819238
2022-05-05,-0.03554279115459269,-0.027398234462328142,-0.0038111385512777929,-0.015045844014298759,-0.036899542111155093
2022-05-06,-0.0059692568737755858,-0.014734939029452998,0.0016558743678838361,0.029806303009059842,-0.013734862729813391
2022-05-09,-0.032017049096723094,0.0087971634153574119,-0.014479496708730832,-0.082730201687222449,-0.028829702976023941
2022-05-10,0.0023103600128986379,0.009069746627138553,-0.0084452028726911266,0.009071780969696297,0.0047796342909725009
2022-05-11,-0.01588586939525638,0.019271998923787503,0.0081671285160884732,0.013420015257505469,-0.007010549961560586
2022-05-12,-0.0010441344596231472,-0.0018653187354610301,-0.015333925720196762,0.0042429026528714164,-0.0065555198099327416
2022-05-13,0.023907923212204807,-0.014780657122374308,-0.0081095663022950903,0.034182532024651602,0.027665016668090292
2022-05-16,-0.0040573636038467864,-0.0010348170808859303,0.0095384837632068731,0.026368020069821974,-0.0039514771758731859
2022-05-17,0.020570290047271955,-0.012083325854200466,-0.0062792963835415216,0.011578749123120957,0.024547082022217781
2022-05-18,-0.040311680397173033,0.021317424746357005,0.00053148489291587886,-0.025634911096632962,-0.023958959478726394
2022-05-19,-0.0061246557681398084,0.0023952881627464784,0.014697234801531733,-0.0036711172336070241,0.015869032471639732
2022-05-20,0.00043660733766004434,0.011349854995032604,0.00069801125374491235,0.0042987513259504784,0.0041491202635031144
2022-05-23,0.018710156428741298,-0.016454605344723205,0.0046503694555282138,0.026415557057129613,0.007535469237591963
2022-05-24,-0.0076336735997247773,0.019732695609941064,0.007521859850632806,0.0038127480545946391,-0.017370580961329263
2022-05-25,0.0088346387119133674,0.0039541400347589128,-0.0060299949595961078,0.020652757741517647,0.0049106318969156515
2022-05-26,0.019981387797852079,-0.0045251565705380914,-0.0018488983177334939,0.011047521276614347,0.015636303765900861
2022-05-27,0.024549127212522226,0.0024414551721576583,0.00052102106703943996,0.018288807144259067,0.011546756696479088
2022-05-31,-0.0056109567435739249,-0.021162784297703352,-0.0098930092767430811,-0.015023440418192258,0.014031065822718958
2022-06-01,-0.0080885448183325437,-0.0011429773703147683,0.0063690331995909233,0.016284507020545957,-0.0070356022632587223
2022-06-02,0.019043435186665292,0.00051638984881785532,0.012309182073779512,-0.0031593975214703196,0.017241291511246093
2022-06-03,-0.016411311769296444,-0.0021499728567665466,-0.010152017266979896,0.013244146233294396,-0.016252737737932788
2022-06-06,0.0030447088388387833,-0.018443259403839396,-0.0044037229040009285,-0.0011172075146281824,0.0054284916336571065
2022-06-07,0.0095923543833398295,0.010799560950474296,0.0065184208441693148,0.029862704698162545,0.0030514484853212398
2022-06-08,-0.010872197664103744,-0.0088604010822743717,-0.00092519752428932289,0.0021720508144662531,0.0053829548897159629
2022-06-09,-0.023783037456735046,0.0033305261924205798,-0.0031832564859568535,-0.02210680517989283,-0.023663210840804805
2022-06-10,-0.028995549492963124,-0.0062019188008111126,0.013412283666592417,-0.016954800589220942,-0.011060430755361561
2022-06-13,-0.037968291255604747,-0.031378870875677811,-0.026412288230091452,-0.05219228550010635,-0.035010890292911712
2022-06-14,-0.0030132958185994374,-0.012613443847181549,-0.0080032096167819144,0.0019027622652398879,0.013857547876363396
2022-06-15,0.014256441070920722,0.018656187268042856,0.013050939388113303,-0.022079833306515972,0.01317080701859652
2022-06-16,-0.033096145399776011,0.0079393869320869559,0.011243181594596585,-0.056324401799150658,-0.030659764068342032
2022-06-17,0.0021557036196331314,0.0032222524861709179,-0.0082228163117150643,-0.054669349321592731,0.0037955208992315193
2022-06-21,0.025173682455234214,-0.016952035064483062,-0.0037367862070599722,0.051805867125847227,0.01613310916697408
2022-06-22,-0.0018130149962142239,0.027500473694672456,0.0039851881634080932,-0.040031310171447565,-0.017861597912869343
2022-06-23,0.0098025769009342234,0.0082147067557989395,-0.0061292572921710642,-0.037067197156422371,0.0030310904365316027
2022-06-24,0.031793958654799281,-0.013842840265199108,-0.00099846220151544873,0.013161587532891206,0.023671579283401467
2022-06-27,-0.0038196866257487194,-0.0085284976277526514,-0.0011170700540719114,0.029333636558722453,0.001229969680272891
2022-06-28,-0.020432789695047915,0.0046593601843256671,-0.0016480211262837052,0.027005117292395076,-0.0061424995627729073
2022-06-29,-0.00081456207963592764,0.015608285239174347,-0.00076635790452439512,-0.034751521901634774,-0.0039554258832035227
2022-06-30,-0.0081242434759054571,0.008782298487656659,-0.0060770472943221243,-0.021081558926497768,-0.0047158964989475471
2022-07-01,0.010576620204215459,0.010266566462299176,-0.00083105416163387069,0.014962621873929827,-0.0062345118565805269
2022-07-05,0.0018884707018502755,0.0078570574510976599,-0.021209643351204122,-0.039680151774246442,-0.0077789665991910839
2022-07-06,0.0033772974540255962,-0.016791343666322067,-0.015842188833696924,-0.017073153444239764,-0.0060699525105439855
2022-07-07,0.014977122951232102,-0.0087999943107358591,0.000555053276362516,0.03605328362312088,0.020101982454085565
2022-07-08,-0.00082258914713673192,-0.011075871771554446,0.00043153132011619633,-0.00042289962675068349,0
2022-07-11,-0.011423680085933086,0.01724451337030386,-0.0053605074529734509,-0.0095842141051035723,-0.026690191073238445
2022-07-12,-0.0088487144407480844,0.0059416534350822392,-0.0037167247224720867,-0.019496145304902068,-0.0038441572505476529
2022-07-13,-0.0052517849804731842,0.011466566482696505,0.0047876905036026152,-0.0015964073569131321,-0.0023153735237053663
2022-07-14,-0.002428657031186443,-0.0081590771630262182,-0.014047055610919013,-0.018898411354897227,-0.0090251749532288539
2022-07-15,0.01910529859259591,0.0056284780455262418,-0.0020084561635671516,0.016298828987868497,0.0052040870867562372
2022-07-18,-0.0082568420049512481,-0.010418511274306264,0.00094339450635594346,0.02288981865022266,0.006989492701015898
2022-07-19,0.027019083336009553,-0.0053943882067809534,0.0023874693093759447,0.030786639155810924,0.016452562722216291
2022-07-20,0.0063731983920833901,0.0026242964847718042,-0.0094020312343235934,0.0096792225815560684,-0.0042996336273227742
2022-07-21,0.010183151897833032,0.017275992423029907,0.014110421925231709,-0.017529484985311816,0.011430054205632256
2022-07-22,-0.0092780454063716711,0.01681104883001705,0.0024957502079077099,-0.0082241451756359663,-0.010045066891841481
2022-07-25,0.0012149552434446154,-0.0097849234010394248,-0.0027385476219622396,0.036683352983812867,0.0035515223840980603
2022-07-26,-0.011830909938962186,0.00076680079568181014,-0.0011858106875901608,-0.0090840055355176919,-0.0078363076284019284
2022-07-27,0.025966015519699681,-0.0056180320000158712,0.010184984698782484,0.022575342059337755,0.018598701978496557
2022-07-28,0.012542476561126614,0.0079605546276102501,0.012185323455280006,0.0056195844888471402,0.004252209698926146
2022-07-29,0.014578799360348116,-0.0027173403853879563,0.0028110896821249565,0.043374105088287207,-0.0047323405911202654
2022-08-01,-0.0029613204475988919,0.024083597120939437,0.0056672312077465925,-0.020657944735532285,-0.0085084660842592585
2022-08-02,-0.006597331566855269,-0.021159730878485883,-0.0059382884008237768,-0.0023438579809007543,-0.0047954341008976664
2022-08-03,0.015659583546155265,0.015744639316658482,0.0024382437613132968,-0.028713441316383648,0.0078621435623948965
2022-08-04,-0.0006757341452603427,-0.00033501242118938457,0.016539989487255546,-0.037086786387559467,0.0070455310229737833
2022-08-05,-0.0016898946862917708,-0.023803533186761983,-0.011246066300201418,0.019816101028212518,0.0009996123268132262
2022-08-08,-0.0011612581422968393,0.016141385828824628,0.0084700176183678533,0.0051994894433267103,0.0012479798548468146
2022-08-09,-0.0039708286206799892,-0.0038864060438360548,0.0030595386607856767,0.017560659285906555,-0.0037396910799034622
2022-08-10,0.021003959031440145,-0.0065317013598117368,-0.0025119508170524663,0.0072242984411960975,0.012512499491208251
2022-08-11,0,-0.023309305750727427,-0.0026382206776995876,0.034399926509928846,0.0039546556852074755
2022-08-12,0.016929075461740162,0.01014045409022768,0.0091980209990443207,0.0075758171142488173,0.010585839938797692
2022-08-15,0.0041206564014335534,-0.00086515170333623104,-0.012867030834262327,-0.01949752244474845,-0.0046284845624252613
2022-08-16,0.0019587870249071493,0.0041575803042377402,-0.0017500967544019641,-0.0023397068411423749,-0.00024479121033349482
2022-08-17,-0.0070978757020629946,-0.010437371523379646,-0.0064683356140343706,0.0083376951646607633,-0.0041616485521970281
2022-08-18,0.0029062002258315456,0.0014818512245720061,-0.0026164156896926194,0.026873474920921847,-0.0056537713483582053
2022-08-19,-0.013437946500116205,-0.01610231370040105,-0.0073206256811044756,-0.00025159837023225329,-0.013596977265757815
2022-08-22,-0.02082263724322897,-0.0033615411434165798,-0.0066371793445959559,-0.0018878477995888376,-0.008771940883850915
2022-08-23,-0.0024190691720286095,-0.0055035076974327968,0.0069908740848763085,0.036061091186194716,0.0053097200682086232
2022-08-24,0.0032010800600272837,-0.0073185542013864957,0.0029489200401788818,0.012291419948494919,-0.00025145816742977445
2022-08-25,0.014117557879387954,0.013936424807027725,0.0030627871362940429,0.0076941755737387485,0.021635165498981479
2022-08-26,-0.033849079273241656,0.0075374532615735124,-0.012152705301765265,-0.011691451336212855,-0.014774690333725804
2022-08-29,-0.0066120958071180791,-0.008273684011460225,0.00061823755509204936,0.015089045380074939,-0.0062484310033322776
2022-08-30,-0.010977862286566942,0.0024852532687529294,-0.0083405788856106833,-0.033892288268601134,-0.011820853399466702
2022-08-31,-0.00760912308933126,-0.0095610574807133419,-0.007725314789180926,-0.0091086502794912594,0.0035632733077679557
2022-09-01,0.0031378792296541391,-0.018308266819968444,-0.0087901621003190211,-0.024596324916054235,-0.0078621435623948965
2022-09-02,-0.010544393702843879,0.005656725952719599,0.0088047091444871661,0.018339123734937735,-0.0092024138856289239
2022-09-06,-0.0037732082759915908,-0.024768397609420401,-0.0058394619355668365,-0.0092546806494373524,-0.011868099208198535
2022-09-07,0.017965060522872722,0.015815704779495121,0.010168638866495439,-0.011613057891120104,0.008877460119125713
2022-09-08,0.0065363010751713357,-0.010257810443609405,-0.0060022927298558626,0.0043424125035036454,-0.0054347678683114298
2022-09-09,0.015535077271731756,0.0022211493629531454,0.0052837565684635823,0.024923569706118087,0.014832215423985717
2022-09-12,0.010747632619696024,-0.0082173941303809173,0.0050681862187038629,0.018362169387763583,0.014871794485941336
2022-09-13,-0.043482453618439387,0.0023276555957965073,-0.01301133993119441,-0.025219031459313479,-0.030823764388368646
2022-09-14,0.003815976471557514,0.0034361204456840877,-0.0038476134488705238,0.028246328424275102,0.0049531670271305561
2022-09-15,-0.011353418504300938,-0.00064772559257841866,-0.018679143196684067,-0.025769035006712238,-0.01063545205782146
2022-09-16,-0.0076288530477781613,-0.008335780531161463,0.0055491072013156284,-0.021335062527089055,-0.0091767279620920128
2022-09-19,0.0077549413583235527,0.0023350973602511704,0.00077008713293569286,0.00059324893414158808,0.0031754659590848
2022-09-20,-0.011478739390902715,-0.0099704507705975498,-0.0057065872745265533,-0.0069551230740728665,-0.0055396408815036047
2022-09-21,-0.017443631919031533,0.016752929479750822,0.0046429736758102358,-0.014656438365999835,-0.016710831178295638
2022-09-22,-0.0083997837970465339,-0.025548537855388909,-0.00057767726920254781,-0.0035540638162580018,-0.0048557138631032393
2022-09-23,-0.016754839737265437,0.0040851115400517557,-0.017276830405465349,-0.068956197171173739,-0.024667942038932744
2022-09-26,-0.0098925601067549884,-0.019110963440884587,-0.011633219026207842,-0.024546090973068369,-0.01222887286283092
2022-09-27,-0.0025528778027243959,-0.026330837353561787,0.0020498417466878749,0.011199914549415269,-0.0011253825486794433
2022-09-28,0.019676331966996141,0.033481862147595853,0.020786652334910061,0.044303898655740914,0.0087322791084334384
2022-09-29,-0.020888827162977575,-0.0051759665053894288,-0.00019392836526865853,0,-0.022340230759127389
2022-09-30,-0.015463544881407665,-0.01291040359805895,6.4622440186790087e-05,-0.0079889753664920127,-0.0037131321764536374
2022-10-03,0.026401036328870919,0.015889579058530279,0.024309785681440932,0.05651202526484389,0.016341921052467123
2022-10-04,0.030986680925640275,-0.0027932284725263878,0.014328122056449066,0.042975498970735604,0.032721782838319946
2022-10-05,-0.0023282838689296925,-0.0095612815012952046,-0.0055382663755437767,0.020665240563144893,0.00054630286018353402
2022-10-06,-0.010315733338412292,-0.0055586708416521802,-0.0011262917122268901,0.017777888358256888,-0.0060058214547868971
2022-10-07,-0.027893750204042389,-0.0097077179486507736,-0.010962851258976669,-0.0077631292906418237,-0.020873306366683164
2022-10-10,-0.0076353081166841141,-0.015546263800912064,-0.015201476317757034,-0.020538179523445388,-0.014025345218688923
2022-10-11,-0.0063328960598183492,0.0044257180765230331,-0.0020580915501852148,-0.0079880323636599693,-0.015931716885876357
2022-10-12,-0.0032987499058934056,0.0049071916808101079,0.0053493285090542297,0.0080523548346831397,0.0011562301359104854
2022-10-13,0.026391196136520856,-0.0095667976327518112,-0.0069235322329802562,0.040813854544897055,0.0028876304477023496
2022-10-14,-0.022788631467839604,-0.0082500592973011599,-0.012458897998479546,-0.037294731688697458,-0.014972636569709707
2022-10-17,0.02569667250575991,-0.0048698690303798919,0.0028762090057179446,0.012456526329852613,0.027477549509939969
2022-10-18,0.011749838494022224,0.0023449929067780317,0.0021509701146735782,0.0087350399245724741,0.00028449707405098223
2022-10-19,-0.0070866284584775174,-0.018205964164971111,-0.013398358104674823,0.029515952805617474,-0.018202574529582183
2022-10-20,-0.0083851678273434427,-0.017093410231873718,-0.0015822103586343728,0.00094764137921998781,0.0063733456260506305
2022-10-21,0.024301339878574524,-0.018022685255072668,0.017827646105301076,0.028879281309766469,0.015255934520940428
2022-10-24,0.012236528220271659,-0.008264458856974799,-0.0032435940304724742,0.0047161715262002968,-0.037992608868715694
2022-10-25,0.015968577038605547,0.029112587674643864,0.0022779441420051061,0.0010307285452386683,0.0082521589447910326
2022-10-26,-0.0075341041721989077,0.01440737540046011,0.0063636086203835429,0.013610839602220759,0.016369603963368506
2022-10-27,-0.0053402370005036781,0.010471054706167271,-0.0015485239449671839,0.0036108806621313327,-0.0077652510036081424
2022-10-28,0.023791010512944633,-0.0068740749031388493,-0.010210687443231947,0.0034855644862008539,-0.0060868790208112866
2022-10-31,-0.0072231854692981212,-0.0071283607661357662,-0.0081613996481592066,0.0084033230679891879,-0.0029163841115839029
2022-11-01,-0.0043759040193479537,0.0093457345914869094,0.010203429757038585,0.009666661444942104,0.018426267251866024
2022-11-02,-0.025096389075412784,-0.0043398684019158029,-0.006972548399621914,-0.024100235383569424,-0.0083284880859887389
2022-11-03,-0.010296852715465765,-0.0053971753161516922,-0.0038060360481508848,0.018493289239315702,0.0057919860105613008
2022-11-04,0.014393027797068525,-0.016800612628352973,0.030696289684813083,0.012178896813644258,0.04232677270850882
2022-11-07,0.0095657823353652027,-0.0099767952319584907,-0.0039623896743823384,0.017173698684260552,0.000552490154535068
2022-11-08,0.0053953214725035448,0.010935158706489201,0.023099074133724695,0.00096782288869046162,0.0071782902725034958
2022-11-09,-0.020602049503437248,0.0032869804630057953,-0.0050172660211307285,-0.048882764496128273,-0.017269804410151357
2022-11-10,0.054954062758757471,0.038474036988497717,0.030444387121793204,0.022252411874791989,0.036262234775557234
2022-11-11,0.0096786423320700532,-0.0036643945260855793,0.0066063240719351768,0.029060728439256112,0.027187108020385375
2022-11-14,-0.0085066257627742781,-0.0024515511655949229,0.002187655661719301,-0.00032218460667143844,-0.006027352295429611
2022-11-15,0.0085289739321234848,0.016180286583667103,0.0035168677995043307,0.010526354907489655,0.022937213027878212
2022-11-16,-0.007628910655508081,0.021868236147096098,-0.0022961020109516506,-0.020408106977028106,-0.015979495388450338
2022-11-17,-0.0030599102701988068,-0.010552250950463637,-0.0072674235933118947,0.0021700662995516318,0.0018334888232283131
2022-11-18,0.0045405175929806862,-0.0068774185590075865,-0.0068936365021664558,-0.0079037498820014873,-0.0057517848704012886
2022-11-21,-0.0036360736525126169,0.0042153999601857173,-0.0055899529507372758,-0.013532855709795011,-0.012621596805111102
2022-11-22,0.013456952062477656,0.014191533950078439,0.00117372396636517,0.031308849782437642,0.0023969892448629793
2022-11-23,0.0063017909982019393,0.01744144889240884,0.0062318409402886132,-0.010834677797980308,0.0082358108813962438
2022-11-25,-0.00022380535228627707,-0.0033894668026517305,0.00085847061611810105,-0.0036870753876391271,-0.0047431173213201561
2022-11-28,-0.015957092432458464,0.0028180334092700043,-0.0079034954985544026,-0.027430069314479444,-0.0045009038877829033
2022-11-29,-0.0017174382788784914,-0.011725711810209094,0.0049404254180360763,0.0151090517138317,0.021542430582150551
2022-11-30,0.031500543326814956,0.0073541892959640975,0.012781920270785507,0.0049613886929431583,0.028898882614373678
2022-12-01,-0.00073589454836386903,0.031946200246119494,0.01838479961277617,-0.0032913581186470031,-0.003289550447905798
2022-12-02,-0.0011535694778281869,0.012575317592940172,-0.0034556830535615868,-0.005943722855523248,0.0038081540876861997
2022-12-05,-0.017989345781299293,-0.014006902155849099,-0.017158885635801036,-0.029675547222664966,-0.011380803140391804
2022-12-06,-0.014414717441914027,0.012880165953981226,0.0027373742314797944,-0.026360635116539965,-0.001279055015666164
2022-12-07,-0.0017012709259905945,0.023562186153287756,0.0090391017123649942,-0.0023443415502377718,-0.0058913815056621521
2022-12-08,0.0078337026096222395,-0.0027402485799240539,0.00084169655568588908,-0.0044641568807887166,0.012109988485708767
2022-12-09,-0.007469940118132401,-0.026014683307596931,0.0035441601103156639,-0.024309797164881131,-0.0066191933448415119
2022-12-12,0.014417150605379847,0.0031977987199462987,-0.0082605345563260268,0.02624565407470314,-0.003075261340811819
2022-12-13,0.0075697245415582426,0.0096557793609972631,0.017081132038632596,0.01897473301029029,0.0071511188016371019
2022-12-14,-0.0063933720910013259,0.0042713989138218889,-0.0024330212847030186,-0.0061299679250866879,0.00051830291959475971
2022-12-15,-0.024461719664905179,0.0039015907242236914,-0.016359309340575279,-0.0060513156966305326,-0.023051034518160596
2022-12-16,-0.01180619930177107,-0.011170548465205488,0.0087087216780366017,-0.012293584912615563,0.0029161967802298072
2022-12-19,-0.0084795994638555694,-0.016805498118724671,-0.0028178306902848504,-0.00011996078820186717,0.00079307334585920763
2022-12-20,0.0013685370846674427,-0.017756691632944466,0.016594482836064905,0.015091647194626523,-0.00026425735503576853
2022-12-21,0.014952399403849848,0.0025132759411206074,-0.0016560135809358112,0.018997309982199617,0.0089829795316052063
2022-12-22,-0.014266141660710052,-0.00019275235776061717,-0.012085358459954287,-0.023043150813467528,-0.0089030040286460776
2022-12-23,0.0057522926220043846,-0.01466028165533062,0.0029983210390398529,0.031883120592823389,-0.0013209814819319377
2022-12-27,-0.0039435955726173644,-0.019773315707086847,0.0084300114098816437,0.010682456864774093,0.014814911912751638
2022-12-28,-0.012427831232404984,-0.0058913890291600879,-0.0045058072869290644,-0.022388896905213396,-0.014598634429630275
2022-12-29,0.018000186415401354,0.011351037136388964,0.0055982515687262868,0.010462766286732705,0.016666775901845732
2022-12-30,-0.0026340867607217433,-0.011124238326365332,0.0046786689817972515,0.0063275049423012764,-0.013791351733621227
2023-01-03,-0.0042097629144781656,0.01908366654606386,0.0083706565317989146,-0.035097730231283486,0.0084432798741531645
2023-01-04,0.0077202855997791087,0.013699939484833612,0.0094119059589024001,-0.00011847872505532653,0.030088875895905476
2023-01-05,-0.011413366200767494,0.0041810489968803211,-0.012451461859522062,0.018248595789732924,-0.0030479961328981897
2023-01-06,0.022931859432607116,0.018396644961886865,0.018707496841890769,0.018968974957808804,0.020891721380174255
2023-01-09,-0.00056680372373274501,0.0053242345166770733,0.0022451175785793698,-0.0035402892207443415,0.0074869764160654384
2023-01-10,0.0070129487546615188,-0.016549938344417092,0.0036760446135073455,0.0071057347977987462,0.0071836132529348173
2023-01-11,0.012647836672524226,0.016251378432466934,-0.00068679393501136499,0.0030727946793827066,0.0041809820611080628
2023-01-12,0.0036406621216691359,0.019682129336908272,0.011568000967502767,0.019060706104684799,0.0048982750357768889
2023-01-13,0.003879593585376373,-0.0093727108825051308,0.012001783992939385,0.0014470911009711873,0.0065804787550136634
2023-01-17,-0.0018319069772806396,-0.0064635616803520035,-0.0065450783446996397,0.0021125820843217458,-0.005568972598439359
2023-01-18,-0.015788063618273007,0.024231501277028222,-0.0028717524486322477,-0.01830508217009208,-0.006817472112306433
2023-01-19,-0.0072798089327338333,-0.0062599012403078413,0.015868520044824974,0.012430679447835047,0.0075998927793274884
2023-01-20,0.018628951725225384,-0.0162114501624957,-0.003335405556458948,0.0099343266831821708,0.015328565491121937
2023-01-23,0.011998657831097548,-0.0047078715896259338,0.0018964337632443318,0.0013262074912934185,0.0071887505137859797
2023-01-24,-0.001073320633208974,0.01438028002297731,0.003618515163479552,-0.0038631710584778878,0.00071392095764233332
2023-01-25,0.00037482574590330664,0.002424836705407607,0.0046039595999265437,0.00011079895150789554,0.00095098645087277056
2023-01-26,0.010990396895373511,-0.0046518864895570555,-0.009055266877154966,0.031575435862102541,0.0095011235831632401
2023-01-27,0.0022976374974943425,-0.0025239045146088213,-0.0013929904624704337,-0.020190926964822498,-0.0047058023428941942
2023-01-30,-0.012546594014881784,-0.0036546801174373034,-0.002566715270248765,-0.022909347493127674,-0.020094414610768885
2023-01-31,0.014703002426346368,0.0079946377287778425,0.0036362115419990015,0.0088625939220106087,-0.0021715322177521257
2023-02-01,0.010627810700832407,0.012021351623275889,0.012596814339808304,-0.019682052199873623,0.0123308642985962
2023-02-02,0.014557060370064212,0.0012939867592545173,-0.02075193653580043,-0.022799525515671548,-0.0059708587066393815
2023-02-03,-0.010628971697529521,-0.014956008671812571,-0.024957770292002968,-0.0022054679665541865,-0.017779787977900918
2023-02-06,-0.0061114496083854997,-0.0074034505873065148,0.0020754098721176284,-0.0045369146072455901,-0.014677254830544273
2023-02-07,0.013078689489489426,-0.0080257414379786285,0.00092042570808259505,0.032487938184112775,0.0039722498115615235
2023-02-08,-0.010934725802802747,0.0047590081646000648,0.0024715941207615888,-0.0089415502621348342,-0.0012364805251253719
2023-02-09,-0.0086693568914140151,-0.0094732689876312337,-0.0079124181746250688,-0.0085657047388230101,0.0047041362560760192
2023-02-10,0.0023338229176581571,-0.01118955751590911,0.0019071943211166342,0.039166126222508257,-0.0096105631435294825
2023-02-13,0.011738856264224884,0.0084146198845385101,-0.0050761702798468589,-0.0025496953813463064,0.0082109186931036415
2023-02-14,-0.00045999635868432254,-0.0023015574388369764,0.00075373890325147741,0.00033358455250431795,-0.0017274513438444439
2023-02-15,0.0032473672425454847,-0.0093253791155627486,-0.00996466725346834,-0.01699810293063686,-0.0084053763294876793
2023-02-16,-0.013768953936960537,-0.014167958324818875,-0.00081923687839224879,-0.009832921039966247,0.00024922773887237071
2023-02-17,-0.0024982950713255958,0.0077761034050001232,0.002986790669610162,-0.03561243288057403,-0.010967096138622123
2023-02-21,-0.020060711429492839,-0.019437363920392636,-0.003737004613899475,-0.0049710092016057583,-0.012600798741543406
2023-02-22,-0.0013783167070298141,0.0091644623803759373,-0.0056264885860463076,-0.0066610568910878687,-0.0048493087885422836
2023-02-23,0.0053193891831826434,0.0097722355469771482,-0.00053045111368654752,0.015087930486009649,0.004872939175311064
2023-02-24,-0.010682298233522736,-0.013001210915702832,-0.00719467575637045,-0.0012974767727721437,-0.022460538899910731
2023-02-27,0.0034059421693564129,0.0027728615322648587,0.0039203348939262916,0.0029531750398612555,0.0052219509744435566
2023-02-28,-0.003696184113798906,0.0045434849708221314,0.0045559688627159201,-0.01436828951987934,-0.0070129103229280565
2023-03-01,-0.0038357854685716619,-0.010743315798036779,0.005772150633673867,0.019715450418853253,0.021449015520537351
2023-03-02,0.0077773553644435722,-0.00886710439351035,-0.00058556364454886989,0.0087884306997167982,0.0035851708047442976
2023-03-03,0.016037833562267512,0.024226169799924424,0.010723085619275707,0.013590588192239794,0.0089309081805917234
2023-03-06,0.0006925045346413139,-0.0077536774992055246,-0.0050438306468199023,0.00045838201352932373,-0.0035406368091933649
2023-03-07,-0.015328636662017114,0.0061327212310062773,-0.017480480627863337,-0.017411320378729389,-0.016751421286984702
2023-03-08,0.0016322228747125411,0.000982870903940114,-0.00047445044105887124,-0.010258795349069261,0.0041302622313093007
2023-03-09,-0.018450033346518291,0.0024555427355570369,0.0098493160569381732,-0.014134422780453848,-0.022108034804081633
2023-03-10,-0.014429208975740071,0.034485908379431107,0.021562856843419187,-0.01278355492661265,-0.0052576420446374117
2023-03-13,-0.0014251423157437548,0.0022731515562495197,0.022948211912439564,-0.020331726478376666,0.0015856183726150608
2023-03-14,0.016529718924463088,-0.016441494802651113,-0.0057910647462177112,0.0098827825524494539,0.00052763009110479153
2023-03-15,-0.006254229037113701,0.019309986674397317,0.0078041331704048478,-0.053700065076389913,-0.017141384956828598
2023-03-16,0.017545198774913118,-0.0078228197217437012,0.0020200920082427132,0.010858002781759302,0.015293918748993107
2023-03-17,-0.011692762177070049,0.01500928357993514,0.02912021467748982,-0.015728935493628748,-0.0060781855750738911
2023-03-20,0.0096156887733889196,-0.0087975208215216316,0.00038086773576995192,0.020019685330580295,0.0037223284594489758
2023-03-21,0.01313058303335235,-0.0085921420828176664,-0.018875115806276432,0.034620378505408222,0.0090066657179785903
2023-03-22,-0.017046503375777178,0.013333202531814248,0.01702060989813825,-0.021271150971851505,0.0039380825197830038
2023-03-23,0.0027034103432284073,0,0.012538176085624908,-0.013853713861855077,0.013859767747363749
2023-03-24,0.0065619104002931916,0.0042295365059821233,-0.011252350246951037,0.0038663580656415064,-0.0025792698402116176
2023-03-27,0.0018698398938543637,-0.023491173517198094,-0.0092567220514061521,0.021312189970021267,-0.0054308150087861717
2023-03-28,-0.0022445277907262584,0.0018212043743330852,0.0081890932572421526,0.015461964657605742,0.014300867474018819
2023-03-29,0.014534887692740028,-0.0020092508415253674,-0.0049607700065313898,0.013864977265456657,0.0028196567087275248
2023-03-30,0.0058551774603354811,0.0046015663807914553,0.0090395765491646518,0.0043955507359816348,0.0099693453081159955
2023-03-31,0.014094559244955063,0.014980992125927406,-0.005212246135594234,0.0069294048406025599,-0.0012654808205299073
2023-04-03,0.0038105606545109083,0.0047029150028046196,0.0072044103080191046,0.045273167148480731,0.0020273976501650193
2023-04-04,-0.0055481870462663618,0.0049717017239285788,0.018640958960437715,-0.018133408595616962,0
2023-04-05,-0.0026181375031003595,0.010454410610223341,-0.00079792477866513778,0.01505722356925121,-0.007840153066621669
2023-04-06,0.0039008530580915135,0.002586967295375997,-0.0071340910654725809,-0.015181461829884002,0.0040784625935861296
2023-04-10,0.001026358827913576,-0.01612445926659789,-0.0073998865470733532,0.0080018736444569249,0.0010156575205775287
2023-04-11,0.00026872670812028154,0.0020601343766850633,0.0063205562373052082,0.0094560711587159396,0.0060867148473995325
2023-04-12,-0.0040761454735478431,-0.0010277853306644991,0.0048851388666131257,0.0006935471211768629,-0.0070583795110583658
2023-04-13,0.013282855609419775,-0.0078588207225674944,0.013515672558895409,0.00624073141129311,0.01370912277233316
2023-04-14,-0.0024427148908179319,-0.0091464492640153106,-0.017710313033589165,0.001837720296538059,-0.0052591342272558794
2023-04-17,0.0035880192870876293,-0.011895970989358351,-0.0044537552497120325,-0.011807925321343782,0.004279927709753828
2023-04-18,0.00065226927414618885,0.0035635897445005504,0.0038807806038938519,0.0039442130785258822,-0.001253528979085039
2023-04-19,-0.00016894828731650602,-0.00095966450931073144,-0.0047785202128775017,-0.0034665959647010025,-0.010040092796728572
2023-04-20,-0.0054571610325444553,0.0085492775651669906,0.0039382591990468896,-0.008812520760959619,-0.001521397717673123
2023-04-21,0.00077695777147668288,-0.0056194760547871869,-0.0098876692680979206,-0.0058492394729846575,-0.009395514055419385
2023-04-24,0.0010433156488014461,0.0096743214529080301,0.0030393354604816292,0.015297640964775372,-0.0023071458117847055
2023-04-25,-0.015873831663721027,0.014704511416815391,0.0050863181311835426,-0.018776242671545096,-0.018756378101100535
2023-04-26,-0.0042356090724731121,-0.010657891549968213,-0.0054373863086726315,-0.013347436783924915,0.0057606146731548069
2023-04-27,0.019907993926020273,-0.0099227532291685794,5.4100392653300133e-05,0.003591717413829576,0.013538167417431302
2023-04-28,0.0085350885044479519,0.016130404451174973,0.0002706525128974846,0.015507396256530859,0.0051374441583886821
2023-05-01,-0.0010097271374659433,-0.028834384218305864,-0.0044913518254771079,-0.011276701435691594,-0.0033222654465188128
2023-05-02,-0.011239125891845836,0.024919906307430795,0.019296640909943763,-0.043483464753355405,-0.0097435920239546947
2023-05-03,-0.006863976651923509,0.0055820143068692207,0.0084790758407855549,-0.018879856368365422,-0.0015537008272719088
2023-05-04,-0.0070830057266556556,-0.0098786499060338206,0.0070329534491149204,-0.011140457681353078,0.008039517616093228
2023-05-05,0.018512606346502203,-0.003325792583974474,-0.015647950479605433,0.027141085613051841,0.013377845773255181
2023-05-08,0.00026652873027921409,-0.014014906230181534,0.0012269055761324754,0,0.00050777634737109167
2023-05-09,-0.0043854979831947638,-0.0035773505499469005,0.0070861623621636394,0.000374166876737414,-0.0060899093790052206
2023-05-10,0.0046724467004195525,0.009703877003131689,-0.0014284428439210739,-0.011338304875757155,-0.00051052290701425473
2023-05-11,-0.0017438742796334061,0.010571855227283544,-0.0085827555877483475,-0.011972224337030712,-0.0035759075902369597
2023-05-12,-0.0013102676644470845,-0.0083689582550087183,-0.0017100802429794726,0.0015304134688489679,-0.011791878660451949
2023-05-15,0.0034499905100349171,-0.010357841388722755,0.0021412620336231925,0.0050941944161007058,0.018417452327226469
2023-05-16,-0.0066827232266510883,-0.0030041814912709075,-0.0124993937971285,-0.024581656946080943,-0.0071318830964768321
2023-05-17,0.01213909271147573,-0.002915659168945206,-0.0034618889303412725,0.019225551680866815,0.0046178436214723284
2023-05-18,0.0096331947853778299,-0.0074090058308646789,-0.012972911279784505,0.0072650136596295045,-0.0053625442867519801
2023-05-19,-0.001455078269423038,-0.0070714098230284517,0.0098988291245512006,0.0077187566236240901,0.00077005658707407498
2023-05-22,0.00040611075544871866,-0.0035605821419671946,-0.002341497915543389,-0.0041438793200208046,0.0082094526922078526
2023-05-23,-0.011222843874589938,0.0028783823253082375,0.001200731149241463,0.010717427731878448,-0.015521698890199498
2023-05-24,-0.0072448445094941416,-0.0049488193686999526,-0.0080684500170863371,0.004366449894432467,-0.0074953276932678836
2023-05-25,0.0086599462346879097,-0.0024869773944891094,-0.0096180270917938238,-0.017761996446043149,-0.0020833620075630943
2023-05-26,0.012950585803238157,0.008077277857170273,0.0039955673301699246,-0.0039201530775418991,0.017745278081551019
2023-05-30,0.00038113939104000849,0.0099913270723155367,0.0061905545463338818,-0.01028308798338684,-0.011538475383534141
2023-05-31,-0.0055452624489942259,0.0087168515214810505,0.0015382006614657051,-0.017572965557896114,-0.0093384898929425031
2023-06-01,0.0095008865373695794,0.0039233960931550627,0.0078981303464762398,0.012403878075954111,0.017805683698357777
2023-06-02,0.014461139832323777,-0.010958063869795032,-0.014747450675273721,0.030435592639720843,0.017236903074647092
2023-06-05,-0.0019162098424383434,-0.0018626542407484958,0.0060204160150112429,-0.0066330239972309801,-0.0002529250066912736
2023-06-06,0.0021773875964317124,0.0058936073219242324,0.0010980396887689814,0.0080634847704914581,0.0088540925147952976
2023-06-07,-0.0034576509440906733,-0.014843533443999579,-0.012010543410059138,0.026496353464597888,-0.0042961994155495953
2023-06-08,0.006048552856186884,0.011697000852504802,0.013211240429905624,-0.0042611995114141266,0.0071066185148713767
2023-06-09,0.0017944097900284284,-0.0013717432866968693,-0.0026845203333208945,-0.0055026043892570931,0.0045362215754360946
2023-06-12,0.0090717969259388465,0.0029433774008480462,-0.00087886403659021006,-0.0095906140559965936,0.0020069714660790883
2023-06-13,0.0065930327166257019,-0.0098807506806530832,-0.0073675586139503313,0.004717673287713442,0.010015168311635625
2023-06-14,0.0011907162143831584,0.0080032504330198595,0.00055392770153228632,-0.010255919000424552,0.0074367421414474055
2023-06-15,0.012397724409938915,0.0096058833830652279,0.0070305816914972841,0.010986181697863362,0.0093504986304209226
2023-06-16,-0.0034063968913925491,-0.0038835234735354884,-0.0015392159510752013,-0.0014816552435905628,-0.0034130282555632219
2023-06-20,-0.0051880051797879023,0.0069203713242047549,-0.010350739592973501,-0.022381976724630381,-0.019569653432318646
2023-06-21,-0.0051239093234122235,0.0024198971425324345,-0.0014464228474878604,0.0079120726472710068,-0.0047404706063223223
2023-06-22,0.0036097830627004335,-0.012070445604792757,-0.0099169799143199455,-0.013421014544306442,-0.0035096101653083744
2023-06-23,-0.0075598534662010275,0.0099695751710169311,0.0027572461643308177,-0.0071867079210188312,-0.014591169583759944
2023-06-26,-0.0040856680686998104,0.0010645455681475013,0.0017396047357047806,0.017967846417401567,0.0033188047156940126
2023-06-27,0.010963159341141449,-0.0026102659141888918,-0.0045935358840554219,0.0022856739405228144,0.01017826506627495
2023-06-28,0.00050438304874966811,0.0042650403280746207,-0.0023074098512918528,0.010135502894923043,-0.0060453858009801298
2023-06-29,0.0039414232125132287,-0.018048280410677076,-0.001071764681377263,0.011539034030559003,-0.0053218335132126926
2023-06-30,0.011800551533056591,0.01179450964605655,0.0066633235020165937,0.0064476266885278299,0.0078980622321167537
2023-07-03,0.0011506567075525442,-0.0056691274556048832,0.0011218766110339118,0.002340454790544344,0.0111223616159426
2023-07-05,-0.0014872393351820223,-0.0095022739138639345,-0.0035300323780096399,-0.0055307226813723354,-0.006000045681467614
2023-07-06,-0.0078307163035221672,-0.014142838837644334,-0.0029802001248914189,-0.022494333259562294,-0.02037213183455111
2023-07-07,-0.0025246641262238745,-0.0060196554612799158,0.0075009974021074122,0.021494562802049533,0.011296444063063626
2023-07-10,0.0025310541879335346,0.001312191127910145,0.00078369564558200544,0.0077979107225560895,0.00076156843990493606
2023-07-11,0.0063686149399075909,0.0051408036768378906,0.0037476125602418087,0.021984967388492205,0.010147176832014271
2023-07-12,0.0080458979301272215,0.011131315464770752,0.013541420874312982,0.0092538302004925299,0.022350422724872532
2023-07-13,0.0079368636075773935,0.01051251832008826,0.00071469991496431184,-0.0038105081054180534,0.013019099677906487
2023-07-14,-0.00062281567080046951,-0.0058888332019164658,-0.0031866482531699436,-0.026416579023350262,-0.0055771355226348351
2023-07-17,0.0034723571141863641,0.00049365741826723486,0.00071655673295878408,-0.0019641776805359168,0.0012193073954365197
2023-07-18,0.0074304351827976234,0.0045393385554899357,0.011456278139590825,0.010087254946429036,-0.0073064360696571962
2023-07-19,0.0022237855714153376,0.011296722836889428,0.00016335645500209495,0.0058457818311259402,-0.00196285748546976
2023-07-20,-0.006634424603174649,-0.012142181122391738,-0.0050633891493035987,0.011744732000939617,-0.0073745877450956954
2023-07-21,0,0.00029530880502570689,-0.0030645332195952113,0.0088559352315693562,-0.00148569263684728
2023-07-24,0.0044672007720507612,-0.003637041329485613,-0.0042814733266841598,0.016132962865103018,0.01364078929693302
2023-07-25,0.0027300664177838385,-0.0018749288692627708,0.0055678599757911229,0.0052531852528028278,0.0083189900166507069
2023-07-26,0.00015364151962793393,0.0009886583320817266,0.0048791150253855164,0.00034849927803204395,0.005823873846422023
2023-07-27,-0.006629910097008751,-0.019453030737898169,-0.015711974003619011,-0.0063849775328937985,-0.012304123966596636
2023-07-28,0.0097903349197618894,0.0051363201243828094,0.0079813904002916658,0.0030375973198883965,0.024181867272229152
2023-07-31,0.0019040031347001829,0.0024044116729193821,0.0026944104889450315,0.018986799979455293,0.00047702166510843469
2023-08-01,-0.0028615792762290981,-0.016386875625535979,-0.010364679607279714,-0.004686889440409403,-0.012634167960873577
2023-08-02,-0.013910872349277015,-0.01069891226013675,-0.0047656022296128642,-0.013092908895127375,-0.0239015321091679
2023-08-03,-0.0028657297719991703,-0.023071582447179773,-0.00033414707874912519,0.010124619041489202,0.00395745410035242
2023-08-04,-0.0045226744551642994,0.017712086597593935,0.0036204142786031568,0.0013825285661772657,-0.0012317222531422756
2023-08-07,0.0087284905383748779,-0.009841325791323241,-0.0022753962847783527,0.0011502588420593263,-0.0014801320618170744
2023-08-08,-0.0043487962902116761,0.011613178055821516,-0.006341080194621318,0.0049413761129726286,-0.012104549838331757
2023-08-09,-0.0066852415665231701,0.0051711447159383805,-0.0047582070444458502,0.012578759509630943,0.0025007122865408071
2023-08-10,0.00035908893317460056,-0.016462622351046119,-0.0010686044760203073,-0.00011296544537831021,0.0014965415215670852
2023-08-11,-0.00058323013735528395,-0.0023012322777526961,0,0.015360293291807547,-0.014694987852902575
2023-08-14,0.0055199655743165543,-0.0022022233600396124,-0.003040588549344525,-0.0042269171774985681,-0.0048029886090968921
2023-08-15,-0.011648691551893964,-0.006094772757653244,-0.0026544743430688689,-0.020777521269802701,-0.011429851711111327
2023-08-16,-0.0073382289190691008,-0.0078241599785692229,-0.0057760294174320492,-0.008669762040724005,-0.0089928566849455382
2023-08-17,-0.0076198010784762626,-0.0042627422549256222,-0.0015378724223797935,0.011967804281080685,0.0023333845324657876
2023-08-18,0.00048108317917994192,0.003531878030718083,0.00017112823031739666,0.0098932048469120293,-0.0067250666556170069
2023-08-21,0.0065064494816726715,-0.013330480611903228,0.0027376702362758021,-0.0063057469709916214,0.0023437141579880638
2023-08-22,-0.0027086307963974932,0.0076738061400403179,0.0016495566176504273,-0.0077052891087058262,-0.0020786194594674123
2023-08-23,0.011137738958380217,0.024777343797691032,0.010164640681957771,-0.0025123806319479192,0.015881313712851508
2023-08-24,-0.013859000560351831,-0.0065933710151957481,-0.00022482031744353037,-0.0068690216728167774,-0.0038441593022471299
2023-08-25,0.0070496526725187802,0.0032658802212750526,-0.0012932863561120334,0.0096831827953325345,0.0010290439567146592
2023-08-28,0.0063414483828363455,0.0010502863604393564,0.0028713533365909427,0.0067357085180030918,0.0097661313164603136
2023-08-29,0.01445475939832308,0.01038555840949118,0.0097680917682547719,0.0027217851008936034,0.012725807748331874
2023-08-30,0.0041187998933380765,-0.001037768531516492,0.0025018747942815445,0.004976268023155983,-0.0032670919206042592
2023-08-31,-0.0014635011439638745,0.0044692169329016984,-0.0016637258183913595,0.0006753336214253558,-0.012355026011152015
2023-09-01,0.0018653102376897657,-0.015578460799270388,0.00049992409596000265,0.020467737107636941,0.011743631801575338
2023-09-05,-0.0043219142656167886,-0.014022189089032633,-0.0081616857238444585,0.0052899004470188249,-0.0080746841604028008
2023-09-06,-0.0067225134463666514,0.0024591625527010663,-0.0045342451934685668,0.00043845167815037556,-0.0055965486456160951
2023-09-07,-0.0030700185141013803,0.0027735854792598769,0.0010684498647577367,-0.00098631400733384389,-0.011767666434968405
2023-09-08,0.0015060547674146108,0.0038292096034051593,0.00033702705962146418,0.0096524262433750341,0.0020709805324437003
2023-09-11,0.0065764326319155408,-0.007205564629127581,0.0018531099936069939,-0.013145077523538773,0.012399779264073763
2023-09-12,-0.0054855004867571111,0.0057640338306317318,-0.0051566512530748509,0.02355797372726931,-0.0030619247064884725
2023-09-13,0.0011658250055044395,-0.00021264061584691518,-0.0023100098564432514,-0.0075283882918716349,-0.0012797465841702937
2023-09-14,0.0086224082015284864,-0.0072178016118331634,0.00050822417528828545,0.011703394709858372,0.0066630204621789257
2023-09-15,-0.012048248701771014,-0.0060942695453239937,0.006603816566220333,-0.014460124610676028,-0.0038184022183843647
2023-09-18,0.00058664555502074833,0.0057013846552693703,0.0058876476018785429,0.008474116764518369,-0.001277888837596497
2023-09-19,-0.0020739707703035792,-0.0073806882322903222,-0.00094764574125483225,-0.0093367572303726387,-0.0058852858837007416
2023-09-20,-0.009193263597168877,0.0031247812121060203,0.00072539271245952719,-0.0093147461750626714,-0.004118505476260359
2023-09-21,-0.016528431397665355,-0.025673782308124116,-0.0072484137581099173,-0.013717009959288928,-0.017317180303260016
2023-09-22,-0.0022485747014492352,0.0080486027910560143,0.0032013033173832195,0.0016822498422481846,0.011836020714275586
2023-09-25,0.0042052097782989684,-0.02460924638665718,-0.005150588926742139,0.012540699675000155,-0.0044190433996835754
2023-09-26,-0.014691252771662389,-0.0034761104708587176,-0.0079909858938203016,-0.0057503278986880124,-0.014099323290246435
2023-09-27,0.00039920313539743013,-0.005175865676645186,-0.012366647894697436,0.024913835055890399,0.0015889952342078573
2023-09-28,0.0057973971613802799,0.0030540869001336457,-0.0049971875099147356,0.001085170798138968,0.0026440877805078422
2023-09-29,-0.0024269432764714161,0.00011263243591419503,-0.01027534966921384,-0.020162622670143904,0.00079119933091087447
2023-10-02,-0.00039770897184476794,-0.0167401006701412,-0.010498705650611395,-0.019913499373705235,-0.0050066437134320685
2023-10-03,-0.013386022790566443,-0.02151152036744064,-0.0028882419805683623,-0.00067751168470020495,-0.013241663118688241
2023-10-04,0.007281986461336265,0.014107531143471519,-0.00011825651470720455,-0.031401669999231552,-0.0029519024409767614
2023-10-05,-0.00037693552975270883,-0.0049847742791133687,-0.0018327868021307259,-0.0061809365104228409,0.0037684607264436565
2023-10-06,0.011872852772848219,-0.012117141930080066,0.0051530836211095554,0.0059845775154967473,0.014480983374825174
2023-10-09,0.0064022717515641592,0.023469999867600899,0.018385447448936221,0.033360787449802309,-0.0047580564984281981
2023-10-10,0.0052048394199699644,-0.0013829905693337752,-0.0016780958953311886,0.0012416185103834021,0.01434252031738259
2023-10-11,0.0040962567303299835,0.020886289939981095,0.0073030459383920387,-0.012852435039910404,0.0062844158395172212
2023-10-12,-0.006096457711300296,-0.027127830909697837,-0.0030496507265770356,0.0011421519781034117,-0.011189278181963025
2023-10-13,-0.0049807298519443099,0.017892213889070252,0.032148259845402372,0.022016720404028911,-0.0036841671163475587
2023-10-16,0.010521275141238906,-0.016094271374991642,-0.0048649281903458963,0.0066972615546514458,0.007395689002528405
2023-10-17,-4.5751528948034803e-05,-0.011020563175943465,0.0018542737683540089,0.010422505942194737,-0.0026219035290319104
2023-10-18,-0.013325235714408801,-0.0087976581177239277,0.014470816805260078,0.0091078944050748678,-0.015247188998777417
2023-10-19,-0.0087863050772940543,-0.02047335120520688,0.012274016037125302,-0.0017400055304469531,-0.0058728306908311101
2023-10-20,-0.012288051595855998,0.0056784274218790731,0.0027308974274993236,-0.016775655006267542,-0.012083708029203555
2023-10-23,-0.0017333044848953927,0.012013840425532996,-0.0033770637265356784,-0.016175305495214398,-0.00081561218019465809
2023-10-24,0.0075393926999887118,0.013176076851666663,-0.0001093308866343401,-0.014076456360130996,0.012785605332956473
2023-10-25,-0.01435204410057167,-0.022261135019311706,0.0042088236420074754,-0.0018277467053324781,-0.013161219268699398
2023-10-26,-0.011974765013323285,0.015338252747392644,0.0015784524505007003,-0.0077810739940935569,-0.0048993292931382992
2023-10-27,-0.0045326621769541386,-0.0042484386210944747,0.011629799758343662,-0.023988294021743517,-0.00082085530545394914
2023-10-30,0.011955873258366223,-0.0045044321200635729,-0.00564054701797434,0.0033088443191062744,0.010402640379511885
2023-10-31,0.0062801669647600811,-0.0048813785028519741,-0.0054565625733159484,0.0032974410219848149,-0.0056893920078339155
2023-11-01,0.010664768802322699,0.021682320161997559,-0.003150642851826202,-0.0023475600476539071,0.0092641143335450149
2023-11-02,0.01916441452862605,0.022796625381439561,0.0033240729584831374,0.030238704568712693,0.01754860229380717
2023-11-03,0.0091232331155335356,0.0067784594545157173,0.003638921283475316,-0.010050270874267575,0.020429744016748907
2023-11-06,0.0023004902048351372,-0.0096996741568653455,-0.0077925603925288467,-0.011306051734824463,0.0080605093736565436
2023-11-07,0.0028461184794985606,0.014749686128361139,-0.0041451308444239165,-0.02217022414216463,-0.0018055510497209104
2023-11-08,0.00073241168038418181,0.017034007031731857,-0.0099676439122202698,-0.012529842433542715,-0.0067184327510416697
2023-11-09,-0.0077987565766296507,-0.02300156090668648,0.0039829684332912674,-0.0030212031312262244,-0.0093649969928029098
2023-11-10,0.015604715087276677,0.0056003501386785448,-0.010909752197912126,0.011030399691810189,0.0070901200521935603
2023-11-13,-0.00095310943715176677,-0.0022726159074701879,0.0055707204646029407,0.0071933730407391927,-0.0002606691676662054
2023-11-14,0.019400699264744414,0.022667446320766338,0.0089191771056786884,0.0089275719132158038,0.026604056984314228
2023-11-15,0.0021170860578318962,-0.014034246206363288,-0.0026356014737985989,-0.0018877131816992243,0.0083840539137571835
2023-11-16,0.0012230920108589061,0.01242639458491257,0.011286077178189302,-0.019503644300359224,-0.0095742048618269182
2023-11-17,0.0012437526668118704,0.0046863064152233846,-0.00010890234740634774,0.020976718366441105,0.0012720376218806617
2023-11-20,0.0076977662529289503,0.0061082640775711461,-0.0016333808174913145,0.0014167334621397742,0.01244909075598355
2023-11-21,-0.0021795630283960588,-0.00044098416798432627,0.010797900632885771,-0.0022403073455125044,-0.006273488312415143
2023-11-22,0.0038609035688479398,0.0035337065960019398,-0.0042622525972870751,-0.00047263523752361092,-0.0020201485139192954
2023-11-24,0.0006152604714813048,-0.011775080088122003,0.0052015969146423924,0.0041380313758572207,0.0005061112781330479
2023-11-27,-0.0018008303162347916,0.016704040505005402,0.0067378178698411784,-0.003532463738352698,-0.004046634839853569
2023-11-28,0.00099007308482668144,0.0019712578855499707,0.013331852960406732,0.00023663453283995217,0.0083799004736615501
2023-11-29,-0.0007035714647510849,0.012570891002951612,0.0014794398574642376,-0.0074423750989355275,-0.0057919158935153536
2023-11-30,0.003937427761979917,-0.011551444873610817,-0.004167950375202456,0.0066649380655723345,0.0020262886198354479
2023-12-01,0.0059160028298437251,0.018834179514789051,0.017271494075951965,0.0052022345901727718,0.0042971819297767944
2023-12-04,-0.0052493463584705191,-0.0039785791806079551,-0.021613426463259588,-0.0045874195657072958,-0.011326592526870183
2023-12-05,-0.00019705640174461081,0.02148517351396606,-0.0037794459254785195,-0.017487804258121131,-0.0061096104330651269
2023-12-06,-0.0040297024117654789,0.013318178500297151,0.0036868953454944897,-0.014912724260643162,-0.0012808347453473479
2023-12-07,0.0076303561693584765,-0.0057370461885326574,0.0016503277504122948,-0.0068369333032315405,0.0048729937582598915
2023-12-08,0.0042991095720130712,-0.0081830413593552143,-0.01334039111485108,0.010817785516740619,-0.0043389641363605902
2023-12-11,0.003889599493412943,-0.0021155644071578772,-0.011042895165362276,0.0012159811948249111,0.0058959517174497211
2023-12-12,0.0045670755008782038,0.002968196620269703,-0.00054464211951144037,-0.013725529908929945,0.00025486134175256581
2023-12-13,0.013790201327839036,0.023462326763167285,0.022562533466176538,0.013916541819907868,0.0099363290821337102
2023-12-14,0.0032092312074807339,0.026012698243398802,0.0058625529824698486,0.029393679473326495,0.014631761613743688
2023-12-15,-0.0016464621727656503,0.001110691589421009,-0.0091665117718572331,-0.0053096551158984262,-0.0059674290141610298
2023-12-18,0.0056252894601214187,-0.0079675979921063345,0.0045454871845755918,0.0081678599763783666,-0.0005001856866347909
2023-12-19,0.0060808124784514916,0.0053882415004657958,0.0068139405786951102,0.011998120404014934,0.0085086422866880174
2023-12-20,-0.013857328835340188,0.0067751706266248046,-0.0054459829361029888,-0.009273375252096594,-0.018001655876225708
2023-12-21,0.0094819465362696587,-0.0063276967371117543,0.007070635455129759,0.0039099554700874339,0.018795038331012037
2023-12-22,0.0020095969293656424,-0.0045487505479029355,0.0044344170889423218,0.0029506986260221524,-0.004801665691152035
2023-12-26,0.0042227344402490097,0.0028434020585792474,0.0076207332510795922,0.0085902055641886577,0.0078719937200490975
2023-12-27,0.0018080347597408952,0.017719533212251726,0.0045378422264141793,-0.0044335870037012226,0.0057948679555250848
2023-12-28,0.00037777819709150506,-0.0072631341534143967,-0.0058154376576368128,-0.015235065260716274,0.0077657107879600673
2023-12-29,-0.0028950518797095093,-0.0090197470816536507,-0.0015668410186722159,-0.0022610155593092429,-0.00049724635463455069
2024-01-02,-0.0055963834865712103,-0.0057645498303160458,-0.0023539098841467432,0.010734686371615121,-0.011688652722975701
2024-01-03,-0.0081666141200165132,0.0041705355624552798,-0.0083368096042043538,0.016285057154938443,-0.0055359387277732486
2024-01-04,-0.0032210750897244678,-0.015194179904079452,0.0010046128932528209,-0.017533606134360058,-0.0032895068181644227
2024-01-05,0.0013697358284920913,-0.0095661572350842494,0.00015845540955172766,0.0008272697628508574,0.0012693705330866223
2024-01-08,0.014275781152526257,0.009865916638892358,-0.0078162711308232824,-0.011572983512067703,0.0027891767544678814
2024-01-09,-0.0015170617781710138,-0.0063756009883324527,0.00031935679008410212,-0.016009483447132378,-0.014159331442792689
2024-01-10,0.0056553985717209265,-0.0046578553084938301,-0.0022880471055148899,-0.0098348689349251339,-0.0023083072660888826
2024-01-11,-0.00044060707065174398,0.0056152450555504441,0.0019733072916665595,0.0025750354119267183,0.0041130484137770207
2024-01-12,0.00069271602761156181,-0.0019645432569559418,0.0097940684755537522,0.011252411840737775,0.003584162606942165
2024-01-16,-0.0036713069024210121,-0.017613187799612628,-0.0094881818989795974,-0.023826715017790101,-0.024234734829147064
2024-01-17,-0.0055586292302357565,-0.0015820027928094005,-0.011015950635288929,-0.0083012354344432771,-0.014901902492652441
2024-01-18,0.0088929440559351036,-0.0092950603806327692,0.0082328820999062469,-0.0016241670108383399,0.0082272596258148312
2024-01-19,0.012466081998595113,0.0031982045269938197,0.00298872590696031,0.0032536184414151403,0.010528980787293252
2024-01-22,0.0021143868561590562,0.0059518643234133251,-0.0037779571263167888,0.003741928771813674,-0.0088564582797415747
2024-01-23,0.0029163482692218246,-0.0079239498848815426,0.0038991332271092194,0.0021125932353915911,0.0086728869329073532
2024-01-24,0.0010931980516954987,-0.0058572671119797581,-0.008246890539639895,0.01426092021634795,0.011203759870340724
2024-01-25,0.0054389067003464131,0.006534469477641025,0.003969986681303217,0.022496669616910436,0.0012883406979937728
2024-01-26,-0.0012703986234009479,-0.0019152877641370747,-0.00069469318818271564,0.0074136875993562334,0.00077190633444335077
2024-01-29,0.0079193083119939445,0.011516058379517968,0.0070584854445867595,-0.0014244045230430435,0.00051427623168076586
2024-01-30,-0.00077336417318951689,0.0090661313215221195,0.0013805262268788976,0.010341074554562457,-0.0079671842575540497
2024-01-31,-0.016317324590489846,0.0098200536782788728,-0.00074234791010652224,-0.01870586128774987,-0.0054403658772618213
2024-02-01,0.013088179485211349,0.019616053221746865,0.01040067256889099,-0.00011999479626523257,0.0096380244621208089
2024-02-02,0.010527360256687768,-0.02208889717591167,-0.0094533008620282244,0.0014389221510637817,-0.0028381095936880207
2024-02-05,-0.0036411959321578369,-0.020193597615076109,-0.0055139880322747636,-0.0025144956009427455,0.0012937782851445423
2024-02-06,0.0029032539728739426,0.0097737956799124337,0.0052246931240191863,0.0032411717027014397,0.02273903945860356
2024-02-07,0.0083404326707243737,-0.0048396862884642067,-0.00026519783054090862,0.0020338849079020171,0.0012632769801066424
2024-02-08,0.00044168738719951861,-0.0058143663320227024,-0.00090184705010776245,0.010268685149596557,-0.005551405749378846
2024-02-09,0.0057793359482620765,-0.0020203677359327266,-0.0038761520758329171,-0.015364808299557553,0.004313669554485644
2024-02-12,-0.00043889278834607914,0.0011718968189491363,-0.0026119694947860372,0.011043258213180529,0.007832114095803977
2024-02-13,-0.013772926717276479,-0.017134589429005476,-0.013788690196348319,-0.010091340608358923,-0.018801694504191446
2024-02-14,0.0090876662868393243,0.0050891703160835799,-0.00059611234530554391,-0.000959412313161212,0.01430765647776111
2024-02-15,0.0068996667262972711,0.0051713037410199281,0.0067238125229136525,0.027851064312813145,0.0047858413963328683
2024-02-16,-0.0049800362058063374,-0.0057877748877883661,0.0036625695484677756,-0.00058390888320813961,0.0047631470135400811
2024-02-20,-0.005505381676903065,0.00086248738568550642,0.0060642100730938786,-0.0091154199738622266,0.00149702115663497
2024-02-21,0.00090594603105764726,-0.0071091596442995897,5.331256612173263e-05,0.018752188935469372,0.0017439140065775849
2024-02-22,0.02069542385601153,0.0048818097889931078,0.00042672195902415666,0.0017364100317711628,0.010196471524458683
2024-02-23,0.00068959600217688433,0.013386764938909002,0.0056515119022786386,-0.0065873595304559718,-0.00049237326288453787
2024-02-26,-0.0036625172705789799,-0.0029832821242886665,-0.0022266895335479875,0.0034900769759442785,-0.0044335423236611105
2024-02-27,0.0018578104305173593,-0.007051645245758853,-0.0010626830578386315,-0.0042892886017066312,0.0019792382916952178
2024-02-28,-0.0013215787451935634,0.0063485887494918458,0.00180849115899262,-0.00197918400315511,-0.013086452994406028
2024-02-29,0.0035947192086314139,0.0070576517380540604,0.0051502667493041887,0.0048997289638721409,0.00050048096472199433
2024-03-01,0.0093883937430261355,0.0062310210305445146,0.018910791174389097,0.011608925143125948,0.012252985371246083
2024-03-04,-0.0010723989436863812,-0.0040228751441704347,0.016174996770490724,-0.01067245356122315,-0.0022233426844248116
2024-03-05,-0.0099941302687588385,0.014241962548652509,0.0060201416644045658,0.0074236299777519221,-0.0089131878086083915
2024-03-06,0.0050671912522999296,0.0058681866639860303,0.0082154018820952412,0.0031088710555413623,0.01448918115358766
2024-03-07,0.0099263905257274132,-0.00093761048480800468,0.0056838433513861641,0.0084939880263859013,0.006156379992720451
2024-03-08,-0.0060020874117565626,-0.0017726942879850993,0.0084525478682111466,0.0035283316411802712,-0.00097915906670298369
2024-03-11,-0.00085986271317406437,-0.0005222700141298553,0.00183502012710135,0.010321026483010698,0.0022048239376719625
2024-03-12,0.010757349449404208,-0.0083613972215174082,-0.010940627296372241,-0.0015717007101391234,0.010999670343085022
2024-03-13,-0.0015675903493668208,-0.0048480378271255065,0.0070074037855758498,0.015965887740739593,-0.0031430683288277139
2024-03-14,-0.0019767002595629801,-0.015357135818441114,-0.0041751395581163253,0.010292138367969939,-0.0050932352181343177
2024-03-15,-0.0068665849641978971,-0.00032253689295613786,-0.0031944066391381698,0.0029574863374335347,-0.0060946489423394645
2024-03-18,0.0059430937614974866,-0.0030127479290957826,0.0016022835845583838,0.0034570923697561096,0.0017168673837311133
2024-03-19,0.0055571501842188731,0.0028058023813510857,-0.0011498061737871268,0.011411075743491539,-0.0048971108532653851
2024-03-20,0.0092493421412467303,-0.00032271046799048353,0.011911859798154678,-0.0014101582224541609,0.011318813986175513
2024-03-21,0.0033045510603086914,0.0021529513893652208,-0.0010386361790747367,0.0059749376377731256,0.0012166552234287309
2024-03-22,-0.0018956335070942076,0.0095611284408041453,-0.00802096899240623,-0.0021598723061199143,-0.0070472631064866231
2024-03-25,-0.002762713155691876,-0.005001422661850552,0.0031944066391380588,0.0093074210598453888,0.00073402487221474466
2024-03-26,-0.0018472127437961783,0.0027806613323331231,0.003233961285236564,-0.0077202492481648344,-0.00073348647489879237
2024-03-27,0.0084039258391919169,0.0099177774493439674,0.0072406601779733126,0.009293250190809843,0.0017129871230250338
2024-03-28,-0.00019115879491005128,-0.00084477457798282085,0.012900024807739996,0.010813688082200734,0.0036648306328559421
2024-04-01,-0.0017399315519471825,-0.018641075400720353,0.010208079384865787,0.0074144928949684274,0.0017040093895233088
2024-04-02,-0.0063577768470444163,-0.0055104364562525987,0.014772360490971526,0.013984034193051942,0.0031592055503364413
2024-04-03,0.0010982331198379214,-0.00021724782068965887,0.0087723747397687735,0.0068434767267342433,0.00072665407068006616
2024-04-04,-0.012205910907614914,0.0071724845776672819,-0.005734705223284009,-0.00061789028600367502,-0.0036310214837059762
2024-04-05,0.010446734421189596,-0.013919054358521477,0.017114197447370305,0.010717113995350136,0.00218651323235175
2024-04-08,0.00055925375442389402,-0.00010962816036996781,0.00622848536623688,-0.0063214600145479194,0.0065455209010902848
2024-04-09,0.0011567925127138334,0.0093018988233375399,0.0054970549930348778,0.0003077199548362497,0.0067436121914561387
2024-04-10,-0.010012985450947975,-0.02179325166117152,-0.0094638561856139614,0.0030773452836361237,-0.013636310291880505
2024-04-11,0.0075468019802529263,-0.0045445017508422003,0.019433247203493043,-0.00071572984716605781,0.0060636074617042013
2024-04-12,-0.013803029362475683,0.0053444489069269796,-0.013239324939518515,-0.016271127958681242,-0.022902640681847553
2024-04-15,-0.012528044771019098,-0.015505383291236519,0.01871915519396472,-0.0093622196634564059,-0.0064149669400178633
2024-04-16,-0.0018239117772687052,-0.0066374925434680154,0.0012220152803359419,-0.0087158149361373782,-0.013161195033713269
2024-04-17,-0.0059182381371952753,0.011098424013047836,-0.0073682527520931851,-0.0028601208350937934,-0.00075491453307108269
2024-04-18,-0.0020577685411425906,-0.0050401830641387813,0.0034154561341945833,-0.0030809316768024564,0.0040292525843790283
2024-04-19,-0.008728273038078882,0.0036023372098057393,0.0031315351405749592,0.012041872750709226,-0.0040130828598943236
2024-04-22,0.009209134257071705,-0.0016825107609059753,-0.024702490545322031,0.0065283841306915669,0.010828515062663024
2024-04-23,0.011866637582815809,0.0003368599268862571,-0.0024586631724180519,0.0055444786340723695,0.008221308888151313
2024-04-24,-0.00047459041551733971,-0.0070758618498474313,-0.0018600907225296837,0.00072833547135209287,0.0034591886088410906
2024-04-25,-0.0037989601429470055,-0.0070136209370113001,0.0059634680531899242,0.0045742900576128953,0.0022162255074555937
2024-04-26,0.0094740165447950719,0.0052401563874999724,0.0032419273535491122,-0.0092102637348588923,0.011547930263099637
2024-04-29,0.0035413652375824167,0.0083863450515784255,-0.002031218037689575,0.0067890402327535071,0.0097159111718816416
2024-04-30,-0.015841227166982663,-0.0085415084703142075,-0.019937078844561418,-0.029774877355870366,-0.013952413125685847
2024-05-01,-0.0032471503538188395,0.00737132438176058,0.0090621523254548197,-0.015932424544174761,0.00097575953172968077
2024-05-02,0.0093533876144047401,0.0042907505997520357,-0.0030870874411647042,0.0057590449557820556,0.025834822365261134
2024-05-03,0.012395457427453849,0.010118966341311264,-0.00079762663656290922,0.00010806240218741436,0.0090283641728723385
2024-05-06,0.010326733612151306,0.0038962285792443208,0.010518361024399514,0.0078858446292506823,0.00094175607447821719
2024-05-07,0.0011034234216742433,0.0060980802014327651,-0.004600326433150892,-0.00096458448938308017,-0.0056456929682098256
2024-05-08,9.6602975165671623e-05,-0.0060611190115896774,-0.002941061869504713,-0.0011801334707401967,0.00023657678809763105
2024-05-09,0.0057619865955411687,0.0048785203060044413,0.015778607960932778,0.013426372637406203,0.0030746757229958011
2024-05-10,0.0012881083719753494,-0.0056272702189458235,0.0081125134380384267,-0.0055113350633330116,0.0021221625332077387
2024-05-13,0.00013424729000699465,0.0025520803922181035,-0.011202103844459854,-0.0026643829929634544,0.0075294879874372445
2024-05-14,0.0045881622177876835,0.00564508347454451,0.008462045119477013,0.0012821768661748223,0.0053712818780180527
2024-05-15,0.012382947312628012,0.013647088022115561,0.012838750510223873,0.0022414389412028779,0.010685170692332768
2024-05-16,-0.0020574030719894276,-0.00097737020521837525,-0.0038933433506626036,-0.0027686219243034937,0.0020685110297022913
2024-05-17,0.0014374248327826411,-0.006738307871409055,0.016497772589880499,0.013988084590328853,0.0043578423732455462
2024-05-20,0.0011522908721703917,-0.0029544284058784509,0.0040239375916493181,-0.0065290717736370407,-0.003653747320017553
2024-05-21,0.0024524663907805611,0.0051580852019981194,-0.0014695486045709361,-0.0048758652398792623,-0.0061884646407153188
2024-05-22,-0.0028792783967770408,0.0012011948922125981,-0.018373969565578019,-0.019173374759154815,-0.0032287221903268826
2024-05-23,-0.0073043977817307537,-0.006434457192876275,-0.019944570339717638,-0.0091226912699893248,-0.0074039609977237797
2024-05-24,0.0066166335398012421,0.0029636013545828455,0.00092711360611197335,0.0014250454978457228,0.0027971371217672125
2024-05-28,0.00069863306597972574,-0.014335529902491206,0.010513172896031486,0.010287739688187747,-0.0013947142181777172
2024-05-29,-0.0070023939960212056,-0.012101750464725725,-0.0093038120747169772,-0.017657881801398934,-0.014897636138525794
2024-05-30,-0.0066337567232933603,0.0096647453142610917,0.0018967600627461945,0.0028671494754384241,-0.0028354725665677982
2024-05-31,0.0091081536802957164,0.0067902182079639939,-0.0058641743062771701,0.024851663354883202,-0.0097156426553739461
2024-06-03,0.00081535927689269094,0.01617446465105643,0.0089177805003735067,-0.02618036109909383,0.010528844803093795
2024-06-04,0.0011177710514636008,0.011681145862773246,-0.0089770598346554653,-0.0095855368427740784,-0.0139711563776036
2024-06-05,0.011885299916094771,0.0073380731465695348,0.011845603201318999,-0.00011136329358307773,0.01609026780547218
2024-06-06,-1.8757478811970429e-05,-0.0014998829610159969,0.0073913566129215624,0.0052290980765088424,0.0049634161060367887
2024-06-07,-0.0012157418997532643,-0.018345784359612427,-0.035683301433796388,-0.0039844972176701354,-0.011288824928600283
2024-06-10,0.0030897712174835501,-0.0066664785350218914,0.0091681811278783165,0.0075565528478966915,0.0059467777025150603
2024-06-11,0.0024082219364913726,0.010342035813463157,0.0028566106093961263,-0.0019853074240505642,-0.0033334230258247333
2024-06-12,0.0082131103449047949,0.0075139151410639204,0.0026617200115086614,-0.010719481037017031,0.010033524899645707
2024-06-13,0.0020136256376885875,0.014699667214566725,-0.0081501489849622466,-0.0091598350867310163,-0.0023651402078274097
2024-06-14,0.00060827004601660128,0.0084149802721404932,0.012959545903254766,-0.0074408274678910979,0.0011853263415488868
2024-06-17,0.0079589436346869658,-0.0099293635720655304,-0.0051916522475716764,0.0026122006911528661,0.006393562484846349
2024-06-18,0.0025407201502618548,0.0091752150296606771,0.004007271832187298,0.0041917958181156845,0.0091765902845013514
2024-06-20,-0.002716444143760155,-0.0066603279854081654,0.012484347826456466,0.018389072891442648,-0.0016321723991175041
2024-06-21,-0.001340836794000877,0,-0.015493238109986152,-0.005760434633899747,-0.00350311025420047
2024-06-24,-0.0032506251621496896,0.0040441703354883174,0.0039575663858211207,0.025214667683582492,0
2024-06-25,0.0038509844461762643,0.0016961516214228922,-0.0049622376292216552,0.0023006954257451806,-0.0023435231966775216
2024-06-26,0.001248041585025339,-0.014285761330087299,-0.0092281681118044911,-0.0098371856418375536,-0.0021142285668882543
2024-06-27,0.0015763471193552814,0.003971978903275053,0.011336925587312363,0.0023182191283130926,0.00070617332926592447
2024-06-28,-0.0039350656419859797,-0.018605686049036119,9.297647872519299e-05,0.0038545833634648918,0.0018819878804638979
2024-07-01,0.0020582535819386738,-0.017258579299711974,0.0026045897013637909,0.00054857858145229699,0.0023479251743128149
2024-07-02,0.0067297760999516232,0.0077853445963103063,-4.643394389247657e-05,-0.00076757110970693265,0.0030453119594933131
2024-07-03,0.0044624059003770533,0.013133184471761705,0.011273000380832565,0.0043892350843812711,0.014712727333091591
2024-07-05,0.0057665976484717607,0.0082790748734324904,0.013486798057397165,-0.015623342196261936,0.0041426336503465055
2024-07-08,0.001153984106471162,0.00216060937282192,-0.012402074526820739,-0.0061041468819532652,0.00022927819380402781
2024-07-09,0.00097228454575026824,-0.00442000275854737,0.0016957473442755777,-0.0088219151429264064,0.0041245973567034522
2024-07-10,0.0098952816431103763,0.0031402032811578273,0.0036603361122538036,0.0067598325753028821,0.0057051876800242596
2024-07-11,-0.0086226769078532328,0.0097149359322850071,0.017733403441032136,0.010407242781827142,0.0058997215872922393
2024-07-12,0.0063076270313913163,0.0042765747175765867,-0.00062709693011619994,0.0025473352346092604,0.0040603977179112238
2024-07-15,0.0027499531948973477,-0.011496769300370135,0.0032271131671974818,0.015134930929326273,-0.010559434241492194
2024-07-16,0.0059303387151601328,0.014106889455433258,0.019925798233449088,0.0044617115284613096,0.0056767784443279012
2024-07-17,-0.014021015983044616,0.00021269649385535772,-0.0046432064031172171,0.0099675376416321626,-0.016256528907974466
2024-07-18,-0.0076850899114235816,-0.0076444079215577387,-0.0063811863552591941,0.0018236455667821616,-0.0094102341876243223
2024-07-19,-0.0066404156746233678,-0.0058842123353900488,-0.017937829186174925,-0.010922042642564356,-0.0097312178308138764
2024-07-22,0.010309853262502999,-0.0029055635017480874,0.00031573231212611574,-0.0062789543516174051,0.0084230900865134295
2024-07-23,-0.0015686195877273601,-0.0014029913469530975,0.0035166761432139371,-0.015905779311119028,-0.0088167441607067687
2024-07-24,-0.022662534424227831,-0.01080862370040514,-0.0035043524704835294,0.00011056773879891679,-0.014513192770605698
2024-07-25,-0.0052101936151491834,0.0081949304202724171,-0.015644730265821472,0.017268159732838795,-0.0040378632798786507
2024-07-26,0.011199319880486946,0.0078031139400382976,0.010534525866662925,0.0031556654036104526,0.010255157007388993
2024-07-29,0.00058803162838971801,0.0053772234016329357,-0.0014050562105476505,-0.0085693739093579691,-0.0033049994692467832
2024-07-30,-0.0050665556745940199,0.00385037359430207,0.0099854614883192472,0.015536111200270541,-0.0045002567035181684
2024-07-31,0.016254617127424487,0.010229322461601686,0.018110725786084414,0.0042016299067095808,0.021889078776683446
2024-08-01,-0.014160984898541451,0.0086246339637430225,-0.0034429431418664391,-0.026499187253285816,-0.017462072222929836
2024-08-02,-0.018618143441709534,0.031161503637260779,-0.0019046282784819235,-0.02578810008303023,-0.014218026969481934
2024-08-05,-0.029123865270071159,0.0052909301631738348,-0.012691935106198704,-0.022058926274496571,-0.028365352817168343
2024-08-06,0.0092194870470820867,-0.02236861257596845,-0.0080007138326124716,0.0061309035327428152,0.0056902148064734703
2024-08-07,-0.0066839255169128808,-0.0070398750343022565,-0.00067962799528065165,0.0040239630836960139,0.0061500937632896768
2024-08-08,0.023117240661508554,-0.0061517012472427357,0.015688013635013043,0.021527425650688103,0.022738321303898745
2024-08-09,0.0044096931300061648,0.0098614617598566934,0.0024552612171107047,0.0022420329806220884,0.0054985056582215197
2024-08-12,0.00052540513166787761,0.0036364359247229583,0.017144665770273848,0.0049212203906709995,0.003328572803913854
2024-08-13,0.016445496108865143,0.0069348801802824322,-0.001532358906807807,-0.0096829018550792512,0.01113735509817837
2024-08-14,0.0031551264753633124,0.0062706221865951317,-0.0081557512508245722,0.00584378672630681,-0.0053902624510140384
2024-08-15,0.017140046217431593,-0.0080702795522983317,0.0031388449312386157,0.011955448819196413,0.011074656756870249
2024-08-16,0.0022421066199815876,0.0035015345891857841,0.022387738526589152,-0.0011040038173552036,0.011652169624007502
2024-08-19,0.009561430105987645,0.004618233360226931,-0.0016380226467286318,0.0067425490126507004,0.0096751750448300644
2024-08-20,-0.0016261720245489553,0.007968099262219086,0.0036699887797402297,-0.026350580099462451,-0.0077571538880296664
2024-08-21,0.0034364595508951101,0.00060789650617021351,-0.0013336178629832496,0.0016914828094742873,0.0039088988741140529
2024-08-22,-0.0078484028530284577,-0.0099257653907381949,-0.011975011209935604,0.0025892029450422793,-0.012368307082022856
2024-08-23,0.010625385922989672,0.006546937959032606,0.011553425520716143,0.014933736676229881,0.016697535377543149
2024-08-26,-0.0023839189947704176,-0.0025405922329931885,0.0031893380775307456,0.0089612819288487078,-0.0084396510568829353
2024-08-27,0.0013731822465194998,-0.0017322141944496883,0.002706671669018279,-0.0093202771988519784,0.0013802730910501548
2024-08-28,-0.0058055189535801688,-0.001225076896753885,-0.0070268623074566383,-0.0064194256840168773,-0.0062028051423450581
2024-08-29,8.9752864034009505e-05,-0.0032702525466065113,0.0051779803591895934,0.013033330988688085,0.00046238610430515692
2024-08-30,0.0095459606443275558,-0.010663320625746153,-0.0071260085162319076,0.0037386446387752681,0.0020794528705483373
2024-09-03,-0.020579029118164005,0.016355175799044108,-0.0043235765879541255,-0.024868379068283319,-0.019829410917598156
2024-09-04,-0.0020468310786050381,0.012890274646124356,0.00060792650019525496,-0.01381877065201198,-0.00023513106043737686
2024-09-05,-0.0024320674546598475,0.005656092895363507,0.008332306942507639,-0.0077466502098028078,0.0014117758928624546
2024-09-06,-0.016830431329680207,-0.00010079957063569012,-0.0074026304089565009,-0.012514303180400366,-0.018327212690153361
2024-09-09,0.011196371724351284,0.0043192578128170567,0.0042058760792897942,0.0072083961772031468,0.0083774885962240031
2024-09-10,0.0043555728142550265,0.007000676393854377,0.0044040975250059233,-0.017199620152267392,-0.003797924771743455
2024-09-11,0.010259079615626554,-0.00079469714403701541,-0.0015905559494191479,-0.0092788653539392918,0.0073862710829708522
2024-09-12,0.0084233489892262536,-0.0046713896322420068,0.017567284525531468,0.0090102606098558802,0.0082781324034597592
2024-09-13,0.0052226714947005703,0.0026962829439414193,0.0099436839441422453,0.0056395374706554868,0.0046916313713925017
2024-09-16,0.0014770382037720964,0.0091623037734964718,-8.3748174481534932e-05,0.01145015445659614,0.0032686380994702002
2024-09-17,0.00040862252359330498,-0.0048355547255365394,-0.0055309113549146804,0.01351500406611339,0.0011636272121671176
2024-09-18,-0.0029658249921354907,-0.012395998278996623,-0.0077104654052888577,0.0019375454423362637,-0.0034868242728937071
2024-09-19,0.017064490125891618,-0.0033135917310413987,0.015540757281972351,0.011943995919970529,0.021226932476916982
2024-09-20,-0.0017288213638069205,-0.0038284179983979483,0.012710660066880486,-0.0022481509164252733,-0.0020557040428329509
2024-09-23,0.0024987950515615864,-0.0021239819164609042,0.0019404068737312041,0.01234764466089322,0.0077821022342707824
2024-09-24,0.0028613781522970339,-0.0002024251341445904,0.013969073474328519,-0.0024686563576267195,0.034067680426143943
2024-09-25,-0.0022054649913506585,-0.0083121713461135061,-0.0013817677350319579,-0.019572553492011702,-0.010542495732972723
2024-09-26,0.0039646905098096319,0.0023509413130533563,0.0050868840667948056,-0.019619190240368622,0.036626041191963887
2024-09-27,-0.0014502900961131937,0.0052009148636118496,-0.0079358307919007443,0.020362881698506197,-0.0019272528326887972
2024-09-30,0.0040070883488698694,-0.0047682374159565555,-0.0079993742538982948,0.0069963012960485571,-0.016090967070453766
2024-10-01,-0.0089582798435174915,0.0072201185217461994,0.010491249392624136,0.022779139680551008,0.0071958270350871434
2024-10-02,0.00042196413129613752,-0.0084270697678261453,0.00020358719772617384,0.010244946885017647,0.019701289586426585
2024-10-03,-0.0018281779867485026,-0.0094206482007850312,-0.00069200588785767181,0.017636651397738623,-0.011889577305822741
2024-10-04,0.0090874246672898451,-0.012300792572992325,-0.0019960303156932868,0.0093153966178594061,0.0092393365538900873
2024-10-07,-0.0090404831795332097,-0.0075355954485440968,-0.0033877625757333663,0.0035415531539613188,0.0083030252224582934
2024-10-08,0.0094576610817553863,0.0016872526017281952,-0.0073719255652053839,-0.026093526029397407,-0.024704295358762174
2024-10-09,0.0069262648497003809,-0.005684798290697346,-0.0054461859637017218,0.0060393163583802867,-0.0054124554949079862
2024-10-10,-0.0017500368840644986,-0.0039172497257248251,0.0073428925536287437,0.0067671024321822593,0.0019591361303192834
2024-10-11,0.0059881262417149639,-0.0040391694688877156,0.010913408354139564,0.0061795915842211002,0.0071692507791552007
2024-10-14,0.0081785637135680656,0.00074685358355930376,-0.0016295021570670309,-0.00043109579792754982,-0.0040984647984684264
2024-10-15,-0.0077698155240459865,0.012157571648287568,0.003468359323146597,-0.032230315560251799,-0.021225872269906243
2024-10-16,0.0043464144766458546,0.0042144881328818329,0.0050016092090814368,0.0047896962279345701,0.0077451527844190071
2024-10-17,8.6004408474726901e-05,-0.015843208171474887,0.00598831083503093,0.0047665070057771874,-0.0015371954382212838
2024-10-18,0.0038464409965299762,0.00074641159505661747,0.010618185005034864,-0.0033097356826587987,0.0098966701811071811
2024-10-21,-0.0016421734696497881,-0.017471029247010272,-0.00019900127714245208,-0.0029888322061569772,-0.0069686674768211221
2024-10-22,-0.00053117967032279001,0.00097596956256817968,0.010787323628333789,0.002331566366061244,-0.0021929415498450622
2024-10-23,-0.0091375793482227907,-0.0027079635910554067,-0.012050555849465017,-0.0052058995731253388,-0.0059340690975180355
2024-10-24,0.0021630183670660053,0.0064082084221883662,0.007693259346016168,-0.00011128426983386674,-0.0015476429280779636
2024-10-25,-0.00034551232929502795,-0.0056119894473022347,0.0020569789010425055,-0.00033415923230439848,-0.00088577609133189128
2024-10-28,0.0030914301936280086,-0.002713614223101346,3.9454076057765519e-05,-0.0063496213571382354,0.0044326299196988383
2024-10-29,0.0016184868692048493,0.00152385282324774,0.010894858433216914,-0.015246655086242344,-0.0030891390828963194
2024-10-30,-0.0030253159284875375,0.0029339106009780291,0.0055058912189955844,0.0022769777591162832,-0.0097387821086493132
2024-10-31,-0.019603086259658009,0.0016248423865106165,-0.015495166963743978,0.0062469828663889171,-0.0064818723131849776
2024-11-01,0.0042204788029083229,-0.014097858640647609,-0.0041023758773532926,-0.0063211081450195161,0.00089983472185117819
2024-11-04,-0.0021538926051214435,0.01552175240543674,0.0014259144001700363,0.017494015634064386,0.0056192699562667148
2024-11-05,0.012091704251122826,0.0053115701691355266,0.0022544478950348168,0.0066985468544635829,0.013634246207430811
2024-11-06,0.024865487816271736,-0.027388527587268063,-0.030386729020158154,0.037595762622931739,-0.012348382682571435
2024-11-07,0.0077321681824567001,0.012527893938179213,0.016076503855530166,-0.0045959245144661098,0.022103101504421296
2024-11-08,0.0043319212565438026,0.012701036322662729,-0.0067694260922671612,0.0066572943077631841,-0.024683131508481782
2024-11-11,0.00095267737329285396,-0.00486541624380743,-0.023471556568131269,0.0056532856649367247,-0.0076147820555841905
2024-11-12,-0.0031063363644213693,-0.014993409890261877,-0.0086313551794778842,-0.0053033104783341001,-0.018957315218493309
2024-11-13,0.0004858730531422939,-0.0094859696908962121,-0.010081225320474285,0.0077841458169820577,-0.0064413969116975389
2024-11-14,-0.006430206460433574,0.0057907780804040687,-0.0026091417886487944,0.0038091354094123009,-0.0055567940149096051
2024-11-15,-0.012808745803614352,-0.0026572015751007427,-0.0017720694429753658,-0.0014757328602379438,0
2024-11-18,0.0040975169039054737,0.0017760343114947563,0.019020246289590537,0.013301054628103826,0.011408597241734597
2024-11-19,0.0036554745910837294,0.0050975848135728086,0.0089593251272115371,-0.0063549062709472581,-0.00069056729386152149
2024-11-20,0.00033882773833160407,-0.0031972688516570535,0.0056320457027234649,0.01006498560297886,-0.0011517408443272314
2024-11-21,0.0053682472463352227,-0.00077399012455592331,0.0083395003909823018,0.0080964265790688383,-0.0020757081818434386
2024-11-22,0.0030993944534478679,0.00055302971531800971,0.012892210445830665,0.0015442863190489042,0.00023109345875393927
2024-11-25,0.0033922100189176518,0.025887953737418812,-0.029458856541118794,-0.019738838982193418,0.0006931202007169901
2024-11-26,0.0052214849265574959,-0.0038822583879062345,0.0019383092584315254,-0.0013632319594927278,-0.0041560251161338879
2024-11-27,-0.0030300880829671195,0.0069283731589677711,0.0022227147631408428,-0.0010502081963471577,0.0013910615223438061
2024-11-29,0.0062122577749439412,0.010321852302100032,0.0086245463770606712,0.0043104058224754382,0.001620743145266168
2024-12-02,0.0017921202531709923,0.0024026261057310538,-0.0087544033899750184,-0.010572791295536454,0.0039298664868201438
2024-12-03,0.00046373909093522236,-0.008629108893461801,0.0020127761643977671,-0.00010573891118592638,0.0020722706337450436
2024-12-04,0.0062097175452653364,0.010745546258516869,0.0030336798072536642,-0.024124410549833941,0.002527517086318376
2024-12-05,-0.0016456369760092793,0.0020202393885051517,-0.0073977094541192168,0.0039032128359981488,0.0066467794147904158
2024-12-06,0.0018955917276137768,0.0014852001848801866,0.00037056879545604993,-0.016956364479965069,-0.0015937135963555171
2024-12-09,-0.0051495705890026722,-0.0092166695713362667,0.0099197517694260551,-0.0016479588068742945,0.020524495559657296
2024-12-10,-0.0031090937334795621,-0.0047048996079117611,0.01316431251835759,-0.0068230433022522519,-0.016089423782156387
2024-12-11,0.0077306362096705161,-0.0094542806571806803,0.0095338123451884638,0.0016621083940091541,0.0040881543019537503
2024-12-12,-0.0051526396434558031,-0.012147477913961091,-0.014663722649505995,-0.0080751901218233391,-0.0049762289793369163
2024-12-13,-0.0001985150947229064,-0.010210878089705888,-0.012091578404740733,-0.005018487200080135,0.00090924424337468501
2024-12-16,0.0042698498068114432,0.0029950923292434428,0.002415209844427002,-0.021968062862840365,-0.0054507817058926378
2024-12-17,-0.0041201967864374911,0.0024329655478070311,-0.0038386247250202787,-0.0074491105376289779,-0.0023919219082044751
2024-12-18,-0.029803261141601589,-0.0125041972528247,-0.019185077837713171,-0.029557736724745265,-0.023277446813956493
2024-12-19,-0.00030725899372674448,-0.015141329795255731,0.0014210967336203417,-0.008685368820109951,0.0033365191709933129
2024-12-20,0.012011121262937685,0.0056938392603078647,0.010434056495473909,0.0098416182132767815,0.0040380812798879173
2024-12-23,0.0059883138459082552,-0.0091719456828394108,-0.0047087953775639679,0.0058725014639584572,0.0056776797035376081
2024-12-24,0.011114993282984376,0.0042284812359913992,0.0019920140860099078,0.0084595285143032051,0.0030581511543679163
2024-12-26,6.6695037868491625e-05,-0.00056908865238347595,0.0067511798638590914,-0.00082715602623628648,-0.0035177006330388005
2024-12-27,-0.010526686353123149,-0.0081987759123464121,-0.0068705038771271765,-0.00011823596477189557,-0.0044717299383072451
2024-12-30,-0.011411690702032407,0.0080371110722790018,-0.0031896811646235923,-0.00011824994616838058,-0.0080378841422820146
2024-12-31,-0.003637925228024641,-0.0053532111829743823,0.0062336365771613611,0.013128336217454351,-0.0033365191709934239
2025-01-02,-0.0024569124083980709,0.0027480085473534643,0.013587714119632333,0.011674170541929652,-0.001434670111327363
2025-01-03,0.01250340323286947,-0.003197083277054924,-0.007864039973028869,0.0093467839658631924,0.0093392239506633334
2025-01-06,0.0057605099049664599,-0.0044678769891772774,-0.0012320959587239777,-0.0045730030166248881,0.0035585938620941171
2025-01-07,-0.011304045433904064,-0.011277620548154732,0.005633435188264313,0.0099920024323181256,-0.007092228869371886
2025-01-08,0.0014609060507264626,0.0012804481664181466,0.0053156814881236691,0.0010234355841827192,-0.0047618629086896291
2025-01-10,-0.015267429606369842,-0.0066255838142319501,0.0095583100043996616,0.0040894661403025889,-0.016985646247676844
2025-01-13,0.0015505849049237685,-0.00035100537762922102,-0.0099512556057037571,0.021043080422521898,-0.0068142307600410623
2025-01-14,0.0013759502770052112,-0.0016388245959640946,0.0052494232005244612,0.010748053278134995,0.011271608189838522
2025-01-15,0.018189922211973686,0.017235182596726961,0.007488993695735191,0.014799361998871552,0.013084678637578895
2025-01-16,-0.0019229971694386672,0.0032272152478156624,0.006910965874952435,0.0072377153849136899,-0.0011959694523872022
2025-01-17,0.010039795288152353,0.0017233577637683073,-0.0053072697472533736,0.0077220014333181375,0.0079023045253558966
2025-01-21,0.0091535843297019248,0.0089460054562324753,0.015485219016293961,-0.0051084959923248796,0.010691374759141059
2025-01-22,0.0056215377532873312,-0.0052287684224217035,0.0051356526997681229,-0.018185647236612867,0.0007051939440281263
2025-01-23,0.0054579556124085826,-0.0077706179071688197,-0.0014148699521492336,0.0045759746872240381,0.0023489592366137124
2025-01-24,-0.0029194685844309287,0.0044914522876371432,0.0062187055800309032,-0.0096529513117543653,0.0065621881494992707
2025-01-27,-0.014145154890303768,0.011809199098455903,-0.010404805268242501,-0.010404002108934773,-0.018160746867138089
2025-01-28,0.0085923153170601729,-0.00067972385508696664,0.008656417783572623,-0.0095174456723459144,0.0073512820462675599
2025-01-29,-0.0044828644654661964,-0.0020412105470120068,-0.0038404097330004827,0.0022345505580347869,0.00023545827881754633
2025-01-30,0.0053670822667903906,0.0037495625230403729,0.01514551884715587,0.0051282480827770094,0.016945031077427952
2025-01-31,-0.005321911081975883,-0.0065654885446115863,0.0019763991077348386,-0.027950420136628851,-0.011339995279508241
2025-02-03,-0.0067295527093108598,0.0081418597220213051,0.0053372714102837282,0.0062757281964251899,-0.0072565459580324898
2025-02-04,0.0067081613834516496,0.0030626459593712241,0.0098484170752857203,0.020977419996583091,0.01792038559261333
2025-02-05,0.0040545266417775228,0.016510319782858662,0.0062095424107142527,0.0021101852055698256,-0.0025480978369141205
2025-02-06,0.0034757322910416999,-0.00044506043917125204,-0.0026502562908058414,-0.018397313622459444,0.0041802497880736311
2025-02-07,-0.009153513013858694,-0.0064551566831149154,0.0017841598670260694,-0.0001129864169029382,-0.0009250975253142224
2025-02-10,0.0067911209503601633,-0.0030243807982121007,0.016938239196991001,0.022018956064437045,0.01203713088760594
2025-02-11,0.00076054119331270265,-0.0064047039007308904,-0.0036516022155236305,0.0080653921115820815,-0.003888453744556708
2025-02-12,-0.0032214850727226851,-0.013569849451991467,0.0010471549570203464,-0.024112266119551307,0.0055108943728712223
2025-02-13,0.010557604278849553,0.016622504874373556,0.0098628310921056173,0.0075247460048126769,0.0063940795553030227
2025-02-14,-4.9278783620376743e-05,0.0053000759856607349,-0.014871773334245608,0.0040127937537344227,0.0077150561085672642
2025-02-18,0.0029356940255795827,-0.011777974755711962,0.016560905481233679,0.013656128867369999,0.0063049014993992181
2025-02-19,0.0023550208380309634,0.0012486906677999787,0.00055409637872361195,0.0078861715876155092,-0.0015664375680691789
2025-02-20,-0.0041601439693004227,0.0037411217946696773,0.00051683266643864911,0.0091284284374884006,0.0091887652110482776
2025-02-21,-0.01710420781148192,0.012084672017582898,-0.00092254330052476963,-0.020784065827842979,-0.0028868342150291104
2025-02-24,-0.0045504068669079967,0.0029017498729970725,0.0054295681233886839,0.00022002006815080577,-0.015367556110419289
2025-02-25,-0.0049732868911795958,0.017247013206153294,-0.013188334192659745,-0.014403530514543905,0.00067855573777109157
2025-02-26,0.00050500655390695037,0.0059067761269446795,0.0015263333689308212,-0.0056894237672855397,0.0099456982028025553
2025-02-27,-0.015961909523318774,-0.0070685461179023079,-0.015239958822878874,0.0053854179314964945,-0.01947173413292913
2025-02-28,0.015605382783750565,0.0122659264910292,-0.0062658200581346968,0.015511692840598723,-0.013695561541239631
2025-03-03,-0.01751987501654706,0.0046668265871421255,0.013180390342641513,-0.034945033787457391,-0.0087940743196616156
2025-03-04,-0.011836655305295318,-0.012314671769751984,0.0086976359344552723,-0.0096790385491408726,0.0084051196328296385
2025-03-05,0.010747622063463025,-0.0079844042028552886,0.0020813110966888537,-0.014602510844790806,0.029868072352804642
2025-03-06,-0.01775115672124894,-0.003307389600905708,-0.0050812074104223948,0.0030336937074568748,-0.0062948909048321511
2025-03-07,0.0056048858449071481,-0.0032082549816762063,0.0005219558189655249,0.017100936915357856,0.0049772602643332053
2025-03-10,-0.026635511651277977,0.010431889440243758,-0.0087559371632878191,0.0074345758332312606,-0.023863145298008814
2025-03-11,-0.0083128902567809471,-0.0071388368730163076,0.011727541035094546,-0.0079474227592778446,0.008302745866491934
2025-03-12,0.0053064879545661192,-0.0059735438776048477,0.0043467933357030919,0.0045778050776177359,0.005489375691639875
2025-03-13,-0.013330547411436466,0.0087913482782169261,0.017756144523255468,-0.0068352798270646664,-0.0040946668830906807
2025-03-14,0.020655793553070456,-0.005295084088970281,0.00039975774946587883,0.029594004771582139,0.018273203197958665
2025-03-17,0.0077115582483406886,0.0049904706649126496,0.0054135329342379634,0.01593136796565009,0.017047994657482191
2025-03-18,-0.010808486715535359,0.00099308388650709567,0.011671955843306048,0.0016448756723448366,-0.0050727215388811642
2025-03-19,0.010890955445588268,0.0051813094011197158,0.0041077079996585386,0.016312710068342895,0.0024384273162361136
2025-03-20,-0.0028920266977192632,0.00065822846881080643,-0.0012805854303336028,0.0036624936660196727,-0.0092878614375330182
2025-03-21,0.00033000177186570667,-0.0059184603650943579,-0.0080499012132679848,-0.0069764622787957808,-0.0049107759985056454
2025-03-24,0.017908487751600921,-0.010253654392494371,-0.0044525486655065949,0.011393967772367786,0.004486277292775398
2025-03-25,0.0024038215328545665,-0.00011115518135840219,0.0044003650881987433,0.0040925777439861921,-0.002902951088054162
2025-03-26,-0.011938335860707916,-0.0065732465456936895,-0.00082598120199606218,0.0058993825499518149,-0.0060470843007738306
2025-03-27,-0.0026556273152104071,-0.0029156111510757476,0.013405732882559862,-0.0097035716091921076,0.0049571618427819431
2025-03-28,-0.020138321487112032,0.013833786980603335,0.0074121230231678492,-0.0047377495053617658,-0.018609860100920583
2025-03-31,0.0067128006251988559,0.0098736574811890687,0.014363222998346137,0.011035352306756563,-0.0015992727593111544
2025-04-01,0.0028244427432113639,0.0086656286997290888,-0.0019782303576065807,0.005885579007456565,0.0032036690592787131
2025-04-02,0.0063285189601800518,-0.00065551482839054653,0.0020516615880092903,0.0013827992230202035,0.0013685652441399743
2025-04-03,-0.049280905326675173,0.0045934809382544017,-0.0060382780825311011,-0.078508329025688717,-0.021184396098541614
2025-04-04,-0.058542992545287942,0.01088747041188487,-0.023392262736282921,-0.091999077598068246,-0.055620199565380224
2025-04-07,-0.0017812496995063265,-0.030156360541596872,-0.021485806304151311,-0.0064755041059861851,-0.037210563084712933
2025-04-08,-0.015662632565106249,-0.018878407254629859,0.0054437937907636513,-0.023130900703776769,-0.014077274287979558
2025-04-09,0.10501930911064017,0.005885522668753973,0.036991250814781607,0.077446399049095449,0.069314562741956909
2025-04-10,-0.043819062573260736,-0.027568191849681734,0.024423579443014098,-0.065322927862336733,-0.017237100490784751
2025-04-11,0.017842657786141691,0.0054387939771860516,0.019086664805096243,0.024811486503959479,0.031373551865662819
2025-04-14,0.0097016240277278953,0.0071351521889788661,-0.0057059770122006581,0.0035492497102862508,0.0091017911802810936
2025-04-15,-0.0028010217219820444,0.0035427657392488321,0.0052323793521389383,-0.0015156987015381151,-0.00094947109817811182
2025-04-16,-0.022227965823144014,0.0055793549610250182,0.032540810266401099,0.0082226814011947535,-0.011641654907513566
2025-04-17,0.0014268350248789474,-0.0088323286316325245,-0.0043906920940446348,0.022584687602901887,0.007692163912457195
2025-04-21,-0.023802765912592339,-0.017479899972619117,0.030935585299084689,-0.026134940966672238,-0.0002385100634196835
2025-04-22,0.02601794197538787,0.005581629523865983,-0.014195668551963636,0.025450433593577015,0.015032248706341012
2025-04-23,0.015495243709833462,0.0097127171927757772,-0.023978630729734163,-0.0018429940209153672,0.011518598555584791
2025-04-24,0.021049146580611966,0.010536071002426706,0.014556277018207942,0.016002041550911006,0.011619788750030224
2025-04-25,0.0072251972782955143,0.0073665130456268546,-0.010841679678267213,-0.0018174122390424152,-0.0018378689597267073
2025-04-28,0.00038127276311916702,0.0062998345152496249,0.01424210344049559,0.0070397242407267413,0.0018412529413545098
2025-04-29,0.0062993895443885783,0.0083846686576714013,-0.0097389254676771841,-0.0028924645367444102,0.0027567132241492764
2025-04-30,0.00039694175083582195,-0.0080931404249182659,-0.0074822210128373534,-0.026955261122980523,0.0025200775807110443
2025-05-01,0.0070868680708551235,-0.0050705656675190669,-0.020772287542564771,0.0037267398957032682,-0.00022857101832562954
2025-05-02,0.014844136511218409,-0.010824077640961494,0.0017481999132260562,0.01460386214142595,0.028571446523786292
2025-05-05,-0.0057343247974246392,-0.0055855621293033897,0.029867754776654154,-0.018053119741931911,0.0075555238674285263
2025-05-06,-0.0083584364312236925,0.0033243696208788975,0.028024002758992639,0.0002484755992429033,-0.0039699522211248395
2025-05-07,0.0042056387902336123,0.0042270837628679558,-0.014993060801348546,0.00037252231292428384,-0.011514617322066711
2025-05-08,0.0069677625719350988,-0.011149243541274223,-0.019694272299879301,0.013159555636688358,-0.00067201948055950478
2025-05-09,-0.0012742213508586397,0.0014956728925177298,0.0072546742594454816,0.010047770398873945,0.0067249780383817903
2025-05-12,0.033047542713951383,-0.009305196256520154,-0.028190568373488878,0.026082735548652591,0.021598753548448535
2025-05-13,0.0066039669878090734,-0.0040581372992944953,0.0042589925995972777,0.014069534116524451,0.0017435609574845135
2025-05-14,0.0012780825092013615,-0.0066362083917872461,-0.021037827999516923,-0.0060626790616662429,0.0076154217973527505
2025-05-15,0.0048841792850251586,0.0087901117081838898,0.015963953531585195,0.0042227981419689087,-0.00043188529506466011
2025-05-16,0.0063339391063428341,0.0026721207014819282,-0.012087047232674286,-0.0015184098626418452,-0.00064815026905873374
2025-05-19,0.0010940280836999605,-0.0028966406495863906,0.012880671121226372,-0.012985585087564755,0.0021616757571256695
2025-05-20,-0.0033622573759429786,-0.0072051251422664553,0.018622245464218201,-0.0092450150364157269,-0.0010784217888807346
2025-05-21,-0.016850670945976809,-0.017089875277389144,0.0073786838758551632,-0.018423275348892432,-0.0025913117703879607
2025-05-22,0.00039460185511708268,0.0052399216804328574,-0.0088614933874591184,-0.0039000236048718495,-0.0032474276107015143
2025-05-23,-0.0068257451089891452,0.0016582735818431171,0.021906288045034472,0.0031811819048566115,0.0041268439418891134
2025-05-27,0.020790575620218688,0.013956311144662559,-0.016949152542372836,0.0086596154272149395,-0.0023794372988837909
2025-05-28,-0.0057853470402028373,-0.0043156484371139614,-0.0022660178699712707,-0.012696410319164797,-0.0045533501928628484
2025-05-29,0.0039473365509063996,0.0092547571900154502,0.0059247154716217665,0.0074708916239893952,0.003702967121090639
2025-05-30,-0.0011184010326800164,0.0015092290314289158,-0.0065769423264578908,-0.0088743507516196862,-0.012152806629330493
2025-06-02,0.0056328156906035876,-0.0093067501468745428,0.026581051258171673,0.013123947081244536,0.0072494794594055723
2025-06-03,0.0057026616946334041,-0.0017613316489796249,-0.0088555512135111147,0.01186451532929178,0.0023991580206701446
2025-06-04,-0.00026851240390246556,0.016233089404592116,0.006441974072654677,-0.019502318889483727,0.012402082581946416
2025-06-05,-0.0048328596233543353,0.0006945205365564977,-0.0050498789161812496,-0.00097621980052864377,0.0051580355763085617
2025-06-06,0.010269030973764526,-0.012723914933561842,-0.013416073696802311,0.018810231155305779,0.003207155762678493
2025-06-09,0.00090133208100695583,0.0010544275414356985,0.0047185348842186947,0.0019182644755562084,0.0085251578238496606
2025-06-10,0.0056696145937771281,0.0051495597594410913,0.00029351098859753399,0.017829315670573997,0.0057057989384108332
2025-06-11,-0.0028518723853816486,0.003027712387150272,0.0054122907905089779,0.014460356934029583,0.0042026917031454669
2025-06-12,0.0039741720500625632,0.011957187807779324,0.0124202002480438,0.0034767706097946771,0.0016738768549258154
2025-06-13,-0.011180059785133145,-0.009636190282749757,0.013100564311248064,0.017438481606697254,-0.015876241332453467
2025-06-16,0.0095141361677757441,-0.010077591697877142,-0.01425909653729851,-0.0029512591667011367,0.012259301843742687
2025-06-17,-0.0085449668804867818,0.012169421187147922,0.00051319412000716547,0.0093352295551285547,-0.013127197617905262
2025-06-18,-0.00015071307483049967,0.0017341396379839669,-0.0053856275650212559,-0.0065419669537232217,-0.00021462208946954053
2025-06-20,-0.0023486812068518326,-0.0018466212828225359,-0.00041901914110908933,0.010218072530324029,-0.0057938703225689503
2025-06-23,0.00987759060766491,0.0032373791942614805,0.0030631724583116693,-0.025288225119762364,0.0082019062506164531
2025-06-24,0.011047186039507384,0.0072605746277756289,-0.015719378751237634,-0.013018838661724152,0.025904518606627347
2025-06-25,0.00056038442167927194,0.001258773349239295,0.0030373058178450041,-0.0043575392906785027,0.00083477623411143398
2025-06-26,0.0078238097280700636,0.0050278411562947323,-0.0011070472235482631,0.014312691798342936,0.0066722342281440028
2025-06-27,0.0049683222933454285,-0.006367091371871858,-0.018123728993798327,-0.0052478070451075221,-0.003935398909566401
2025-06-30,0.0047811793287984017,0.0098406633652066144,0.01198454729743359,-0.0057443834227446366,0.0031192031041438195
2025-07-01,-0.00032361428413474336,0.0024794905938470002,0.0089230106633826356,0.0076641602136191533,0.0018656862326948964
2025-07-02,0.0045332655788041798,-0.0063533783113829401,0.0055275964054846138,0.017201161859752512,0.00434513434362227
2025-07-03,0.0078814002435436681,-0.0069652767998467091,-0.0068229114035973648,0.00115024872884395,0.0045322640663405522
2025-07-07,-0.0074519719210669466,-0.0095434130352627378,0.000748780548875283,-0.0096518018450451049,-0.014150921949654949
2025-07-08,-0.00054773529501250806,-0.0012770123771824737,-0.010443411868664265,0.026917169577429068,0.006240920756092061
2025-07-09,0.0059966560783442091,0.010461302898549185,0.0044712826643482639,-0.0050841651543053201,-0.0016538592018070508
2025-07-10,0.0028203571621754353,0.0006904156070737244,0.0022257895319868215,0.0076085785414250484,0.0026919733478287799
2025-07-11,-0.0035155067463294998,-0.013794811046754729,0.0096015751933360427,0.0045080127079781818,-0.0033043831976006244
2025-07-14,0.0019080851570825175,-0.0020980201931749543,-0.0036553174266280575,-0.010995171159567829,0.0014505058596874232
2025-07-15,-0.0042732126114144453,-0.0070083542219403494,-0.004155705135267751,-0.014407320966734138,0.0072417832715265806
2025-07-16,0.0033432737161649406,0.0014112609392347153,0.0049880961252437572,-0.0086325558180445627,0.0047248057896767115
2025-07-17,0.0061196378775145721,-0.00023478423885658906,-0.0021735334020257513,0.0061534911921654611,0.0057247571133227648
2025-07-18,-0.00073233460174382259,0.0015274005878920249,0.002600924347578637,-0.0080775542525992616,-0.0022361478386196953
2025-07-21,0.0018961434921311859,0.0089159459308545408,0.015370115792427752,-0.010353741390758286,0.0065198949354996483
2025-07-22,0.00014319543910268351,0.0060465625892802688,0.0094848822354620665,0.0047021484081490872,0.00060726598116134234
2025-07-23,0.0085074763518475649,-0.0055479181298526692,-0.012401181120036631,0.015678005221000602,0.010115350641621168
2025-07-24,0.00033102965109055305,-0.0017430987855963087,-0.0061182769777723411,0.007142035048162354,-0.0054075351527954618
2025-07-25,0.004224338152491125,0.0062869179630360428,-0.0092499926477292993,-0.0037744731803825982,-0.0030206677016468841
2025-07-28,-0.00025106900474680671,-0.0064792644560908164,-0.0064736183275433401,0.011366231093614898,-0.0066652421506944171
2025-07-29,-0.0026376616892719307,0.016886027762591738,0.0027503890763838079,0.0097626806339281558,0.00040673408661784372
2025-07-30,-0.0012593696215839056,-0.0051535618153958351,-0.017273497289540862,-0.014277568562709675,-0.0073171302430210527
2025-07-31,-0.0037510668874607411,0.00057566655616092532,0.0066454015709211944,-0.0053604641386896246,-0.0057329622954401804
2025-08-01,-0.016390611285710288,0.014216703113822282,0.020299689958884537,-0.018575827933274947,-0.007413486893060206
2025-08-04,0.015199864928028717,0.0027326575699073707,0.0058232292577014011,-0.0022199643474755115,0.01037339928420522
2025-08-05,-0.0050700241167128679,0.0030660096135000092,0.00080409120663649247,0.0012880341790582062,0.0028747214826549961
2025-08-06,0.0076598577404451973,-0.0057735184532160533,-0.00212110700071233,-0.009238603021137326,0.0047092474696603936
2025-08-07,-0.00083773387428121016,-0.0017081959845264283,0.0084379874949678246,-0.0038951172857831784,0.0083553530527824549
2025-08-08,0.0077975548309496823,-0.004334530050737917,-0.00022357985855403495,0.0063988538742851819,-0.00080837890552376557
2025-08-11,-0.0019774044951013092,0.001145834403806445,-0.014374701087597641,-0.0080067168348175732,-0.0028316938564082461
2025-08-12,0.010646077812391797,-0.0050351495395146717,-0.00090746650583162225,0.0048665044872018282,0.012170428602376937
2025-08-13,0.0034231320573292479,0.0082807387549757028,0.0030492830145867345,0.01157571060584095,0.012024012326356637
2025-08-14,9.2917868929065506e-05,-0.007414087304886352,-0.0063387067340703318,-0.00093415197712909404,-0.012277178797396093
2025-08-15,-0.0023411979263346927,-0.0071246865709474472,0.00058581831010995344,0,0.001202844345578935
2025-08-18,-0.00021771255650937515,-0.0028937222653276917,-0.0015612675411803556,-0.0059606607059446981,0.0058069966825617936
2025-08-19,-0.005425196957653422,0.0058040544523130233,-0.0054732794479455116,0.00035270239595286412,-0.0081624736054338731
2025-08-20,-0.0026569846084518733,0.0021924992124748854,0.010122175284489776,0.0083451791726150137,-0.0014050085192840456
2025-08-21,-0.0040118098056124429,-0.0049515680257476991,-0.0034698951143765644,0.0068771981563844342,-0.0022110551506671072
2025-08-22,0.015356833041096918,0.007406520336903144,0.01070642694476942,0.020375100911923294,0.019943592739453564
2025-08-25,-0.0044011156658946282,-0.0028719314019302056,-0.0024148368614391735,0.0026096104212329774,-0.0057278569647443156
2025-08-26,0.0041870652141338116,-0.00057596681131966143,0.0072620472436912831,-0.0015842853422892711,-0.0025824252916972767
2025-08-27,0.0022785484055947158,-0.0011525974805348671,0.0020187288833615202,0.011220479233714054,-0.00597492627105356
2025-08-28,0.003541324132844581,0.0065780522325040724,0.0074190380467968886,0.0076217276862518002,0.0038067955781946328
2025-08-29,-0.0059636393929621834,-0.0071085329760594007,0.0096499017766611406,0.0054503669456942294,-0.0047903275829476177
2025-09-02,-0.0074103476419111747,-0.0074416929580958247,0.023642559312442524,0.0014383458691771267,-0.00080229588453806233
2025-09-03,0.0054196425464783093,0.010977641065091692,0.0078319921964080663,-0.022426079076400485,0.0038136726213826577
2025-09-04,0.0083573208832941059,0.0076238215459665248,-0.0044188826180945329,0.0066675402975584497,-0.0031993249352058051
2025-09-05,-0.0028961941058495144,0.015247163852815326,0.013345940552143221,-0.019308539298474869,0.012036151053204103
2025-09-08,0.0024565777359784047,0.013324185539247635,0.011388067271604019,-0.0022893543222932689,0.0091179242802914562
2025-09-09,0.0023118846201510834,-0.0056829745401993925,-0.002269905468609168,0.004818747941491841,0.0054998600396778397
2025-09-10,0.0028909001882666541,0.0057154553273102149,0.0035922056391106683,0.01746962875770075,0.0068373352589623515
2025-09-11,0.0083101950522792567,0.0066859883829639699,-0.0014913797811720864,0.00022451009258062093,0.014551817645271248
2025-09-12,-0.00033463040934611499,-0.0043172319831454864,0.0019715725978484144,-0.0059464608451547107,-0.00057377753364173945
2025-09-15,0.0053239627983452387,0.0023348726473422232,0.01040483601055886,-0.0033858820474907958,0.0072713018496379789
2025-09-16,-0.0013768848246955567,0.0021074817460433604,0.0020064107533963593,0.016760980070609888,0.007408848473152041
2025-09-17,-0.001242457061691904,-0.0025458433728768881,-0.0077151716641871149,0.0023390188441165805,0.004337161002295975
2025-09-18,0.0046724995363542909,-0.010319416279878535,-0.0040063094596702875,-0.0031114432765907418,-0.0024407699054231902
2025-09-19,0.0049528684508932663,-0.0019063043665543677,0.010607227252210416,-0.013265016549810049,-0.0022586773392233583
2025-09-22,0.0047309566292503824,-0.0035945584709108358,0.017306430933261341,-0.0011507401112826887,0.0049047082425703881
2025-09-23,-0.0054433788650938286,0.0069897164281678137,0.0040863750528674636,0.017223686822450679,0.00056314886149810839
2025-09-24,-0.003181757023221321,-0.0038064353779185822,-0.0090630497266709353,0.01300745933725711,-0.0033770643919686094
2025-09-25,-0.0046133749054336759,0,0.0041651888770666279,0.0089661499539124279,-0.0058358566472159756
2025-09-26,0.0057290340826092745,-0.00089904349519698279,0.0057722704405365199,0.0092155250497558683,-0.0018935874692543875
2025-09-29,0.0028104467833012237,0.0082115803998374925,0.016496514338703028,-0.018371460155003683,0.0091064047071254262
2025-09-30,0.0037668347553583281,-0.0029008348201305934,0.0085400040815941658,-0.010631388918787676,0.0039481904748532859
2025-10-01,0.0034075722246513784,0.0025825097859675239,0.0015753722020723782,0,0.0078651086344230237
2025-10-02,0.0011517326256851312,0.0029118429074153074,-0.0034828251513256969,-0.010073667854474833,0.0046450937231867773
2025-10-03,-1.4805406382656372e-05,-0.0018985368693249516,0.0080329378924850481,0.0053143269321853648,0.0029591664096273451
2025-10-06,0.0035862719664676579,-0.0079436169905190424,0.018845738615127949,0.0049487160185388568,0.0046099749078858387
2025-10-07,-0.0037075138893177817,0.0057518682609374316,0.0051594622581365712,0.0015668336576508679,-0.0077091928403347776
2025-10-08,0.0059630552695713046,0.00078478406936488554,0.01649095687844504,-0.0058105387797241503,0.0079541312746425064
2025-10-09,-0.0028969747249332212,-0.00078416866628783222,-0.018452848086064955,-0.013600251385328499,-0.01027717948946727
2025-10-10,-0.027027862178845674,0.016147008012964648,0.010097700011942212,-0.02894258991106069,-0.036899678946029635
2025-10-13,0.015344118135168339,-0.00055163997730611758,0.024301043940617051,0.013611797898389844,0.029072026979284349
2025-10-14,-0.0012216462876413203,0.0032020152688536641,0.0071411892226269646,-0.00011568087178404074,-0.0089803289522466523
2025-10-15,0.0044395299096053886,-0.0022013436115791984,0.017332403569977117,-0.00057892285487182171,0.016424397291767923
2025-10-16,-0.0068101345623303722,0.0075005545100723658,0.023387276945730839,-0.012048209102631491,0.0065006573113992605
2025-10-17,0.0056762051642531564,-0.0015327124021478067,-0.018817055726966458,0.0082084212168922477,-0.00018452937580626383
2025-10-20,0.010400500262923273,0.0038377066315742336,0.036401974389052238,0.010583824126597197,0.013658196561850966
2025-10-21,-1.494287878323064e-05,0.0049152810140864478,-0.064268892606661465,-0.0023018327580247577,-0.011106955587970369
2025-10-22,-0.0051989160658790778,0.00065226317691324809,0.00010605594835544352,0.012804196049601702,-0.00092075135946356745
2025-10-23,0.0059299627059643534,-0.0068432194423403425,0.0040023583823969311,0.013325891708905635,0.0088463414016992648
2025-10-24,0.0081725546944804162,0.00043743698798448527,-0.0033528327110016187,-0.010115822072634839,0.0065765241131401364
2025-10-27,0.011797664492784632,0.0033889585806603506,-0.027839530498784404,0.0023843643096090883,0.011070812413692899
2025-10-28,0.0026560160190798321,0.0026148734082631631,-0.0071660303883592791,-0.010421271591473547,-0.00035905908228883732
2025-10-29,0.00048037063868600072,-0.010106456425551968,-0.0037872684129753864,0.0074404408456960613,0.005746100909982621
2025-10-30,-0.010998187142508109,-0.0058182428895998672,0.019641886729510949,-0.0059084270911247128,-0.010355274889796817
2025-10-31,0.0032802220875831622,-0.0029813733528298858,-0.0054305507230125727,0.0073150831763608704,-0.0023452876061190731
2025-11-03,0.0018767398754619968,-0.0025010950712021085,0.0017929035935666526,0.00011347229470359821,0.0063291713476023581
2025-11-04,-0.01185354736001909,0.0022286522718895085,-0.017517195825319742,-0.010778290911723443,-0.018328890402248499
2025-11-05,0.0034654763403132449,-0.010896147721658145,0.011564369498527016,0.0026379997938699162,0.0089693981220102525
2025-11-06,-0.010729453719183435,0.0089926832198534701,-0.0012005195756799036,0.0097230329830906292,-0.0074383356925872279
2025-11-07,0.00098456507865907206,-0.0021167658233144371,0.0061190214700956869,0.014387772063968018,-0.0029244788197267946
2025-11-10,0.015604370346339991,-0.00022316441299796708,0.027341118598380509,0.009046257889307574,0.017598481487135276
2025-11-11,0.002289177027853917,0.0045784130875199391,0.0039378144065420617,0.013060297476159777,0.0010809182234601256
2025-11-12,0.00055639036636434547,0.001778456022932362,0.016110762091908537,-0.013984497236568028,0.00017994685163702506
2025-11-13,-0.016593996414786205,-0.0082112621315523215,-0.008083098515826892,0.00254846975994516,-0.011694790870589444
2025-11-14,-0.0001635496688257021,-0.0057059363295083321,-0.018047911171504505,0.017020351364705144,0.0005461303095382064
2025-11-17,-0.0093166205734077634,0.0024756597272119762,-0.011463979297139493,-0.018256963132158077,-0.011826718476261266
2025-11-18,-0.0083974616706855576,-0.00033677243769714149,0.0072649327361036242,0.0079698822879272768,-0.0049715703605288653
2025-11-19,0.0038631766432766224,-0.002021137432452691,0.0016294519610446923,-0.012958466876246355,-0.0035159338355821301
2025-11-20,-0.015242227316648038,0.0039379683958826739,-0.00029332556557748468,-0.011348473020255101,-0.013741823593294011
2025-11-21,0.0099611381689650447,0.0030258412471733109,-0.0015473311468576778,0.0063019823122425489,-0.00018828179787366839
2025-11-24,0.014718606876234608,0.0056982851323728045,0.015844239098590229,-0.0027957084549243838,0.010546132490234505
2025-11-25,0.0094058360392934581,0.0025553854625395278,-0.00031569077041548876,-0.0062801607805140769,0.0035407597622407749
2025-11-26,0.0069035824180052607,0.0044325195063517064,0.007998338908444147,0.0075611962062234195,0.0072424451749919516
2025-11-28,0.0054584342293308996,-0.0047440598296089043,0.012424331348639184,0.013104900275107578,0.0014748740068371013
2025-12-01,-0.0045654703011644981,-0.012448679769843651,0.0048210660349776724,0.009618529947452048,-0.00073635097850044406
2025-12-02,0.0018522768711999316,0.00045052724404759381,-0.0064400507135984331,-0.012921572374207657,0.0003684467954085946
2025-12-03,0.0034627490803595951,0.0028149272658599678,-0.00092961822291293128,0.018748594835432897,0.0007366938127175704
2025-12-04,0.00073113978798833301,-0.0053894325991177272,0.00064619519449116147,0.0042470262873572917,-0.0001840199798028852
2025-12-05,0.0018993947528218591,-0.0046287450082598269,-0.0017823532991587676,-0.004120625594113636,0.0075464225902153181
2025-12-08,-0.0030042091058060105,-0.0032889532518806108,-0.0026394498686158618,-0.010888503258881244,-0.0021922457566182496
2025-12-09,-0.00086311809423378349,0.0010240870668043467,0.0051372020127886664,0.0061647066380210447,-0.0016476898802546547
2025-12-10,0.0066322352527572459,0.0038647556290947183,0.0042591479671660881,0.010503269875437704,0.011186463719847994
2025-12-11,0.0023269460314641055,-0.0013586222901305067,0.010769830543307712,-0.0047639474430332118,-0.0047152446622150679
2025-12-12,-0.010752075575282682,-0.0096384127162023603,0.0055945790399394291,-0.0097911747296600682,-0.011661749519689679
2025-12-15,-0.0015108085502177904,0.00068694591259044202,0.00091034126375677538,-0.0070313851138776862,-0.0029498914281050892
2025-12-16,-0.0027322851452302732,0.0054921560370631006,0.00022745542760316262,-0.030537736939311277,-0.0063207057303915626
2025-12-17,-0.011003593983400228,-0.00091035950306983526,0.0085882284742737625,0.022141045313736951,-0.0071725450896872323
2025-12-18,0.00755126270975226,0.0047835175312622713,-0.0018032036998043566,-0.014515341210769028,0.011406910630922251
2025-12-19,0.0090635062235870922,-0.0037323713708171669,0.0011289903434381632,0,0.0097744347895782902
2025-12-22,0.0062298038504335906,-0.0021701710124578666,0.023081605499068569,0.01035257346760976,0.0053983144935765282
2025-12-23,0.0045704923473306458,0.0016024753842875938,0.013252341857567629,0.0065595593591267765,0.0055545592369175001
2025-12-24,0.0035176743962448409,0.0060572317539575593,-0.0041340825647867563,-0.0029212545734224049,0.0020253578531121974
2025-12-26,-0.00010140966545213459,-0.0032944553830832612,0.011676735474757116,-0.0038314015950023927,0.0069827535851083589
2025-12-29,-0.0035636535074947684,0.0037612759406684404,-0.043528301953113302,0.0095022122422638855,-0.0025547173790545497
2025-12-30,-0.0012212136133650242,-0.0023845133869376811,0.00072756783863803243,0.0076199564385714957,0.004024848227240696
2025-12-31,-0.0074088529688375315,-0.0079671375936495314,-0.0064679911632223863,-0.0055605507375202645,-0.0030976646847500344
2026-01-02,0.0018329931020035772,-0.0014916591864164719,0.004970859258759619,0.021024388716479825,0.027965680334191667
2026-01-05,0.0066602071082446646,0.0049407712843962948,0.026313174195160993,0.02716318488588465,0.011024122939343295
2026-01-06,0.0059471582993710914,-0.0020579443322821245,0.010813149047262716,-0.026658141920365752,0.0073865525777403462
2026-01-07,-0.0032234122811981569,0.0058432870314057972,-0.0095599539171119519,-0.01117436212867895,-0.007506980201585689
2026-01-08,-0.00010152731427326422,-0.005011938647106251,0.0055225159137275437,0.031464646832519261,0.00035181853286414544
2026-01-09,0.0066133829968886282,0.0066398434540366758,0.0072420011593252731,0.0025778478223212886,0.0047476775231085622
2026-01-12,0.0015704330006638401,-0.0029569256344337269,0.018722729613168898,-0.0070709575073000241,0.014000647185167248
2026-01-13,-0.0019995067653818532,0.0017109951192462169,-0.0014210408732292512,0.014242540548565774,-0.0074214676768177279
2026-01-14,-0.0049152529031389891,0.0058072678019671642,0.010222226854541994,0.02255325864648694,0.0041732384003274614
2026-01-15,0.0027232975079871657,-0.00022648743889441825,-0.006127660830587689,-0.0093633041680946105,0.0058874402536164272
2026-01-16,-0.00083790518916204704,-0.0057748680371726424,-0.0048188838307005044,0.0016803027111715885,-0.0037872619437471222
2026-01-20,-0.020356800011497311,-0.013098055569288891,0.037836174886892948,-0.0018871898071639581,-0.0096768257843367067
2026-01-21,0.011541109281661299,0.0076169984760556808,0.014568979615140476,0.02415964978403573,0.016576509716315968
2026-01-22,0.0052232576727144764,0.0043521822517862407,0.018462584149503192,0.0032820983915551327,0.007552355978729608
2026-01-23,0.00036273518897367296,0.0027368779575189794,0.013745304981574558,0.0057247441849579417,0.006303253846087431
2026-01-26,0.0050782317618727202,0.0047766203349697278,0.014628847613605389,0.00060993304023315709,0.0016928516195238164
2026-01-27,0.0039841653784709052,-0.0062252135210854043,0.024531942321975864,0.0091425544387773172,0.01977356535160002
2026-01-28,-0.0001006645803248718,-0.0022780979445080618,0.038773348494905324,0.0076505351403732824,0.0067948116599305663
2026-01-29,-0.0019843771548337941,0.00022837483743787246,0.0027094717415592218,0.0091907574568803607,-0.0051028536442191408
2026-01-30,-0.0029824841055743345,-0.0055922905190886052,-0.10274245274560045,0.010690962564097628,-0.022170775183136038
2026-02-02,0.0049712227370615203,-0.0028571776694827911,-0.040049459119752218,-0.019588598300518956,0.0030456900877002813
2026-02-03,-0.0084553859011725629,0.0024263773200925431,0.063587206123721041,0.032367584555045958,0.0053980904090231707
2026-02-04,-0.0048438537259933856,-0.0025358996619854191,-0.00070441197957160639,0.02245024419003161,-0.013422768703556631
2026-02-05,-0.012489284060324235,0.010862161986008756,-0.026631707613677613,-0.011735750240910892,-0.0045918438216181467
2026-02-06,0.019184786476819982,0.0006857783732294731,0.030732294790906112,0.019919507176637152,0.026311275914818966
2026-02-09,0.0048217267165773237,-0.00022846596425385446,0.025402905944066578,0.0073239261909179287,0.0073247921364336666
2026-02-10,-0.0026370577706994469,0.011540212485201762,-0.009913720520981939,-0.0011185212160346181,0.0014873597865086019
2026-02-11,-0.00023112214366449724,-0.0053089553447268623,0.011310577541873812,0.026129111770579971,0.015841587792086775
2026-02-12,-0.01544885969788623,0.013286469982098481,-0.034728289598193629,-0.018188394364247462,-0.011371024008201225
2026-02-13,0.00070449910311909392,0.0054914457184080945,0.024878663914389865,0.006854340903463596,0.0042720995701313047
2026-02-17,0.0016134830190519533,0.0016719041003909751,-0.0311702543391007,-0.011039521366952076,-0.0040903065813300277
2026-02-18,0.0050377075505767532,-0.0037833123168686811,0.022489929267582198,0.019162728064373358,0.0052570854774052211
2026-02-19,-0.0026373443235495619,0.0010052013570218676,0.0027930496262249527,0.0073020048109135871,-0.0024513639134892129
2026-02-20,0.0072318492890963704,-0.0023431728059787327,0.019714504323102178,-0.005436733953546935,0.021297508080049266
2026-02-23,-0.010211366038766267,0.003690977091689529,0.027015500392687075,0.0049198293872847465,-0.011068331681383325
2026-02-24,0.0072684752701983601,0.0017829202110033471,-0.013858904264985039,-0.00090662689635012672,0.015733992801168828
2026-02-25,0.008438306300538434,0.0001111034815213241,-0.0025072627221415233,-0.0041743103393456771,0.011018840426623155
2026-02-26,-0.0055544455792071457,0.0040040731674992891,0.0085758891543217253,0.0032805547784986455,-0.0094771702815641401
2026-02-27,-0.0048019408586112977,0.0060928482451385602,0.013131416749195379,0.015803711692011113,-0.0020730038303671261
2026-03-02,0.00056852298604792573,-0.010042243634343029,0.012919896640826822,0.02002876278860044,-0.017257935959388626
2026-03-03,-0.0088142509124856661,-0.002008573118439605,-0.044612215003188793,-0.009116522695640894,-0.050081329341935654
2026-03-04,0.0070553559582975378,-0.0031308517942417735,0.0078181164395438874,-0.005838601166132773,0.010783994998970536
2026-03-05,-0.0055756704919077693,-0.0040382235179663439,-0.012017768242597593,0.005161027186672662,-0.024047375379556257
2026-03-06,-0.013107129910862048,-0.0037165672510135472,0.015832503390696528,0.0015934859346724561,-0.0053791804922151965
2026-03-09,0.0087599615223126204,0.008704605314258762,-0.0020696732193965506,-0.004419277330161453,0.01971388769738236
2026-03-10,-0.0016070155764896787,-0.010646965354551563,0.01127967872100144,-0.012784102711190237,0.0039349640922472506
2026-03-11,-0.0012551345486657706,-0.012913321087830831,-0.0033901041452459868,0.024820213465882812,0.002556284792043062
2026-03-12,-0.015184966271003186,-0.0019509052494252055,-0.019653925633074443,0.00930143441428255,-0.031956526145848652
2026-03-13,-0.0056601357526089302,-0.0049442093130007692,-0.012936961278600778,0.0033037913106723771,-0.0026338710511459862
2026-03-16,0.010176865010456559,0.0077421491092932726,-0.00088968766896868612,0.0034662374955798381,0.027816914387340796
2026-03-17,0.0026305449911054879,0.0027519766906554111,-0.002519392047785618,0.01053538556898248,0.0063377382423661643
2026-03-18,-0.013953644515257158,-0.0056033108086631644,-0.031637161423287208,-0.0013672742001452631,-0.020255235138636474
2026-03-19,-0.002464381043311259,0.0060947764676981819,-0.041215062676522196,0.015916473477574522,0.0010423032837416635
2026-03-20,-0.014335696266852715,-0.018973545164309047,-0.030557441587655498,-0.00084226091025285665,-0.034363056205808484
2026-03-23,0.010499991225476402,0.0065244314353858357,-0.02259421410703788,0.011964279368436914,0.030014394631223684
2026-03-24,-0.0033568144771775055,-0.004398520191283728,0.00022274115430986896,0.020291793886514142,-0.013784686361133947
2026-03-25,0.0055726882440485515,0.0096499226197868104,0.030089336389747867,-0.0044378639369559991,0.015923523882504176
2026-03-26,-0.017858729983344035,-0.0084061040257283892,-0.0375939695290467,0.015684353573719667,-0.033960191189353339
2026-03-27,-0.017051894157425251,-0.005458290777096253,0.035093842463367997,0.016905090282205659,-0.0048675032341490843
2026-03-30,-0.0033433906874337227,0.013311577396302177,-0.0002894276132928697,-0.0095908411002004756,-0.0081521861828589559
2026-03-31,0.029067865784757174,-0.0010370374235909585,0.037893826237359374,-0.011297617086887035,0.037260237131228946
2026-04-01,0.0075344914103034899,-0.00098443396443081976,0.017499822514495555,-0.037381623645874162,0.0077478474600372049
2026-04-02,0.0009004595313388819,0.0061442150066846057,-0.019208815315471695,0.004748192363981385,-0.011182970768697342
2026-04-06,0.0047268450837638643,-0.001613075499316885,-0.0040986696877465256,0.007257395698970992,0.0091889697940510384
2026-04-07,0.00044000056462722981,-0.00011550840841978438,0.0097275896679103191,0.0080428843958977314,0.0035019667131541699
2026-04-08,0.025469636512190919,0.0032317367245804363,0.0062990695817182196,-0.035073175666561762,0.054615253474758152
2026-04-09,0.0057690176991855857,-0.0025310548322443616,0.0077785305785740277,-0.01240308435648807,-0.0026472434814341916
2026-04-10,-0.00066177542655854182,-0.0024220355180448738,-0.0017811851128632927,-0.0068027119701834504,0.0046450042715389106
2026-04-13,0.0097724472464817413,0.0030060768934183635,-0.0040491833355720264,0.0029855723540250789,0.0084213920149054378
2026-04-14,0.012184877209840739,0.0053026005423264522,0.022349346089928224,-0.020311629914970153,0.019158372290253745
2026-04-15,0.0078909692270439091,-0.00435730022345171,-0.010402401583740839,-0.0033959760856039356,-0.00064270187135173629
2026-04-16,0.0024573476469376132,-0.0063342400501702478,-0.00086274551647047559,0.014705955312417807,0.0040192850719102946
2026-04-17,0.012085686101644066,0.0091561848661874112,0.013293051904224695,-0.027571610524797507,0.019055225819143873
2026-04-20,-0.0019997351150194964,-0.00022963453810631584,-0.0086112089362927469,0.00090873596733387352,-0.0072281161075423705
2026-04-21,-0.0065468928485394873,-0.005514013515010574,-0.028320000717914517,0.014526993273658917,-0.014719890618322906
2026-04-22,0.01012671209511895,0.0019635710762333503,0.013245809401008168,0.011992131554121155,0.018152611391724527
2026-04-23,-0.0038807408683984024,-0.0021903208618334613,-0.0096953570877680306,0.0077820681149947113,-0.016251175072028889
2026-04-24,0.0077493092372316053,0.0018486525565613032,0.0051271144470752539,-0.0019304769368390096,0.022293504824859589
2026-04-27,0.001722787837563633,-0.0049591197515355123,-0.0077553037543277581,-0.0017583489653164586,-0.0015688826660573696
2026-04-28,-0.0048659922671194789,0.0010431324872901548,-0.0185629131043068,0.016557973312188112,-0.010213671142709546
2026-04-29,-0.00015450932498595193,-0.007757399779093177,-0.010665781709228828,0.022873022246524544,-0.0047626883119183949
2026-04-30,0.0099496335275648384,-0.00093340340059744342,0.014973287523456946,0.010503163263831716,0.020737019101672693
2026-05-01,0.0027690952923506984,0.0035754247588082322,-0.0011330099187530918,-0.013411656401884797,0.0021877585712628544
2026-05-04,-0.0036633921467564834,-0.0075926568687655349,-0.02001512681908002,0.0091759243644506938,-0.00046782045237592218
2026-05-05,0.0080222287239424261,0.0055321104080099381,0.0085843062186732322,0.0010102697386560333,0.020280930127829722
2026-05-06,0.013899399692774095,0.0076084730504109022,0.030339261182306565,-0.041211089807879242,0.031957071145329197
2026-05-07,-0.0030660824190705815,-0.004995309021737282,0.0016706915606530259,-0.018421027797363321,-0.01333533023336575
2026-05-08,0.0082560970111682508,0.005020387408250393,0.0048415408945310379,-0.0044682919995550074,0.020273404713051502
2026-05-11,0.0022775630423874649,-0.0060408890562713147,0.0020287362083613036,0.026391346602815613,-0.00073597596112873198
2026-05-12,-0.0015149526145865622,-0.0066619811381668503,-0.0039572098121615218,0.0069966897331321665,-0.030490490501798084
2026-05-13,0.00559483781461112,-0.0022354928176325783,-0.0056128998149617138,0.001042208092970176,0.021118201597217778
2026-05-14,0.0078943149045545002,0.0014150583516265858,-0.0076422962715955167,0.0076349466384446618,0.0025293830973036613
2026-05-15,-0.012029343756796207,-0.014837436650951163,-0.023220390694442261,0.023592161975362069,-0.034283204438351866
2026-05-18,-0.00070350931773177638,-0.0011954846098027883,0.0027318749730780301,0.019179043469891299,-0.0015367565797141935
2026-05-19,-0.0066607880874933745,-0.0064623051824828082,-0.016561892782745447,0.011720066041833288,-0.010928071934439676
2026-05-20,0.010248994582563453,0.010720323816963528,0.014337773746013083,-0.024310725220016427,0.018674064725897388
2026-05-21,0.0019830877010671433,0.0036944252582746806,-0.00098227999066780036,-0.011203955906614271,0.0087076408274187056
2026-05-22,0.0039315490768039307,0.0054618540992747988,-0.0076020599640161945,0.0060882717530663655,-0.0022717949456511066
2026-05-26,0.0066386413521875021,0.0049597687313962524,0.00043495402009452455,-0.027567728682899029,0.038251428459675552
2026-05-27,-0.00017324216474601251,0.0023504203077771013,-0.013309202332427494,-0.014865925199080809,-0.00014620528881936767
2026-05-28,0.0055165786009099271,0.0051580726493889451,0.010477609933210896,-0.00070189901742223615,0.0032168745574792101
2026-05-29,0.0024914048034492264,0.00023333274894721256,0.010538571648365469,-0.01158909735911795,-0.00014575778342651446
2026-06-01,0.0027231134609038143,0.00053847357558378661,-0.014048680044494555,0.017942748578523071,0.021574402364661127
2026-06-02,0.0013579397972762752,0.0021059600783219778,0.001677776649860796,0.011518309160279738,0.010273987968302478
2026-06-03,-0.0070171823204998596,-0.0039696849933219536,-0.009904155768766576,0.012939941436158398,-0.012429493215544762
2026-06-04,0.0037786857621391334,0.0022272478566165432,0.008335974543818736,0.00068133586068741536,-0.011727658762345494
2026-06-05,-0.025809371248925683,-0.0051462466141748431,-0.036545333189379026,-0.018383019677271517,-0.065267725328576054
2026-06-08,0.0022641726087715419,-0.0051726859967553551,0.0025994316693971342,0.011444477060611469,0.01795939855837525
2026-06-09,-0.0029354505508077944,0.0059087110347166849,-0.016336472459165918,-0.016115206955891637,0.001064685847108171
2026-06-10,-0.015765562508027298,-0.00281967388510318,-0.041455581804688557,0.014985213625156257,-0.017623785194817998
2026-06-11,0.016996847886747934,0.012959548318455694,0.03134182597256352,-0.019399159160014889,0.04392197542203502
2026-06-12,0.0054082479015293838,-0.0024424695638310956,0.00056947923103156661,0.007528023498814651,0.0056296512081708272
2026-06-15,0.017633969893753321,-0.0005829128256479299,0.025896360083728753,-0.034752386558561388,0.032889583637671915
2026-06-16,-0.0059615628442341029,0.0054830085977117804,0.0027235332822848068,-0.0034203604371415564,-0.015913987245183669
2026-06-17,-0.012487870885051433,0.0016243456277971191,-0.022709550759274721,-0.012463925512246954,-0.0011655278520698031
2026-06-18,0.010396992441959574,0.0048650448241391864,-0.0038085717011900888,-0.016462319337327003,0.032526304497425773
2026-06-22,-0.0031469796939627148,-0.0076080950287688021,-0.0065354381359996605,0.012643986326684953,0.0059330154472874153
2026-06-23,-0.014521954010491611,0.0012776772165283834,-0.018903219228002643,0.0073991435630866853,-0.056733618416915044
2026-06-24,-0.00046351706364311518,0.013689210608522684,-0.030213064971899906,-0.016342258623030181,0.0011910351829020893
2026-06-25,0.0014456352254532678,-0.00034340944457234013,0.0096741853340658324,0.0097069341184616853,0.010557607204054298
2026-06-26,-0.0072313736168696519,0.00011450913837696142,0.011286779419095394,-0.0046219264058929843,-0.011330144988809021
2026-06-29,0.016474862380159383,0.0010301992107195623,-0.013516094115971211,-0.0048290921396051401,0.0035719281894479593
2026-06-30,0.0077868009868420351,-0.0117781299535753,-0.00054257338091767693,-0.0087719523075998618,0.014533640108234991
2026-07-01,-0.001352504438058455,-0.0067595306935777089,0.0060263890311020862,-0.0056486393073411634,-0.02821225262183058
2026-07-02,-0.0013140694806872411,-0.00011688875229887152,0.020318398961908235,0.0077636780297352104,-0.011732947793391735
2026-07-06,0.0087274090930398174,-0.00070168427606742689,0.010578372380789069,-0.0016910964021714658,0.028462752411620329
2026-07-07,-0.0047518996712316852,-0.010532384774988857,-0.012142502784779907,0.028420822344748631,-0.027378991896943927
2026-07-08,-0.0030894297130047432,-0.0022471836538101586,-0.0080531354631583341,0.017569529560692576,0.0077602271265602152
2026-07-09,0.0084652500025792499,0.0015409952499501056,0.0099612240543545116,-0.014028755408328375,0.0083043242410723028
2026-07-10,0.0043101596888019955,-0.00023671842193540016,-0.0030937197440777942,0.004742833594999496,0.0017969863548310538
2026-07-13,-0.0076561748505409311,-0.0059192707382711429,-0.026206213699616621,0.030137977346184286,-0.03587446145200035
2026-07-14,0.0035506416973014598,0.0013100597035946571,0.013673600487310367,0.0037010764585923006,0.01813950649527607
2026-07-15,0.0039636359296810753,0.0019028903136051323,0.00053745051810172306,-0.0079016814207365504,-0.0015227421487638004
2026-07-16,-0.0054186177563860793,-0.00035617704281043494,-0.019846957237280249,0.0092035479250207608,-0.021046168367252593
2026-07-17,-0.0098971560178722218,0.0036812900431033579,0.0094531244185869223,0.011574883235944355,-0.014020898763798084
2026-07-20,-0.0016143782471810253,-0.0074538474198433402,-0.0021986307389650905,0.0045075991705547658,0.0042660839604669043
2026-07-21,0.0083413092985977766,-0.0027415946658155832,0.019613686984128575,0.0096651947974479846,0.028004954785095348
2026-07-22,-0.0011627413779321527,-0.002629736082440548,0.011499153135369422,0.011965825007512088,-0.0053565732130004262
2026-07-23,-0.012349287272575782,-0.0032359590489078327,-0.020046439653404247,0.0030405456563518118,-0.0060009140247387904
2026-07-24,0.0010160123647910968,0.00096190170296539534,0.0010228383237773642,0.004041728855717297,-0.019659391223904921
2026-07-27,0.0002165755636849287,0.0060060159915347189,0.0073407126408504553,-0.021133819927986575,0.0045791424671628445
2026-07-28,0.0023947806515860481,0.0058508000090344847,-0.014040545864099641,-0.013536684497347573,-0.01980506668794868
2026-07-29,-0.015387473482586067,-0.016500526780552027,0.0046294812185152523,0.018759802619067623,-0.020686351874621534
2026-07-30,0.016765799496011979,-0.00060346417393208895,0.016384653740035837,0.0052855507336511121,0.041264130839307134
2026-07-31,0.0071998096750542917,-0.006642578531842247,-0.014900824749758845,0.01000678700389046,0.0078628115128631659
2026-08-03,0.01424300656734756,0.0032959594930270786,0.00045750903333918735,-0.012762356528465246,0.0035887559693557058
2026-08-04,0.018029002715958642,0.0076651523036690428,0.0065911927668140802,-0.0045926255070419808,0.026119407853650412
2026-08-05,-0.0019966020100066206,0.0021733974049249483,0.041372703749243067,-0.020676675922891796,-0.0042424057469223619
2026-08-06,-0.001597813044932006,-0.0057831880715829564,7.6991012650351465e-05,0.014831590538352923,-0.010651317173381303
2026-08-07,0.006115348472417681,0.0029084603452897984,0.022583179330530445,-0.011348002908247556,0.0095355702644157603
2026-08-10,-0.00029741673673222557,-0.0084582695846822098,0.010214087162773611,0.046608700959578808,-0.0071602867927089697
2026-08-11,-0.0031952597501651026,0.0015842705962176851,-0.0039251181405671742,0.012462612100310855,0.0039895986425602104
2026-08-12,0.0025046624297864195,-0.00097337929691376779,0.0098763518980669041,0.0016412025869068092,0.015741995636448181
2026-08-13,0.0069774556519524022,0.0058457795782744792,-0.014719010607066263,0.0004916040405413824,0.0033102802247031438
2026-08-14,-0.0019797115463531245,-0.0066593638134877509,0.0063164717897126188,0.013920708401636173,-0.0010497854604656354
2026-08-17,-0.0047273666413644166,-0.0084104898582434418,0.009987992274373525,0.010822193269163449,0.010659046358908464
2026-08-18,-0.0067557570742746709,0.0038107683059835917,-0.017115101749848094,0.017577475901818129,-0.029411814704536021
2026-08-19,0.00209783741736147,0.016654282121715935,0.038364092367917602,-0.0015703277896021994,0.011784577833139798
2026-08-20,-0.0083998933674405141,-0.0081908225776261556,0.0034313102655620931,0.0026737679152168958,0.0077144476103758741
2026-08-21,0.0040912604472485015,-0.0035219095046445936,0.019505792504578512,-0.0017254997702206287,0.0075052533681507771
2026-08-24,-0.0029384110198065194,0.0062156709281502298,0.0078656868978264072,-0.0083280764358882875,-0.015047707015803158
2026-08-25,0.0031959376727799249,0.01102236030514292,0.0032342095547504002,-0.016637604609503365,0.01724397790233767
2026-08-26,0.00022201557790713089,-0.0020366430595173401,-0.015768448815633995,0.0059619549419476225,-0.0011896183056459009
2026-08-27,0.0065527861112515406,-0.0020408913798588557,0.0030380678748822554,-0.0022425018254698115,0.0065505799225951122
2026-08-28,-0.0022694852229377949,-0.003007345761939284,-0.032442004867647478,0.0062610271940326534,-0.0069516523659247653
2026-08-31,-0.0029895208500099191,-0.0043436481192232756,-0.0011494563424524484,0.020421167406905472,-0.0017873510228320066
