Date,0
2008-01-03,0.0027996516476532507
2008-01-04,-0.017179566558622524
2008-01-07,0.00045892333654253285
2008-01-08,-0.0057172352891410099
2008-01-09,0.0088791591771140883
2008-01-10,0.0029525408768628805
2008-01-11,-0.0047417996684690055
2008-01-14,0.0092345531048613864
2008-01-15,-0.017259890285646805
2008-01-16,-0.014937693661832542
2008-01-17,-0.01416348188321381
2008-01-18,-0.0017281300651548659
2008-01-22,-0.0054426224212701614
2008-01-23,0.010124334167485606
2008-01-24,0.0075679968729590328
2008-01-25,-0.0045075653479966895
2008-01-28,0.012830438404104555
2008-01-29,-6.5069867301898007e-05
2008-01-30,-0.0056470452308102718
2008-01-31,0.0092003648655123119
2008-02-01,0.0090823817226056598
2008-02-04,-0.0076580044643229876
2008-02-05,-0.020706124183653904
2008-02-06,-0.0048222074938427673
2008-02-07,0.0024423394319509246
2008-02-08,0.0034905155938235732
2008-02-11,0.0074451698905595547
2008-02-12,0.00049256564161286325
2008-02-13,0.0063058996490766243
2008-02-14,-0.0088864130214960872
2008-02-15,0.0017861190267548731
2008-02-19,0.0072858318202222222
2008-02-20,0.0076620345025833819
2008-02-21,-0.0048067362503595003
2008-02-22,0.003732576177115721
2008-02-25,0.0061652187553934267
2008-02-26,0.0076726048673657734
2008-02-27,0.0010693015928802448
2008-02-28,0.0030945145376435335
2008-02-29,-0.012084745523312658
2008-03-03,0.0018455367855909955
2008-03-04,-0.01140563979724667
2008-03-05,0.0081536962686642577
2008-03-06,-0.014245943788494354
2008-03-07,-0.0085703559775787922
2008-03-10,-0.004919283786868978
2008-03-11,0.02429932165097275
2008-03-12,-0.0013958107255266695
2008-03-13,0.0017412536325161266
2008-03-14,-0.0079140160831711048
2008-03-17,-0.0073846147785528778
2008-03-18,0.021177708964317855
2008-03-19,-0.023258060273612491
2008-03-20,0.0051101272837340344
2008-03-24,0.0090606114034009096
2008-03-25,0.0083480494047884386
2008-03-26,-0.0028483539610399239
2008-03-27,-0.0050547843739650383
2008-03-28,-0.0043821154862097702
2008-03-31,0.0013793313948003375
2008-04-01,0.0098217209956231073
2008-04-02,0.0064211281473352862
2008-04-03,0.0032572625406385725
2008-04-04,0.0036520330717028982
2008-04-07,0.0022795003609316022
2008-04-08,-0.002044261104072442
2008-04-09,0.0015556851238367362
2008-04-10,0.00011711262872834993
2008-04-11,-0.0098782593563827015
2008-04-14,-0.0010651081591406594
2008-04-15,0.00043914370227458616
2008-04-16,0.01736915162545203
2008-04-17,-0.0017973736276413077
2008-04-18,0.0038542721293324147
2008-04-21,0.0022306086050501162
2008-04-22,-0.001749152171710511
2008-04-23,-0.0025537811121562667
2008-04-24,-0.0076439026499852455
2008-04-25,0.0044808969542362801
2008-04-28,0.0015478583775331513
2008-04-29,-0.0078641342060769559
2008-04-30,0.0036937437519602655
2008-05-01,0.0025596332502977838
2008-05-02,0.001853331791830626
2008-05-05,0.0024498862652144846
2008-05-06,0.0060563877729211688
2008-05-07,-0.012293143595250222
2008-05-08,0.0067291604955002091
2008-05-09,-0.00052054123123020937
2008-05-12,0.0041078554809028502
2008-05-13,-0.0033221054701247305
2008-05-14,-0.00030150496600219178
2008-05-15,0.013890254653140945
2008-05-16,0.0078756009332883181
2008-05-19,0.0025462375142168317
2008-05-20,-0.00014473946043496214
2008-05-21,-0.0074617591605877671
2008-05-22,-0.0056562728783660868
2008-05-23,-0.0072978714376486509
2008-05-27,-0.0026100872407203712
2008-05-28,0.0027145800689498513
2008-05-29,-0.0067258759061506303
2008-05-30,0.0056530456220201921
2008-06-02,-0.0028903484966417703
2008-06-03,-0.006330758827718613
2008-06-04,-0.0051868027394271765
2008-06-05,0.014553157161156833
2008-06-06,-0.010575728053500556
2008-06-09,0.001851969911974971
2008-06-10,-0.012544524388273843
2008-06-11,-0.0047722203341474655
2008-06-12,-0.0043618655686907537
2008-06-13,0.007200017488425625
2008-06-16,0.0030513196661526632
2008-06-17,0.0010625709203560649
2008-06-18,-0.00011870158783852143
2008-06-19,-0.0029771979208902729
2008-06-20,-0.0080764444298630396
2008-06-23,0.0012422809548099159
2008-06-24,-0.00080953995568332519
2008-06-25,0.0035401736920350865
2008-06-26,-0.0078621768615597665
2008-06-27,0.0040169858404072393
2008-06-30,0.0035182353816989977
2008-07-01,0.0013606690358623327
2008-07-02,-0.010588774072354879
2008-07-03,-0.0036763998089317292
2008-07-07,-0.0071622712403670409
2008-07-08,0.0076892334503832213
2008-07-09,-0.0094677599695162321
2008-07-10,0.0098142121548670906
2008-07-11,-0.0068803621434932252
2008-07-14,0.00029790110668478345
2008-07-15,-0.011194825045414098
2008-07-16,0.0029152554823544401
2008-07-17,0.0011923350845278015
2008-07-18,0.0023600711036851963
2008-07-21,0.0069332334522401616
2008-07-22,-0.003209268983408575
2008-07-23,-0.0058329737887405754
2008-07-24,-0.0085428482393942948
2008-07-25,-0.0010455216408856161
2008-07-28,-0.0045741471763769198
2008-07-29,0.010014562485910917
2008-07-30,0.010517390543346949
2008-07-31,-0.0082138926360579186
2008-08-01,-0.0031009377839398664
2008-08-04,-0.014444582187410165
2008-08-05,0.0074527918026855433
2008-08-06,0.0060048322161110057
2008-08-07,-0.0074355091163880961
2008-08-08,0.00377528623685846
2008-08-11,-0.0051980875738420751
2008-08-12,-0.0037360163433311721
2008-08-13,0.002166462071213909
2008-08-14,3.8717262633236951e-05
2008-08-15,-0.0025735547605302894
2008-08-18,-0.0051746576351015105
2008-08-19,0.00053535315238925065
2008-08-20,0.0072999576587587447
2008-08-21,0.006792144797929567
2008-08-22,0.0010396094236451937
2008-08-25,-0.0092598479869246304
2008-08-26,0.0041485859420209003
2008-08-27,0.0082737678370394373
2008-08-28,0.0053295519925082649
2008-08-29,-0.0079242077866136899
2008-09-02,-0.013279822797251938
2008-09-03,-0.0019016106104146669
2008-09-04,-0.017843778027436134
2008-09-05,0.0032753418898795522
2008-09-08,0.0096396708454722473
2008-09-09,-0.026434960045542827
2008-09-10,0.0011729495358856203
2008-09-11,0.0033064203846398417
2008-09-12,0.010406816890536302
2008-09-15,-0.022447374682434441
2008-09-16,0.01024246973356034
2008-09-17,-0.0089914092943601184
2008-09-18,0.014962340282598387
2008-09-19,0.033026675737522562
2008-09-22,-0.011778585982770141
2008-09-23,-0.017919391647640198
2008-09-24,0.0010862741944988267
2008-09-25,0.012882201608381855
2008-09-26,-0.0037204931373298836
2008-09-29,-0.042566781946172944
2008-09-30,0.017144851459174028
2008-10-01,0.0045306843023421922
2008-10-02,-0.033315305497365902
2008-10-03,-0.0065483927555731406
2008-10-06,-0.025658812683516507
2008-10-07,-0.02661192915683594
2008-10-08,-0.0080832819260778736
2008-10-09,-0.050996802439502734
2008-10-10,-0.025542275714156626
2008-10-13,0.091902077608948057
2008-10-14,-0.012004243045239227
2008-10-15,-0.065572392276039226
2008-10-16,0.016860793277956584
2008-10-17,-0.0089767155630162184
2008-10-20,0.047189181030072462
2008-10-21,-0.027849989294642656
2008-10-22,-0.045482875401809578
2008-10-23,0.012378649174958529
2008-10-24,-0.036179538338350983
2008-10-27,-0.023096748418689462
2008-10-28,0.082625920585571777
2008-10-29,-0.0046941571476186604
2008-10-30,0.027065427945903602
2008-10-31,-0.0026402410575316997
2008-11-03,-0.00266961222066765
2008-11-04,0.043096852619697368
2008-11-05,-0.036369661539855443
2008-11-06,-0.036227982897454152
2008-11-07,0.024999634504143275
2008-11-10,-0.00051297429353095499
2008-11-11,-0.023841312394650545
2008-11-12,-0.035874485710216911
2008-11-13,0.049153019793580263
2008-11-14,-0.026370334883586279
2008-11-17,-0.0092750320230790221
2008-11-18,0.011798146249273962
2008-11-19,-0.033561816343265306
2008-11-20,-0.033844337457811749
2008-11-21,0.054554557253156263
2008-11-24,0.041030261284231817
2008-11-25,0.0099434062385048323
2008-11-26,0.028119467475714355
2008-11-28,0.004465413372703753
2008-12-01,-0.054831539952248091
2008-12-02,0.028630588711783388
2008-12-03,0.0097023225496285607
2008-12-04,-0.016867860714256274
2008-12-05,0.014336156231396219
2008-12-08,0.027631297971179993
2008-12-09,-0.0017725066595312481
2008-12-10,0.019982366501080116
2008-12-11,-0.010472453890442969
2008-12-12,0.00548124505427614
2008-12-15,-0.0013160741303134167
2008-12-16,0.039471337608536619
2008-12-17,0.0022412273522016569
2008-12-18,-0.012982473395653966
2008-12-19,-0.0034711634181928412
2008-12-22,-0.01225343590353524
2008-12-23,-0.0065602988171312602
2008-12-24,0.0036210044660348051
2008-12-26,0.0079960999826042094
2008-12-29,0.0018927872593105691
2008-12-30,0.016173947505592746
2008-12-31,0.0039595879339661914
2009-01-02,0.015017996144199415
2009-01-05,-0.0063107996081550877
2009-01-06,0.0046658706848525747
2009-01-07,-0.025192040201000191
2009-01-08,0.0053892586122165345
2009-01-09,-0.014669360881231979
2009-01-12,-0.020829640988133925
2009-01-13,0.0040205107304039141
2009-01-14,-0.020116590363059961
2009-01-15,0.0040734444353490058
2009-01-16,0.0054902669759626039
2009-01-20,-0.030645229871184766
2009-01-21,0.020878141169361139
2009-01-22,-0.01628098323686443
2009-01-23,0.010972275545653526
2009-01-26,0.0042913910979552944
2009-01-27,0.010926451851156871
2009-01-28,0.013456121473248489
2009-01-29,-0.02378244747654374
2009-01-30,-0.0080284533841336447
2009-02-02,-0.0032275510062053539
2009-02-03,0.0037612862755834484
2009-02-04,4.3438558505482015e-05
2009-02-05,0.012305849522847946
2009-02-06,0.016600842233995237
2009-02-09,-0.00092541436027043756
2009-02-10,-0.02037966546276062
2009-02-11,0.010922039877171219
2009-02-12,-0.0010905094232942837
2009-02-13,-0.011216900112297272
2009-02-17,-0.01791874068005983
2009-02-18,-0.0020801114583513139
2009-02-19,-0.011236019169806594
2009-02-20,-0.0033909560697544475
2009-02-23,-0.019244186337988821
2009-02-24,0.020479138603947868
2009-02-25,-0.010845618672704537
2009-02-26,-0.0099160306459812695
2009-02-27,-0.015068381789275066
2009-03-02,-0.030025689162080375
2009-03-03,-0.0042385514922636822
2009-03-04,0.018381532102317962
2009-03-05,-0.012852088683813316
2009-03-06,0.0023008865076149859
2009-03-09,-0.010722003569659517
2009-03-10,0.028208681674722
2009-03-11,0.0067316297613040808
2009-03-12,0.026946676723457044
2009-03-13,0.0018482998412178097
2009-03-16,-0.0046100818094626846
2009-03-17,0.015248722835379609
2009-03-18,0.026611741611159721
2009-03-19,-0.00085527856454155088
2009-03-20,-0.016385937019795113
2009-03-23,0.041625840176570325
2009-03-24,-0.012336899469029527
2009-03-25,0.0035717038108848084
2009-03-26,0.01455428542315116
2009-03-27,-0.013312113101950667
2009-03-30,-0.022906084053142834
2009-03-31,0.0073343146686698502
2009-04-01,0.016698562211102618
2009-04-02,0.014494038743654226
2009-04-03,-9.2540049677397509e-06
2009-04-06,-0.0114392737034207
2009-04-07,-0.011399023189728064
2009-04-08,0.0090587016522775017
2009-04-09,0.019545526540886503
2009-04-13,0.0046293379280330513
2009-04-14,-0.0083272115316129318
2009-04-15,0.0056368401345614884
2009-04-16,0.0023116045380517096
2009-04-17,-0.00063186857703458315
2009-04-20,-0.019658594657622853
2009-04-21,0.0093471132391648067
2009-04-22,-0.0050158106519778371
2009-04-23,0.0097569163587860504
2009-04-24,0.0098829926676854904
2009-04-27,-0.0091461725982356738
2009-04-28,-0.00757691464037179
2009-04-29,0.015305549996999875
2009-04-30,-0.0033920813965452492
2009-05-01,0.0045780638349021355
2009-05-04,0.0282554467032522
2009-05-05,-0.0045753118189012006
2009-05-06,0.014132384792579517
2009-05-07,-0.01560604428731336
2009-05-08,0.018446520875337158
2009-05-11,-0.0098047755340288818
2009-05-12,0.0027642059474730753
2009-05-13,-0.013678886743926033
2009-05-14,0.0060242005297520603
2009-05-15,-0.0055471063036114428
2009-05-18,0.014547367400067159
2009-05-19,0.00081005998322281059
2009-05-20,0.0027316447202649025
2009-05-21,-0.014249745752097571
2009-05-22,-0.0026639619531779344
2009-05-26,0.0091706749789114608
2009-05-27,-0.014300213688999681
2009-05-28,0.016868596046813969
2009-05-29,0.020057244416207567
2009-06-01,0.0094476909860213808
2009-06-02,0.00096479374765675555
2009-06-03,-0.013147512798469606
2009-06-04,0.0055949210112445809
2009-06-05,-0.0063587122134565518
2009-06-08,-0.0043073123497582525
2009-06-09,0.0036062405105558807
2009-06-10,-0.0027381537803464299
2009-06-11,0.0084477884377429542
2009-06-12,-0.0016760221385510028
2009-06-15,-0.01490183502628591
2009-06-16,-0.0033444999952296998
2009-06-17,-0.003866804305123317
2009-06-18,-0.0027214383518431029
2009-06-19,0.0048853322698794496
2009-06-22,-0.020409010690327883
2009-06-23,0.0051346862327030784
2009-06-24,0.004409731156294755
2009-06-25,0.01976859065274519
2009-06-26,-0.00078633451558191556
2009-06-29,0.0053916166132811473
2009-06-30,-0.0066736141500956976
2009-07-01,0.0050616449761433256
2009-07-02,-0.01893930236521519
2009-07-06,-0.0025645911891070518
2009-07-07,-0.011075177189500462
2009-07-08,0.0008286630391409369
2009-07-09,0.0010187375829838695
2009-07-10,-0.00042217223519371841
2009-07-13,0.011584137161421593
2009-07-14,0.001578321882487094
2009-07-15,0.016546390165361288
2009-07-16,0.0030327376355612228
2009-07-17,0.0020471324050928049
2009-07-20,0.013055269556831952
2009-07-21,0.0071818318852129026
2009-07-22,-0.0029650655400701663
2009-07-23,0.0096350382289035093
2009-07-24,0.0036564556600709895
2009-07-27,2.3225530231433611e-06
2009-07-28,-0.0041278001396439666
2009-07-29,-0.0056541877695364014
2009-07-30,0.012283247440012468
2009-07-31,0.0097204810482980023
2009-08-03,0.0099589297021641723
2009-08-04,-0.00074772810526589368
2009-08-05,-0.0065767018343671543
2009-08-06,-0.0031453283968502612
2009-08-07,0.0026931189948259109
2009-08-10,0.00029044015835446614
2009-08-11,-0.0056562548581024722
2009-08-12,0.0038560569016500741
2009-08-13,0.010795529343677113
2009-08-14,-0.006546813250880296
2009-08-17,-0.015542224625932178
2009-08-18,0.0056430156556321887
2009-08-19,0.008461293060265173
2009-08-20,0.0083403061794364922
2009-08-21,0.0092798556586379533
2009-08-24,0.004115773150091373
2009-08-25,0.0011263319471161548
2009-08-26,0.0013903320215876589
2009-08-27,5.5354728329293196e-05
2009-08-28,0.0014271112273351199
2009-08-31,-0.0079841436087366557
2009-09-01,-0.012261999066094854
2009-09-02,0.0061170924737010361
2009-09-03,0.0064681758419280304
2009-09-04,0.0047776241230569234
2009-09-08,0.006343787343172768
2009-09-09,0.0030072667112839126
2009-09-10,0.012697997037552002
2009-09-11,0.0034057194474103269
2009-09-14,-0.0014034605318057115
2009-09-15,0.004024686124872434
2009-09-16,0.013022189837890687
2009-09-17,0.0006719581407072017
2009-09-18,-0.0030495077238224368
2009-09-21,-0.0026316465375539836
2009-09-22,0.0079450798380101828
2009-09-23,-0.007424622315029817
2009-09-24,-0.0090225785344510267
2009-09-25,0.00049055099545551313
2009-09-28,0.012325189372665125
2009-09-29,-0.00088654305704844447
2009-09-30,0.00038664864222582316
2009-10-01,-0.013797751808895592
2009-10-02,-0.0033498066977384116
2009-10-05,0.012744852668249184
2009-10-06,0.010975969254541442
2009-10-07,0.0048202954305623822
2009-10-08,0.0061096584794925026
2009-10-09,-0.0044637554255946114
2009-10-12,0.005188981963318795
2009-10-13,0.0018305898955000345
2009-10-14,0.0079644409266303121
2009-10-15,-5.9284853586249694e-05
2009-10-16,-0.0021732165717163522
2009-10-19,0.010016136221350447
2009-10-20,-0.0038879289576534528
2009-10-21,-0.0054159182990611392
2009-10-22,0.0043114958950347627
2009-10-23,-0.0098371057293121997
2009-10-26,-0.012829033009268659
2009-10-27,0.00071659277378765488
2009-10-28,-0.015898132749469818
2009-10-29,0.015864492565142073
2009-10-30,-0.016660173893216543
2009-11-02,0.0060321835833556164
2009-11-03,0.0038409852881388261
2009-11-04,0.0014192977765175474
2009-11-05,0.010952523774622202
2009-11-06,0.0015324336283818686
2009-11-09,0.016058120681356002
2009-11-10,-0.00049790103858100561
2009-11-11,0.0055845734839934935
2009-11-12,-0.010852129931574517
2009-11-13,0.0077779181442989122
2009-11-16,0.016442373569236189
2009-11-17,0.0017391422192494011
2009-11-18,-0.002520902815545806
2009-11-19,-0.0087913978070368621
2009-11-20,-0.0019621473265477142
2009-11-23,0.0099391869240268004
2009-11-24,0.0027912205099178359
2009-11-25,0.0069708164649256998
2009-11-27,-0.013325695747160405
2009-11-30,0.0033243675676050133
2009-12-01,0.0086028620207705686
2009-12-02,0.0021480507619301421
2009-12-03,-0.0088679642539621021
2009-12-04,-0.0064337522277685359
2009-12-07,-0.0022284841373748478
2009-12-08,-0.010488095721130204
2009-12-09,0.00081304375854400208
2009-12-10,0.0011821342411635631
2009-12-11,6.0223792455249624e-05
2009-12-14,0.0060002468909868163
2009-12-15,-0.0037237560034413309
2009-12-16,0.0034114732002471114
2009-12-17,-0.01012036277814351
2009-12-18,0.0042391823340234393
2009-12-21,-0.0020647988640167814
2009-12-22,0.00042733243105772
2009-12-23,0.0031582586561045844
2009-12-24,0.0033236657495103183
2009-12-28,0.000932513391280071
2009-12-29,-0.0014251801385381348
2009-12-30,0.001080754276745488
2009-12-31,-0.0049583885024747868
2010-01-04,0.016114835670893547
2010-01-05,0.0040788316211928747
2010-01-06,0.00081697897204728337
2010-01-07,0.00045052834798892691
2010-01-08,0.0034079770116873243
2010-01-11,0.00083892343654567991
2010-01-12,-0.0056333940904203135
2010-01-13,0.0025748100586230616
2010-01-14,0.0052684081773623163
2010-01-15,-0.0064679645053578767
2010-01-19,0.0081151123448777347
2010-01-20,-0.0089670636052108944
2010-01-21,-0.013763414370078369
2010-01-22,-0.014227623636935388
2010-01-25,0.0027331711882377764
2010-01-26,-0.0041983578871712668
2010-01-27,-0.0003163887467222181
2010-01-28,-0.0065406125555137144
2010-01-29,-0.0057812898516980621
2010-02-01,0.013327335997064567
2010-02-02,0.0087629118611260663
2010-02-03,-0.0069225691594458072
2010-02-04,-0.022984995754436098
2010-02-05,0.00071945612348506272
2010-02-08,-0.0053955121094866835
2010-02-09,0.0098629808563035441
2010-02-10,-0.0042635503990489151
2010-02-11,0.010036679524234138
2010-02-12,-0.00065182622170156823
2010-02-16,0.015312561219935183
2010-02-17,-0.0012459059488029113
2010-02-18,0.0032952066124407988
2010-02-19,0.0010116033555073677
2010-02-22,-0.0027606470683229525
2010-02-23,-0.0065492464132671799
2010-02-24,0.005139899937795467
2010-02-25,0.0014226628552326921
2010-02-26,0.0043355598111111783
2010-03-01,0.006664749180795332
2010-03-02,0.0049244459402056125
2010-03-03,0.0011128904953326747
2010-03-04,0.00040871520823044215
2010-03-05,0.0068906021970446714
2010-03-08,-0.0025720233714946524
2010-03-09,0.0010637270180134828
2010-03-10,0.001015350008587235
2010-03-11,0.0026240450700693923
2010-03-12,0.00040798528440766932
2010-03-15,-0.00140879774252059
2010-03-16,0.010190800415819334
2010-03-17,0.0045183473569176402
2010-03-18,-0.0022495853919591194
2010-03-19,-0.0070746062554885129
2010-03-22,0.001780656290189442
2010-03-23,0.0035166813373368189
2010-03-24,-0.011367964732230595
2010-03-25,-0.0035212625149703084
2010-03-26,0.0035319499091742926
2010-03-29,0.0055485111632254391
2010-03-30,0.00052660499006313983
2010-03-31,0.0024545311416573567
2010-04-01,0.0083121002989268548
2010-04-05,0.0026361287726338785
2010-04-06,0.001830684826815887
2010-04-07,0.0010244012283577185
2010-04-08,0.0024132393824885527
2010-04-09,0.0062215063989099493
2010-04-12,0.00055920170464839318
2010-04-13,0.00012903438761595044
2010-04-14,0.0056679322374774193
2010-04-15,0.00087097712144184041
2010-04-16,-0.012341536870236041
2010-04-19,0.00050906921257937165
2010-04-20,0.0080191305395116881
2010-04-21,0.0020460160179704089
2010-04-22,0.00049143138042765939
2010-04-23,0.0064821126221530244
2010-04-26,-0.0021542205625302516
2010-04-27,-0.010086425466827066
2010-04-28,0.0023481750641217713
2010-04-29,0.0077304201778954024
2010-04-30,-0.0049198284284942889
2010-05-03,0.0070212714035536809
2010-05-04,-0.013283899184120408
2010-05-05,-0.0040089903118409442
2010-05-06,-0.008633564280762774
2010-05-07,-0.010736132767044096
2010-05-10,0.023023961778506602
2010-05-11,-0.00030500262243172201
2010-05-12,0.0072435774400680386
2010-05-13,-0.0059386264032512907
2010-05-14,-0.007181034145151189
2010-05-17,-0.0036088928078930492
2010-05-18,-0.0043047794566296593
2010-05-19,-0.007137781063302779
2010-05-20,-0.020284601179913993
2010-05-21,0.010270830812597699
2010-05-24,-0.0072118844733481411
2010-05-25,0.0014483761530082796
2010-05-26,-0.0019691199033868402
2010-05-27,0.018296979019229213
2010-05-28,-0.0071729110447176008
2010-06-01,-0.010260163603052899
2010-06-02,0.015714970810447766
2010-06-03,-0.0017407439382391529
2010-06-04,-0.012840393669728391
2010-06-07,-0.0026006223277816659
2010-06-08,0.0063939162140930032
2010-06-09,-0.0045378980281837291
2010-06-10,0.013754758512333216
2010-06-11,0.00755420173803869
2010-06-14,-0.0029054208991090404
2010-06-15,0.015748382095761911
2010-06-16,0.0003916249595208698
2010-06-17,0.0040261864692437083
2010-06-18,0.0022407806146178323
2010-06-21,-0.0033290619133581061
2010-06-22,-0.0071486923134005294
2010-06-23,-0.00066260881056782745
2010-06-24,-0.01154004921109179
2010-06-25,0.0059618618992917649
2010-06-28,-0.0029913078053298791
2010-06-29,-0.016764354542132036
2010-06-30,-0.0030552614489384512
2010-07-01,-0.0067469290391798603
2010-07-02,-0.0021313901001973451
2010-07-06,0.0050009037361049219
2010-07-07,0.016982033135916688
2010-07-08,0.0036000958143062203
2010-07-09,0.0047612808675252527
2010-07-12,-0.0022011296316636121
2010-07-13,0.007557498822146274
2010-07-14,0.0020920389919781065
2010-07-15,0.0019249435139456258
2010-07-16,-0.017136557520756539
2010-07-19,0.0015737289868448083
2010-07-20,0.010638729369518396
2010-07-21,-0.0046486802021395886
2010-07-22,0.012584580859442935
2010-07-23,0.00096430583071712729
2010-07-26,0.0045581496843843218
2010-07-27,-0.0057033825611281057
2010-07-28,-0.0021922207778783511
2010-07-29,-0.0010339874690152243
2010-07-30,0.0056753405110993461
2010-08-02,0.011664138255325756
2010-08-03,-0.00039516040205025434
2010-08-04,0.0026182448427450379
2010-08-05,0.00094807402867174134
2010-08-06,0.00086680808831404125
2010-08-09,0.0015873793395159599
2010-08-10,-0.0034061923796463332
2010-08-11,-0.014273304996349063
2010-08-12,-0.0016629481547576154
2010-08-13,0.0022767770644249339
2010-08-16,0.0082384803051566719
2010-08-17,0.006224178895315513
2010-08-18,0.00095905200775716628
2010-08-19,-0.0052400693083725532
2010-08-20,-0.0036252527872750965
2010-08-23,-0.0025789667238619363
2010-08-24,-0.0040347920215834448
2010-08-25,0.0010293192470012535
2010-08-26,-0.0023493084203043083
2010-08-27,0.0039744155872072813
2010-08-30,-0.0042456276934382869
2010-08-31,0.0045520220837552026
2010-09-01,0.013566560744567647
2010-09-02,0.002820139046459641
2010-09-03,0.003956008534492678
2010-09-07,-0.0013039876651491982
2010-09-08,0.0027828192923286866
2010-09-09,-0.0037160472898658922
2010-09-10,0.0024803519913739083
2010-09-13,0.0087322633660326179
2010-09-14,0.0047267220127446214
2010-09-15,-0.0023407634828247425
2010-09-16,-0.0027052720126346966
2010-09-17,0.00039029824518019827
2010-09-20,0.011233938028699533
2010-09-21,0.0038108652782705582
2010-09-22,-0.00015733734145555493
2010-09-23,-0.0036753097373353194
2010-09-24,0.0093615742477158054
2010-09-27,0.0019059524114995001
2010-09-28,0.005882021783203106
2010-09-29,-0.00021580965561800977
2010-09-30,-0.00078065327404833185
2010-10-01,0.0044587209721663858
2010-10-04,-0.0044377942319273837
2010-10-05,0.013668609094762474
2010-10-06,0.0048908850819963986
2010-10-07,-0.0055957274661554085
2010-10-08,0.0050825247193520993
2010-10-11,0.0013527480712029027
2010-10-12,-0.0021752814287896989
2010-10-13,0.008184454511488205
2010-10-14,-0.0048586764420853971
2010-10-15,-0.0032850593111771183
2010-10-18,0.0049769939930468408
2010-10-19,-0.013545274670087416
2010-10-20,0.0087219737657615367
2010-10-21,-0.0042499940805610752
2010-10-22,0.0035051168211531316
2010-10-25,0.0045490937978791886
2010-10-26,-0.0036429577029609473
2010-10-27,-0.0070207653962927052
2010-10-28,0.003155359663277524
2010-10-29,0.0045685125100569986
2010-11-01,-0.00050919553114229794
2010-11-02,0.0094457256396508257
2010-11-03,-0.0037033523815499124
2010-11-04,0.020186281874950907
2010-11-05,-0.0020823831987392682
2010-11-08,0.0018050724820923181
2010-11-09,-0.012225441378213782
2010-11-10,0.0057914695430994262
2010-11-11,-0.0010481470079915789
2010-11-12,-0.014300410088827943
2010-11-15,-0.0077609052218136684
2010-11-16,-0.0061629974007849989
2010-11-17,-0.00093486254734814192
2010-11-18,0.013457615947261824
2010-11-19,0.003666679516289384
2010-11-22,0.0015654117341933338
2010-11-23,-0.0086347397338141126
2010-11-24,0.005308754110714237
2010-11-26,-0.006064755008139423
2010-11-29,0.0052535318669591265
2010-11-30,3.0410342820818962e-05
2010-12-01,0.0087296844033623484
2010-12-02,0.0077347282986337199
2010-12-03,0.0031052962646744343
2010-12-06,0.0044017209718601787
2010-12-07,-0.0087842858318818717
2010-12-08,-0.0039411057685113269
2010-12-09,0.003321310335559791
2010-12-10,0.0017149868399103263
2010-12-13,0.003399253589299323
2010-12-14,-0.0034568782256268193
2010-12-15,-0.0088776791914927933
2010-12-16,0.0039052999456803961
2010-12-17,0.0056111198431235913
2010-12-20,0.001914448248709566
2010-12-21,0.0069835420914345142
2010-12-22,-0.00015321728531480491
2010-12-23,-0.0013404118730056479
2010-12-27,0.0021151916112601586
2010-12-28,-0.0014207895021010389
2010-12-29,0.007325583958363335
2010-12-30,-0.00096583543450272672
2010-12-31,0.0055558203269398081
2011-01-03,0.003183683576547653
2011-01-04,-0.0038593922686485311
2011-01-05,-0.0037030632750720436
2011-01-06,-0.0023005017984416513
2011-01-07,6.8378277266817268e-05
2011-01-10,2.424625379497951e-05
2011-01-11,0.003631865653469507
2011-01-12,0.0056558575785592259
2011-01-13,-0.0011332667393044284
2011-01-14,0.0011605210005823212
2011-01-18,0.00082330418082314234
2011-01-19,-0.0037738750771576512
2011-01-20,-0.0086121371070172793
2011-01-21,0.0021805615699424241
2011-01-24,0.0027623926291953206
2011-01-25,0.0014115614671713736
2011-01-26,0.0022587229479343832
2011-01-27,-0.0025062831431023943
2011-01-28,-0.0065130775787002118
2011-01-31,0.0045583834099129699
2011-02-01,0.010289926735004153
2011-02-02,-0.0019373844489663896
2011-02-03,0.00075352957755284156
2011-02-04,-0.0022938755498285333
2011-02-07,0.0045276129809373672
2011-02-08,0.00089322610632168724
2011-02-09,-0.0023698198877456001
2011-02-10,-0.0029056398284327436
2011-02-11,0.0065966465355239033
2011-02-14,0.0035387289378003943
2011-02-15,0.000163909979072696
2011-02-16,0.0040348954231365537
2011-02-17,0.0039735735384886176
2011-02-18,0.0014911580298306417
2011-02-22,-0.0074792562515325518
2011-02-23,0.0019147620610013957
2011-02-24,-0.00097630200945749714
2011-02-25,0.0095285216399874743
2011-02-28,0.0044725051188525882
2011-03-01,-0.0062599936470113084
2011-03-02,-0.0011668066466873901
2011-03-03,0.0061782643788917194
2011-03-04,-7.3726234200188924e-05
2011-03-07,-0.0064477929739456255
2011-03-08,0.0021072580487027873
2011-03-09,0.0014111441721548434
2011-03-10,-0.011572340544289617
2011-03-11,0.0046137797958522801
2011-03-14,-0.0006975170383682948
2011-03-15,-0.0060555544591090141
2011-03-16,-0.0082556440374651659
2011-03-17,0.0084657109696167528
2011-03-18,0.0033669061519207007
2011-03-21,0.010523699534329339
2011-03-22,-0.00056536492786956607
2011-03-23,0.0037915998477132725
2011-03-24,0.0022614765012165861
2011-03-25,0.0014352580800949366
2011-03-28,-0.0021462829788437719
2011-03-29,0.0027765813799980887
2011-03-30,0.0072248327391930996
2011-03-31,0.00077613962018579499
2011-04-01,0.0041002329531651237
2011-04-04,0.0022033461315428939
2011-04-05,0.0014075312480413269
2011-04-06,-0.0026479020068806646
2011-04-07,-0.0014775090144084793
2011-04-08,-0.0010452461450155106
2011-04-11,-0.0051950624439256804
2011-04-12,-0.0063543350639784892
2011-04-13,0.0030776410964190818
2011-04-14,0.0031222419734995566
2011-04-15,0.0070887587103725669
2011-04-18,-0.0070004701211811571
2011-04-19,0.0058276323982249358
2011-04-20,0.0091537414849680761
2011-04-21,0.0034159876835793248
2011-04-25,-0.0006770911128180624
2011-04-26,0.0072191559108808591
2011-04-27,0.0027140926029444786
2011-04-28,0.0030009549641127897
2011-04-29,0.006359662062106264
2011-05-02,-0.0034536258991630037
2011-05-03,-0.0052780775246407292
2011-05-04,-0.007114976218774249
2011-05-05,-0.008600338377159478
2011-05-06,0.0043248704606334175
2011-05-09,0.0053722805983354776
2011-05-10,0.003805899613389385
2011-05-11,-0.0092557658868495044
2011-05-12,0.00051791944432976204
2011-05-13,-0.0044810685926790998
2011-05-16,-0.0023188283769811861
2011-05-17,0.0021723943035983854
2011-05-18,0.0047906499692107699
2011-05-19,0.00026369655192096109
2011-05-20,-0.0020728525315709019
2011-05-23,-0.0067244942970135398
2011-05-24,0.0037911354397275557
2011-05-25,0.0020593695112318569
2011-05-26,0.0054098128664891339
2011-05-27,0.004235450049677225
2011-05-31,0.007316926496078964
2011-06-01,-0.0095140376490128863
2011-06-02,-0.0046933104727539809
2011-06-03,-0.0022918740247264927
2011-06-06,-0.0097347994170759074
2011-06-07,0.0016284565914647499
2011-06-08,-0.00074805357521537949
2011-06-09,0.004936510705271146
2011-06-10,-0.0090676962626668189
2011-06-13,-0.0041790932574996007
2011-06-14,0.005854476938079823
2011-06-15,-0.0065540951041349613
2011-06-16,0.0012588369611833349
2011-06-17,0.00086309953903100363
2011-06-20,0.0025719060697048214
2011-06-21,0.0089301194677513414
2011-06-22,-0.0033080478891459376
2011-06-23,-0.0030947560259838749
2011-06-24,-0.0098712164586580893
2011-06-27,0.0012927687169366209
2011-06-28,0.0080190630010069167
2011-06-29,0.0048231228703343402
2011-06-30,0.004788825324864094
2011-07-01,0.0065301982894082188
2011-07-05,0.0036030546600726463
2011-07-06,0.0022098633307647167
2011-07-07,0.0065354751511846332
2011-07-08,-0.00016760186790274487
2011-07-11,-0.0073087299227247117
2011-07-12,-0.0010893223294829229
2011-07-13,0.0057543301690033627
2011-07-14,-0.0076696934638424029
2011-07-15,0.0066899190673812229
2011-07-18,-0.0058695179026874659
2011-07-19,0.013140443060311027
2011-07-20,-0.0018363489283833633
2011-07-21,0.00604312865632295
2011-07-22,0.003847067733552611
2011-07-25,-0.0044010180093681682
2011-07-26,0.0004838356045686387
2011-07-27,-0.012361383193471248
2011-07-28,-0.00042649878512129879
2011-07-29,0.0025673029040641174
2011-08-01,5.2884662533353297e-05
2011-08-02,-0.0049689178760547806
2011-08-03,0.0017154247434590709
2011-08-04,-0.023207435283548957
2011-08-05,-0.0083890070814233112
2011-08-08,-0.030020849272560303
2011-08-09,0.031652123513805835
2011-08-10,-0.013674835513598738
2011-08-11,0.012761075646772275
2011-08-12,0.0076476042393265227
2011-08-15,0.013248352486928523
2011-08-16,6.0239267401607168e-05
2011-08-17,0.006189324811940811
2011-08-18,-0.019788529344089034
2011-08-19,-0.0056480499513810629
2011-08-22,0.0026507716833907959
2011-08-23,0.012110139701856877
2011-08-24,-0.0069361629690631909
2011-08-25,-0.0068238106841742151
2011-08-26,0.016370125078362718
2011-08-29,0.01116265117210119
2011-08-30,0.010301986275393927
2011-08-31,-0.00044252877790691399
2011-09-01,-5.8857508351029615e-05
2011-09-02,-0.0026165242076337646
2011-09-06,-0.0027193764007759024
2011-09-07,0.0083679573576247671
2011-09-08,-0.0012909040229513006
2011-09-09,-0.015422270613590458
2011-09-12,-0.00021553711261164128
2011-09-13,0.0021245246661614481
2011-09-14,0.0075004700057394571
2011-09-15,0.00413587383297061
2011-09-16,0.005542608653012605
2011-09-19,-0.0060748534967334285
2011-09-20,0.0013631421116401471
2011-09-21,-0.013255819012048021
2011-09-22,-0.020124072299347207
2011-09-23,-0.008864920184917623
2011-09-26,0.0085648723105068835
2011-09-27,0.0081976334395911839
2011-09-28,-0.018650188052800241
2011-09-29,0.0086392266485112099
2011-09-30,-0.011316560193618819
2011-10-03,-0.0072606574917664889
2011-10-04,0.0073207167692490426
2011-10-05,0.013343294574968851
2011-10-06,0.0087801051663603264
2011-10-07,-0.008175148875857869
2011-10-10,0.022706427172237784
2011-10-11,-0.0012532972279243435
2011-10-12,0.0042879912708647001
2011-10-13,-0.00022214557058161655
2011-10-14,0.010229279044615066
2011-10-17,-0.0092319536029290394
2011-10-18,0.011424513050202614
2011-10-19,-0.009591652756724179
2011-10-20,-0.0031426780378120576
2011-10-21,0.011314130357417492
2011-10-24,0.01195921998239844
2011-10-25,-0.0012356919534702985
2011-10-26,0.0053415879156904272
2011-10-27,0.017897694456815768
2011-10-28,0.0024316226894174121
2011-10-31,-0.010054098301059246
2011-11-01,-0.0084043043770348665
2011-11-02,0.010984271346213537
2011-11-03,0.0098747842456852579
2011-11-04,-0.0036339966186114069
2011-11-07,0.0090978860263695605
2011-11-08,0.0035024533919826525
2011-11-09,-0.021115666624710233
2011-11-10,0.0016271173419791843
2011-11-11,0.01293324511443868
2011-11-14,-0.0031117718615374934
2011-11-15,0.0022841348101408864
2011-11-16,-0.0098613298456433976
2011-11-17,-0.013021254452475241
2011-11-18,-0.00022906033095877477
2011-11-21,-0.014815187096935856
2011-11-22,0.0022872418839077419
2011-11-23,-0.013075389021767893
2011-11-25,-0.0067333254940567348
2011-11-28,0.022964187763862554
2011-11-29,0.00029638584277972288
2011-11-30,0.027225579501138519
2011-12-01,-0.0026095324212198011
2011-12-02,0.0029343295524040911
2011-12-05,0.0045127376246077607
2011-12-06,-0.0028627899568900938
2011-12-07,0.0029196950876751119
2011-12-08,-0.015067993356768427
2011-12-09,0.0063107987289496015
2011-12-12,-0.013125543447925454
2011-12-13,-0.0065403294878747078
2011-12-14,-0.0090506065859098268
2011-12-15,0.00019347622672632477
2011-12-16,0.0081810774458989533
2011-12-19,-0.005795487321983428
2011-12-20,0.016210480972002544
2011-12-21,-0.0011039011423419789
2011-12-22,0.0060148237512477895
2011-12-23,0.0020251694685022581
2011-12-27,-0.00054246257584610893
2011-12-28,-0.0079691246573267496
2011-12-29,0.0060888589416972609
2011-12-30,0.00052232614835250317
2012-01-03,0.012335626607942695
2012-01-04,-0.0019367844059884397
2012-01-05,0.00072967109110819725
2012-01-06,-0.0014673691003437464
2012-01-09,0.0013902918591182257
2012-01-10,0.0081624354236634784
2012-01-11,0.0031761475550335259
2012-01-12,0.00074066812370355271
2012-01-13,-0.0020408531064333661
2012-01-17,0.0064930501254910726
2012-01-18,0.0065913070930623437
2012-01-19,-0.00039561321995009151
2012-01-20,-0.00060800673247890502
2012-01-23,0.00016202557169931993
2012-01-24,-0.001209774654213963
2012-01-25,0.009178758865347662
2012-01-26,0.00026358268094916993
2012-01-27,0.0024410305534530944
2012-01-30,-0.0011729713982430836
2012-01-31,0.0041079804866892885
2012-02-01,0.0034651746395933662
2012-02-02,0.0028871296612159206
2012-02-03,0.0006750045137457754
2012-02-06,0.0021609344484268211
2012-02-07,0.00089511299202003089
2012-02-08,0.00069313499944655978
2012-02-09,-0.0018254617469730893
2012-02-10,-0.0037067297816221981
2012-02-13,0.006054753020329407
2012-02-14,-0.00017713218903997474
2012-02-15,-0.0013063862516853597
2012-02-16,0.0047190397975550745
2012-02-17,0.00097157495372918743
2012-02-21,0.00097060251414652363
2012-02-22,0.0039468691621230125
2012-02-23,0.002154095974904202
2012-02-24,0.0032217628926552618
2012-02-27,0.0011128360244665964
2012-02-28,0.0029728561664180363
2012-02-29,-0.012251127990407526
2012-03-01,0.0037462584300896385
2012-03-02,-0.00049816814715660808
2012-03-05,-0.0066054752728398562
2012-03-06,-0.010468671223218819
2012-03-07,0.0041555630667415352
2012-03-08,0.0059023587687860816
2012-03-09,0.0029019705014956322
2012-03-12,-0.0028436201294144651
2012-03-13,0.0042254582029183432
2012-03-14,-0.01178793192119817
2012-03-15,0.0050795401869024315
2012-03-16,0.0025155748378618229
2012-03-19,-0.001077049454738549
2012-03-20,-0.0047548311261331969
2012-03-21,0.0012431245952849836
2012-03-22,-0.0064584190696543135
2012-03-23,0.007341530461790491
2012-03-26,0.0094936412596362488
2012-03-27,-0.0020329276052002687
2012-03-28,-0.0068556864252420635
2012-03-29,0.00086192369024614692
2012-03-30,-0.00025020845931021348
2012-04-02,0.0074191447385271395
2012-04-03,-0.010219414404832806
2012-04-04,-0.0061250225735450022
2012-04-05,0.0026326866002507774
2012-04-09,-0.00037900606571695866
2012-04-10,-0.0061669003015026426
2012-04-11,0.0013339450984800885
2012-04-12,0.010451297976970596
2012-04-13,-0.0054407780851244321
2012-04-16,-0.0021573148939664556
2012-04-17,0.0083492798458005175
2012-04-18,-0.0021758802099450802
2012-04-19,-0.0028003092422875801
2012-04-20,0.0012724435098611653
2012-04-23,-0.0040052086633662999
2012-04-24,0.00093509197219679993
2012-04-25,0.0064041868013694492
2012-04-26,0.0072900386134120091
2012-04-27,0.0012953564468961899
2012-04-30,-0.00054422542957228721
2012-05-01,0.002767546240057961
2012-05-02,-0.0019331046256444941
2012-05-03,-0.0070416621483548655
2012-05-04,-0.0080759778735244436
2012-05-07,3.7394396803935848e-05
2012-05-08,-0.0050892385707458189
2012-05-09,-0.0054587880937910843
2012-05-10,0.001231088339438996
2012-05-11,-0.0023324450816860189
2012-05-14,-0.0070491042265769079
2012-05-15,-0.0053932307094787368
2012-05-16,-0.0030798996493537679
2012-05-17,-0.0001498169143003391
2012-05-18,-0.0032233621118461066
2012-05-21,0.01113477236256763
2012-05-22,-0.0058712696892644191
2012-05-23,0.0011717177069385464
2012-05-24,-0.00095656409513941709
2012-05-25,-6.0140748000037212e-05
2012-05-29,0.0069439225373953486
2012-05-30,-0.0033727340054174665
2012-05-31,0.0012807170315314198
2012-06-01,-0.0034962849002652795
2012-06-04,-0.0019787630470129323
2012-06-05,0.00063953297530951485
2012-06-06,0.010067774943270614
2012-06-07,-0.0012962597583848876
2012-06-08,0.0024969644699331219
2012-06-11,-0.0061443752047789513
2012-06-12,0.0068737988080895046
2012-06-13,-0.0010955773937506689
2012-06-14,0.0068036939871337857
2012-06-15,0.0093088123135221731
2012-06-18,0.001511771299697995
2012-06-19,0.0029301402691086554
2012-06-20,-0.0012701140435634529
2012-06-21,-0.019201375734752058
2012-06-22,0.0013432555320768925
2012-06-25,-0.0057647705418025341
2012-06-26,0.0018558617567901448
2012-06-27,0.006924057623455205
2012-06-28,-0.0020664567888338536
2012-06-29,0.018271217476093133
2012-07-02,0.0037329988466675624
2012-07-03,0.0073958587923605825
2012-07-05,-0.004584314315962219
2012-07-06,-0.0064064996215350504
2012-07-09,0.0012101547148148373
2012-07-10,-0.0074952623649313828
2012-07-11,0.0030773364802670457
2012-07-12,-0.0025618361131324483
2012-07-13,0.011264168188244095
2012-07-16,0.00038216500939617368
2012-07-17,0.0026439774445761177
2012-07-18,0.0033011323147598861
2012-07-19,0.0019658590264141854
2012-07-20,-0.0015687802582029511
2012-07-23,-0.0068430828007285827
2012-07-24,-0.0030112700692347732
2012-07-25,0.0033908365268272567
2012-07-26,0.010477604232332844
2012-07-27,0.0079710573611468383
2012-07-30,0.0014662024555375018
2012-07-31,-0.0047426147155636032
2012-08-01,-0.00222520110909532
2012-08-02,-0.0051665548424681129
2012-08-03,0.010733139921336659
2012-08-06,0.002492012209405836
2012-08-07,0.00054438917892699621
2012-08-08,-0.00037230233463926283
2012-08-09,0.0017547954983076043
2012-08-10,0.0027437779411494832
2012-08-13,-0.0030090727542069315
2012-08-14,-0.0043618109651474002
2012-08-15,-0.0027386873335598638
2012-08-16,0.0035251606925175258
2012-08-17,0.0013742772928578061
2012-08-20,0.00066520714746187693
2012-08-21,0.00092937581651157935
2012-08-22,0.0063342347900132373
2012-08-23,-0.0029865912204252278
2012-08-24,0.0028630896532889144
2012-08-27,-1.0271028270687071e-07
2012-08-28,0.00032964211312059839
2012-08-29,-0.0029020118630602443
2012-08-30,-0.0038817258348098184
2012-08-31,0.010851897388436161
2012-09-04,-0.001710885765907988
2012-09-05,-0.0025660091262079852
2012-09-06,0.0088058343271544826
2012-09-07,0.0076714533202277228
2012-09-10,-0.0044075140169965608
2012-09-11,0.0023566211805444714
2012-09-12,-0.00071206000268587142
2012-09-13,0.012464120978732351
2012-09-14,-0.0019484890641192243
2012-09-17,-0.0014228447967439884
2012-09-18,0.0014247762554964846
2012-09-19,0.00090961000590238366
2012-09-20,9.5508695163448731e-05
2012-09-21,0.00090236702592554345
2012-09-24,-4.7754564055857364e-05
2012-09-25,-0.0046084359846575561
2012-09-26,-0.0018189569153584609
2012-09-27,0.0071725784949146221
2012-09-28,-0.0031794011728271511
2012-10-01,0.0038285339973194391
2012-10-02,0.00022868553039271384
2012-10-03,8.2922507891547426e-05
2012-10-04,0.0028290006460845009
2012-10-05,-0.0042970613287003634
2012-10-08,-0.00047816957868859213
2012-10-09,-0.0059389770374119856
2012-10-10,-0.0033964106203062451
2012-10-11,0.0040472000154548327
2012-10-12,-0.0026500141025117777
2012-10-15,0.0023497627376645068
2012-10-16,0.0041767214528771078
2012-10-17,0.0016465180539068651
2012-10-18,-0.0035311994290813443
2012-10-19,-0.0080058115289263713
2012-10-22,-0.00053536847492893769
2012-10-23,-0.008279316354004862
2012-10-24,-0.0047831301168303197
2012-10-25,0.0029789902569817622
2012-10-26,0.0027287497006274249
2012-10-31,0.0021080969740574608
2012-11-01,0.0035171029120591507
2012-11-02,-0.0090479624885914812
2012-11-05,0.004052361776795999
2012-11-06,0.0059880589328056627
2012-11-07,-0.0086070513397319311
2012-11-08,-0.0028100319501704225
2012-11-09,0.00064079154295395018
2012-11-12,0.00097173245309234435
2012-11-13,-0.0021852747133688957
2012-11-14,-0.0078820267509164942
2012-11-15,-0.0016321555279741997
2012-11-16,0.0022589842354897253
2012-11-19,0.012554371586045478
2012-11-20,-0.0033547867368334092
2012-11-21,0.0011048811439273052
2012-11-23,0.010095928225435081
2012-11-26,-0.00079807165505376137
2012-11-27,-0.0033705037609312264
2012-11-28,0.002408625807910781
2012-11-29,0.0034218941816461343
2012-11-30,-0.0017411171861209608
2012-12-03,-0.002263312634034753
2012-12-04,-0.00074609676790419739
2012-12-05,0.0020846684165845069
2012-12-06,0.0033232442557686094
2012-12-07,0.00041330481315353103
2012-12-10,0.0023038997244574366
2012-12-11,0.0017863315353833346
2012-12-12,-0.0019365213407328496
2012-12-13,-0.0049025228325348946
2012-12-14,0.00023145495417797868
2012-12-17,0.0024087129164046157
2012-12-18,0.0022879158405224144
2012-12-19,-0.0032319972282031208
2012-12-20,0.001795471757263173
2012-12-21,-0.0024957047272441968
2012-12-24,-0.0023824410419981852
2012-12-26,-0.00078358413029430154
2012-12-27,0.0010379987243261946
2012-12-28,-0.0048501138170404532
2012-12-31,0.0076275206171701748
2013-01-02,0.01214839146936258
2013-01-03,-0.0068372007134021254
2013-01-04,0.0033346338492755093
2013-01-07,-0.0034597431081212267
2013-01-08,0.00033481565234807489
2013-01-09,0.0009857590607816769
2013-01-10,0.0056631398067038263
2013-01-11,0.00067131824898837838
2013-01-14,-7.2556180356425745e-05
2013-01-15,0.0023926747375500714
2013-01-16,0.00090530315297154839
2013-01-17,0.0019319593161407583
2013-01-18,0.0037976160416964781
2013-01-22,0.0039671368259581738
2013-01-23,-0.0010299708264872975
2013-01-24,-0.0024823467536892966
2013-01-25,-0.0012860380134697034
2013-01-28,-0.0025969998152651219
2013-01-29,0.003578654918050944
2013-01-30,-0.0018495455405035
2013-01-31,-0.00081244581469291346
2013-02-01,0.0026880446677046699
2013-02-04,-0.0030563193326759385
2013-02-05,0.0027603623814303983
2013-02-06,0.0026878428839888779
2013-02-07,-0.0027372122828949411
2013-02-08,0.0046124308220264918
2013-02-11,-0.0025492834263421082
2013-02-12,0.00076043065084526189
2013-02-13,-0.0016228286332822693
2013-02-14,0.0027938622565659931
2013-02-15,-0.0051627049771474642
2013-02-19,0.0027036753519614327
2013-02-20,-0.010963524593845458
2013-02-21,-0.0018690047384100519
2013-02-22,0.0059146222315386021
2013-02-25,-0.0053104161003966104
2013-02-26,0.0046694720152059945
2013-02-27,0.0053379044245645381
2013-02-28,-0.0025146728265263594
2013-03-01,0.0024916911721217182
2013-03-04,-0.00049746008634239951
2013-03-05,0.0047998415186977289
2013-03-06,-0.00028819551012528857
2013-03-07,-0.00094270684749409549
2013-03-08,0.00046864568684760197
2013-03-11,0.0015398439307009347
2013-03-12,0.0010602810645690794
2013-03-13,-0.0013819400044420783
2013-03-14,0.0031789738004273987
2013-03-15,-2.6951085398141568e-05
2013-03-18,-0.00088921425465031693
2013-03-19,-0.00037145640768159209
2013-03-20,0.00045812718741721241
2013-03-21,-0.0016837482376090506
2013-03-22,0.0039093501099873029
2013-03-25,-0.002680414426220096
2013-03-26,0.005486600215479448
2013-03-27,0.0034548604251051778
2013-03-28,-0.00099525284122418674
2013-04-01,-0.00076341634309169432
2013-04-02,-0.0017333792874924647
2013-04-03,-0.0065301891073949623
2013-04-04,0.0037528569774131111
2013-04-05,0.0057455752150098677
2013-04-08,0.00099650636744612634
2013-04-09,0.003762215960649273
2013-04-10,0.00041761981102652701
2013-04-11,0.0026139485987128896
2013-04-12,-0.007398936445147242
2013-04-15,-0.026779776065097946
2013-04-16,0.0088394777589201733
2013-04-17,-0.007879806600930607
2013-04-18,0.00057407750239201155
2013-04-19,0.0055173634775591666
2013-04-22,0.0062020207487506803
2013-04-23,0.003772192759062288
2013-04-24,0.0044518162076028099
2013-04-25,0.005052853139498408
2013-04-26,-0.00035505599216463816
2013-04-29,0.0052996023408445059
2013-04-30,0.0034187877095699262
2013-05-01,-0.0053271021928483989
2013-05-02,0.0063584507240564249
2013-05-03,0.00098202634336884117
2013-05-06,0.0012768715100784978
2013-05-07,0.00067180856116309535
2013-05-08,0.0053742212754793297
2013-05-09,-0.0043179393721719311
2013-05-10,-0.0039688372655319933
2013-05-13,-0.0037852497025759103
2013-05-14,0.0026300592771857203
2013-05-15,0.00010651575200827376
2013-05-16,-0.00071916552487005813
2013-05-17,-0.0005594599419436071
2013-05-20,0.0059778304234981922
2013-05-21,-0.00035534773445947127
2013-05-22,-0.010000782700554978
2013-05-23,0.0023667256076582593
2013-05-24,-0.0023946169763906233
2013-05-28,-0.0026462799198385669
2013-05-29,0.00023019775857250312
2013-05-30,0.002718811091797585
2013-05-31,-0.013519699606826441
2013-06-03,0.0088775941110820766
2013-06-04,-0.0076451024473164764
2013-06-05,-0.0047847167469698207
2013-06-06,0.0061787218730644366
2013-06-07,-0.002208364724737971
2013-06-10,-0.0020847043510199281
2013-06-11,-0.0053343438409323377
2013-06-12,-0.0070603720981820724
2013-06-13,0.0132289053138431
2013-06-14,-0.0048710459577613998
2013-06-17,0.0033895139237274498
2013-06-18,0.0024514056007346411
2013-06-19,-0.013864128503394191
2013-06-20,-0.029445975459337959
2013-06-21,0.00041293034843865048
2013-06-24,-0.0088756160653887597
2013-06-25,0.0044746307481256294
2013-06-26,0.0014694825434388885
2013-06-27,0.0041334914028862031
2013-06-28,0.0043268283975410153
2013-07-01,0.0064182422152850192
2013-07-02,-0.0034386760611430259
2013-07-03,-0.00069800498950735605
2013-07-05,-0.0068962457653724933
2013-07-08,0.0072931979958132057
2013-07-09,0.0068578802973172205
2013-07-10,-0.0029651015538754047
2013-07-11,0.018169566744053935
2013-07-12,-0.00067691431236474575
2013-07-15,0.003853585179797581
2013-07-16,9.0832332018452662e-06
2013-07-17,0.00095519293870114947
2013-07-18,-0.00020722342276018881
2013-07-19,0.007108269754691832
2013-07-22,0.0062887037946230406
2013-07-23,0.00036350404420815727
2013-07-24,-0.0093480679724322561
2013-07-25,0.0035252616778591209
2013-07-26,0.0016120833531533816
2013-07-29,-0.0055044089851752683
2013-07-30,-0.00092495293739143221
2013-07-31,0.00074837355579234204
2013-08-01,0.0016698167153111844
2013-08-02,0.0026689028288138131
2013-08-05,-0.0041620935248752548
2013-08-06,-0.0054849274167579733
2013-08-07,-0.00064379499073806705
2013-08-08,0.007885200081137779
2013-08-09,-0.00085536293570510631
2013-08-12,0.0010264022151724561
2013-08-13,-0.0032596079099305227
2013-08-14,-0.00032738818240931608
2013-08-15,-0.0075383966861255324
2013-08-16,-0.0024384238224955277
2013-08-19,-0.0088495024799670752
2013-08-20,0.0048251979705590592
2013-08-21,-0.0085155244808471919
2013-08-22,0.010142702105486668
2013-08-23,0.0083159323541972651
2013-08-26,-0.00088828789882580152
2013-08-27,-0.0047722363267536979
2013-08-28,0.0012291529404558524
2013-08-29,0.0014666009655990133
2013-08-30,-0.0021981169688046979
2013-09-03,0.0016550413993592196
2013-09-04,0.0031354804218938666
2013-09-05,-0.0041994719541468611
2013-09-06,0.0051089696307678126
2013-09-09,0.0074319236385644357
2013-09-10,-0.00042647559134886793
2013-09-11,0.0042677489517552241
2013-09-12,-0.0077432395262211464
2013-09-13,0.0026697136888952366
2013-09-16,0.00013505543840470211
2013-09-17,0.0041469613325652247
2013-09-18,0.01964846474547597
2013-09-19,-0.0032198488942674908
2013-09-20,-0.0088356657173134026
2013-09-23,-0.00062818099759742176
2013-09-24,0.0011276388601682229
2013-09-25,-0.00010192133028952288
2013-09-26,-0.00078942024020477977
2013-09-27,-0.0013626936158730677
2013-09-30,-0.0053316394493041486
2013-10-01,0.00083338977177930835
2013-10-02,0.0035864534833964568
2013-10-03,-0.005203930295373577
2013-10-04,0.0043870929395541164
2013-10-07,-0.0028038494252239253
2013-10-08,-0.0068999906093565704
2013-10-09,-0.0028335180945480818
2013-10-10,0.011047543424242563
2013-10-11,0.002015163563643247
2013-10-14,0.0011241242091975189
2013-10-15,-0.0033102453305032644
2013-10-16,0.010787980542368571
2013-10-17,0.010488924951080936
2013-10-18,0.0037546673851166896
2013-10-21,-0.001227454333520839
2013-10-22,0.0094185594913028352
2013-10-23,-0.0055954267138297546
2013-10-24,0.0020376173076582849
2013-10-25,0.0044747210289493135
2013-10-28,0.00056301520774686988
2013-10-29,0.002579657137936986
2013-10-30,-0.004919275083523039
2013-10-31,-0.0041239665923390066
2013-11-01,-0.0029896204681311542
2013-11-04,0.0033324896735664358
2013-11-05,-0.0074684096219306221
2013-11-06,0.0035315631798610416
2013-11-07,-0.0075222571852008825
2013-11-08,-0.0015841303563033811
2013-11-11,-0.0016951935274984063
2013-11-12,-0.0028268445190656136
2013-11-13,0.005662530141235223
2013-11-14,0.0074875742611049895
2013-11-15,0.0047590192736330804
2013-11-18,-0.0014739826925635247
2013-11-19,-0.0031443313523408568
2013-11-20,-0.010569132867930004
2013-11-21,0.0042750909535781371
2013-11-22,0.0055608962674038821
2013-11-25,-0.0011915970847400927
2013-11-26,0.00033484269824626833
2013-11-27,6.5015106578941825e-05
2013-11-29,0.0021819592077381936
2013-12-02,-0.0088928032775014709
2013-12-03,-0.00041897873317208183
2013-12-04,-0.00033162662277483898
2013-12-05,-0.0054567827725697897
2013-12-06,0.0085151187955092803
2013-12-09,0.0033621953881578627
2013-12-10,0.0027382281034763149
2013-12-11,-0.011226815659104206
2013-12-12,-0.0056164242624299207
2013-12-13,0.0024711723618566325
2013-12-16,0.003490522196443619
2013-12-17,-0.0029014154737871116
2013-12-18,0.0077571748650953065
2013-12-19,-0.005815901151672298
2013-12-20,0.007666090764994294
2013-12-23,0.0010887049894455936
2013-12-24,0.00070432210628469953
2013-12-26,0.001754316365987124
2013-12-27,0.0017949514580546889
2013-12-30,-0.00083988705742645822
2013-12-31,0.0029980727870491108
2014-01-02,-0.0059192766051503259
2014-01-03,0.0010334456566459479
2014-01-06,-0.00065225833564480661
2014-01-07,0.0034227734925760759
2014-01-08,-0.0024985335247794177
2014-01-09,0.0013177498420497312
2014-01-10,0.0081982662486556942
2014-01-13,-0.0063117118957430997
2014-01-14,0.0041987979312060782
2014-01-15,0.0012903884360418948
2014-01-16,0.00091262858980339912
2014-01-17,0.00012029178926660218
2014-01-21,0.00051478714835743739
2014-01-22,0.00080118751460362954
2014-01-23,-6.3133209488964309e-05
2014-01-24,-0.011015873890751871
2014-01-27,-0.0060915056085576015
2014-01-28,0.0043699175510965756
2014-01-29,-0.0018907513695819449
2014-01-30,0.0014619997176988308
2014-01-31,-0.0014021990953058229
2014-02-03,-0.0090343527519283207
2014-02-04,0.0027876460249988749
2014-02-05,-0.0037899118918498786
2014-02-06,0.0077235489686403643
2014-02-07,0.0079732824565694853
2014-02-10,0.00075977346501089355
2014-02-11,0.008157971276182131
2014-02-12,-0.0012198770662233906
2014-02-13,0.0053347527179044563
2014-02-14,0.006864838177600207
2014-02-18,0.00085634176245849005
2014-02-19,-0.0055922571765795511
2014-02-20,0.0043469755165806145
2014-02-21,0.00073681241230725821
2014-02-24,0.0047482289503509804
2014-02-25,0.0011495776957424094
2014-02-26,-0.00047808410847762785
2014-02-27,0.0055712605714720361
2014-02-28,0.00029663372709492488
2014-03-03,-0.00041792961519477906
2014-03-04,0.0028009133119197621
2014-03-05,0.0002875302408353653
2014-03-06,0.0020845554918817013
2014-03-07,-0.0037271412819266212
2014-03-10,-0.00033563307574469025
2014-03-11,-0.0027243752694420253
2014-03-12,0.0042592410943884992
2014-03-13,-0.0034083946575942498
2014-03-14,0.00057522870111309499
2014-03-17,0.0018623417146307669
2014-03-18,0.0048281413114960921
2014-03-19,-0.0098645452319961087
2014-03-20,0.0024551834913214225
2014-03-21,0.0027654631166753375
2014-03-24,-0.0017811788450627585
2014-03-25,0.0032724560454814146
2014-03-26,-0.0023482393274421257
2014-03-27,0.0015491995319701526
2014-03-28,0.0025691633426505106
2014-03-31,0.0021791015263700644
2014-04-01,0.0020145417350195039
2014-04-02,0.0015824813616336644
2014-04-03,0.00034315906199780538
2014-04-04,-0.0016912101443249509
2014-04-07,-0.0049493355681457137
2014-04-08,0.0058228165727765681
2014-04-09,0.0045602798640749518
2014-04-10,-0.0077169140314689248
2014-04-11,-0.001954079731551817
2014-04-14,0.0047366925888055415
2014-04-15,0.0013769651631697251
2014-04-16,0.0070304517354849777
2014-04-17,-0.0013000157655513878
2014-04-21,0.00063740800092525478
2014-04-22,0.001679590486484606
2014-04-23,0.00027149734403880124
2014-04-24,0.0023823201588476835
2014-04-25,-0.0038225732997274613
2014-04-28,5.8274210379322339e-05
2014-04-29,0.002910690476905009
2014-04-30,0.0011853385786650295
2014-05-01,0.0021143139784404689
2014-05-02,0.0032518237941710493
2014-05-05,0.00056572818126202074
2014-05-06,-0.0021549015605691058
2014-05-07,0.00071054623502694349
2014-05-08,-0.0031657854246795402
2014-05-09,-0.00055807865735353341
2014-05-12,0.0062849215995896277
2014-05-13,0.0028654991772241955
2014-05-14,0.0030168292280666974
2014-05-15,-0.0048354250465911354
2014-05-16,0.0014252957404955193
2014-05-19,2.5186712830527419e-05
2014-05-20,-0.0029383927402413137
2014-05-21,0.0033374915276710606
2014-05-22,0.0015579416168751805
2014-05-23,0.0023627510218663158
2014-05-27,0.0001364756460033199
2014-05-28,0.002748872977337613
2014-05-29,0.0015540666584617784
2014-05-30,-0.0015384278612217527
2014-06-02,-0.0021313538354840512
2014-06-03,-0.0019864963271366384
2014-06-04,-0.0001817704503331185
2014-06-05,0.0054786186151136833
2014-06-06,0.0036707498515966166
2014-06-09,0.00062275994117679261
2014-06-10,0.00040218670533751508
2014-06-11,-0.00087483739782309169
2014-06-12,0.00076323456335520841
2014-06-13,0.0024767665091553538
2014-06-16,0.00043589111543118077
2014-06-17,-0.0010861662764235669
2014-06-18,0.0072051047464490644
2014-06-19,0.0026097223180128522
2014-06-20,0.0029732064941196236
2014-06-23,-0.00034013568228236096
2014-06-24,-0.0018700849043446601
2014-06-25,0.0034310461133785553
2014-06-26,0.0008288170201817157
2014-06-27,0.00055124587525897111
2014-06-30,0.0018511549852269107
2014-07-01,0.0011943285423287381
2014-07-02,-0.0018197684053744114
2014-07-03,0.0014048529218274432
2014-07-07,-0.00056314539649019455
2014-07-08,-0.00032380723039673355
2014-07-09,0.0041348704108007724
2014-07-10,-0.0021971269839042851
2014-07-11,0.0015448844426934169
2014-07-14,-0.00099019654762400565
2014-07-15,-0.0031782491937725481
2014-07-16,0.0051064495236944896
2014-07-17,-0.0023389206644787493
2014-07-18,0.0040071903971886759
2014-07-21,0.0012367213124872766
2014-07-22,0.0031937073715008865
2014-07-23,0.0011499047589222323
2014-07-24,-0.0028263960325456694
2014-07-25,0.001680452863836634
2014-07-28,1.7623483198758705e-05
2014-07-29,-0.0021136966946737057
2014-07-30,-0.0049387976621733777
2014-07-31,-0.014278900091787988
2014-08-01,0.0016568951644355789
2014-08-04,0.0043735298758051881
2014-08-05,-0.006928492622409404
2014-08-06,0.0020658573635245702
2014-08-07,-0.0002433231627101297
2014-08-08,0.0066730725222416305
2014-08-11,0.0021558532463321128
2014-08-12,-0.0027669658428950586
2014-08-13,0.0054566182924636998
2014-08-14,0.0036176707222048245
2014-08-15,0.0021325313587412464
2014-08-18,0.0014812166479228842
2014-08-19,0.0022120680770147064
2014-08-20,0.00012280607389155167
2014-08-21,0.00060941237978284269
2014-08-22,0.0002169480420100234
2014-08-25,0.0040422084748594047
2014-08-26,0.0013080694439563556
2014-08-27,0.0022380939776343142
2014-08-28,0.00095020580277176418
2014-08-29,0.0015430189144991892
2014-09-02,-0.0086098171882798523
2014-09-03,0.0033673582879689577
2014-09-04,-0.006060475576056502
2014-09-05,0.0035718035390758292
2014-09-08,-0.0052937401176309361
2014-09-09,-0.0042285557516761165
2014-09-10,-0.0014956033128318337
2014-09-11,-0.0019619579762522599
2014-09-12,-0.0088801267189949021
2014-09-15,0.00060593433619106081
2014-09-16,0.0047609638685671973
2014-09-17,-0.0032047886233448394
2014-09-18,0.0028566554217501539
2014-09-19,0.0011064595966709888
2014-09-22,-0.0060812006091942872
2014-09-23,-0.00063310385403048141
2014-09-24,0.002564090182772294
2014-09-25,-0.0067634591949705565
2014-09-26,0.0041289645710681777
2014-09-29,-0.0010175300744528163
2014-09-30,-0.0047680965368311571
2014-10-01,-0.0039368828781979007
2014-10-02,-0.0021325140422194023
2014-10-03,0.0034300682526200673
2014-10-06,0.0029605529354905565
2014-10-07,-0.0045605029985184009
2014-10-08,0.010961208599440464
2014-10-09,-0.014045747919789398
2014-10-10,-0.0057253349217662019
2014-10-13,-0.0059402772726390171
2014-10-14,0.001669425041915795
2014-10-15,-0.00072673368618286793
2014-10-16,-0.00076757527106509089
2014-10-17,0.0050098131142719722
2014-10-20,0.0069788760060999324
2014-10-21,0.0096650481696387517
2014-10-22,-0.005979019485695387
2014-10-23,0.0032394196152073624
2014-10-24,0.0034766018969178249
2014-10-27,-0.003340987816783764
2014-10-28,0.0073699150793179301
2014-10-29,-0.0017141138911291323
2014-10-30,0.0017790428669820283
2014-10-31,0.0030912580137183012
2014-11-03,-0.0028697902345087515
2014-11-04,-0.0024782552729763927
2014-11-05,-0.00020546782576607572
2014-11-06,0.00013838866586384771
2014-11-07,0.009204239561404837
2014-11-10,-0.0050030596262534473
2014-11-11,0.0029083593236267852
2014-11-12,-0.0024405853157996762
2014-11-13,-0.00032677355897864368
2014-11-14,0.0069251810172025977
2014-11-17,-0.0025071497845460091
2014-11-18,0.0049350449567894363
2014-11-19,-0.003542296020325414
2014-11-20,0.0046457081342931141
2014-11-21,0.0088302298799352152
2014-11-24,-0.0006264622753123396
2014-11-25,-0.00012765411237940509
2014-11-26,0.0014240424850805902
2014-11-28,-0.011276966270568945
2014-12-01,0.00038219675943109701
2014-12-02,-0.00063344368969028256
2014-12-03,0.0055644478671806668
2014-12-04,0.00037225273961337131
2014-12-05,-0.0040684719121323884
2014-12-08,-0.003363710141994037
2014-12-09,0.0042831595497281327
2014-12-10,-0.0094388783821004862
2014-12-11,0.001806371918188443
2014-12-12,-0.0069291201560282515
2014-12-15,-0.0094467712777436385
2014-12-16,0.0013477766738740234
2014-12-17,0.011148430308205667
2014-12-18,0.00988496158777738
2014-12-19,0.0084640759709461114
2014-12-22,-0.00035118276280927084
2014-12-23,-0.003863634403729976
2014-12-24,0.00093897194728200786
2014-12-26,0.0057253666123896381
2014-12-29,0.00064395268558060123
2014-12-30,-4.0719346737572507e-05
2014-12-31,-0.0062772108019979456
2015-01-02,0.0023696819138222078
2015-01-05,-0.0069516131176345589
2015-01-06,0.00055719445436769267
2015-01-07,0.0059825936726816478
2015-01-08,0.0071045661740496598
2015-01-09,0.0001181091321486582
2015-01-12,-0.003735812544599005
2015-01-13,-0.0015540358657276541
2015-01-14,-0.001006829003393989
2015-01-15,0.0030028571081901485
2015-01-16,0.0081135458059111831
2015-01-20,0.0061997055416537989
2015-01-21,0.003403550297422198
2015-01-22,0.0086352517828920949
2015-01-23,-0.0013785366397142621
2015-01-26,0.00016304975187951255
2015-01-27,-0.0037696808888347923
2015-01-28,-0.007246682801587718
2015-01-29,-0.00084590869043891755
2015-01-30,0.00087195249897665736
2015-02-02,0.007609779942092304
2015-02-03,0.0034381144554488435
2015-02-04,-0.0025835240279902141
2015-02-05,0.0035845853620565032
2015-02-06,-0.01108935671188585
2015-02-09,-0.0015714630661824102
2015-02-10,0.0010899783673303908
2015-02-11,-0.0025102335087295261
2015-02-12,0.0068103321979192952
2015-02-13,0.0031576218297549811
2015-02-17,-0.0055560604293456049
2015-02-18,0.00073437795402793156
2015-02-19,-0.0033410177691242104
2015-02-20,0.0024658343939380324
2015-02-23,0.0015851379922672713
2015-02-24,0.0059119563497462896
2015-02-25,0.0016634478886366931
2015-02-26,-0.0052403379198929512
2015-02-27,0.00034132406153081213
2015-03-02,-0.0035943546107546904
2015-03-03,-0.0032127252822986949
2015-03-04,-0.0033045144930487326
2015-03-05,-0.00076974437423980575
2015-03-06,-0.018565118071838461
2015-03-09,0.0030147600925814581
2015-03-10,-0.0075512297394965122
2015-03-11,0.0010335755516335532
2015-03-12,0.0048543999603412056
2015-03-13,-0.0045893395485324734
2015-03-16,0.010210884075120713
2015-03-17,0.00084760064041783931
2015-03-18,0.017928862033573759
2015-03-19,-0.0064843927169118696
2015-03-20,0.0095244348412252822
2015-03-23,-0.00018426059374939698
2015-03-24,0.00026963582640595604
2015-03-25,-0.0080488951902165443
2015-03-26,-0.004917361902100164
2015-03-27,0.0029411313005663691
2015-03-30,0.0060048073708968263
2015-03-31,-0.003890763942572051
2015-04-01,0.0056497941468863552
2015-04-02,8.2419864961258676e-05
2015-04-06,0.0062184597291661649
2015-04-07,-0.00014762271374306755
2015-04-08,0.0018853334141235637
2015-04-09,8.3371590157116805e-05
2015-04-10,0.0047591403650715132
2015-04-13,-0.0041168889070079817
2015-04-14,0.0038733712127452858
2015-04-15,0.0059722196517906665
2015-04-16,-0.0013193101003024675
2015-04-17,-0.0034678311777453846
2015-04-20,0.00059163099986161462
2015-04-21,-0.0012178156763500646
2015-04-22,-0.0021302183902613117
2015-04-23,0.0045984862635347953
2015-04-24,0.00017744892576583289
2015-04-27,0.0016401099770136484
2015-04-28,-0.0002160382669444958
2015-04-29,-0.0062369488181172545
2015-04-30,-0.0080490629749805261
2015-05-01,0.0012918214708482643
2015-05-04,0.00045909160108272305
2015-05-05,-0.0068232194354985393
2015-05-06,-0.0076322272272834717
2015-05-07,0.0024984968152449993
2015-05-08,0.0095857357191792888
2015-05-11,-0.011409162037694638
2015-05-12,0.00086467085143758786
2015-05-13,0.00068774699205718091
2015-05-14,0.0066079737829206515
2015-05-15,0.007063102508312713
2015-05-18,-0.0038973392778021082
2015-05-19,-0.0056892117908824208
2015-05-20,0.00050473385757299205
2015-05-21,0.0047472722419406909
2015-05-22,-0.0010000834913812483
2015-05-26,-0.0053906101797969895
2015-05-27,0.0041884975766269478
2015-05-28,-0.0025919646174718592
2015-05-29,-0.0029068992917969938
2015-06-01,-0.0026477725128996265
2015-06-02,-0.0021984767532780896
2015-06-03,-0.0052301726456320643
2015-06-04,-0.0040510633323076533
2015-06-05,-0.0042743798728244126
2015-06-08,-0.0028867667453459649
2015-06-09,-0.0023150492174319583
2015-06-10,0.0065709458753911093
2015-06-11,0.0049203416312192929
2015-06-12,-0.0042196560189816656
2015-06-15,-0.0020013660790802693
2015-06-16,0.0044145876836386225
2015-06-17,-0.00022570391210873224
2015-06-18,0.0057285448523085531
2015-06-19,-0.00061909743089032525
2015-06-22,-0.0023075907372446854
2015-06-23,-0.00089748472153174932
2015-06-24,-0.0024770765283987695
2015-06-25,-0.0036540479566368632
2015-06-26,-0.0033394262131130172
2015-06-29,-0.0052130944425932812
2015-06-30,0.00035801990141071148
2015-07-01,-0.0020420304871888559
2015-07-02,0.0010854842556625611
2015-07-06,-0.00020739889576122444
2015-07-07,0.0025352941690956424
2015-07-08,-0.0095654523631046873
2015-07-09,-0.0013981785753730269
2015-07-10,0.0043287266122743369
2015-07-13,0.004350443280849609
2015-07-14,0.0031155231631151414
2015-07-15,-0.0011615926753889727
2015-07-16,0.0057803190370197049
2015-07-17,-0.0012294123466415174
2015-07-20,-0.0068886795754015294
2015-07-21,-0.00062724761643846998
2015-07-22,-0.0022118709706763495
2015-07-23,-0.00086923830329843643
2015-07-24,-0.0054177382852397486
2015-07-27,-0.0050137522119576838
2015-07-28,0.00719738742167878
2015-07-29,0.0043797346801865032
2015-07-30,-0.00095997908248204866
2015-07-31,0.0010961468617594393
2015-08-03,-0.0036786944752390978
2015-08-04,-0.0024445132044167758
2015-08-05,-0.0018308879536925392
2015-08-06,0.00032781270231254614
2015-08-07,0.0010425390756012448
2015-08-10,0.0083500204137242524
2015-08-11,-0.00087982563257866836
2015-08-12,0.0014867583126001616
2015-08-13,-0.0042280146390666568
2015-08-14,0.0019541359325214226
2015-08-17,0.0028758144299240065
2015-08-18,-0.0046096452430484268
2015-08-19,-0.0026726960350175861
2015-08-20,-0.007046833503075267
2015-08-21,-0.016923263201337403
2015-08-24,-0.027468244097389752
2015-08-25,-0.010753399484812316
2015-08-26,0.015239211044779023
2015-08-27,0.019491915465970965
2015-08-28,0.0030939508288105764
2015-08-31,-0.0037748594697272482
2015-09-01,-0.017007576183855302
2015-09-02,0.0070098341986590106
2015-09-03,0.0011009228248792138
2015-09-04,-0.0088967319384715155
2015-09-08,0.011147014345793849
2015-09-09,-0.0084839930109135882
2015-09-10,0.0024548996103967158
2015-09-11,0.002581159261537513
2015-09-14,-0.0020256852925286343
2015-09-15,0.0018290035410688744
2015-09-16,0.0097853641764499739
2015-09-17,0.0033967971262613634
2015-09-18,-0.006066508706025076
2015-09-21,-0.0025483217974442752
2015-09-22,-0.0056600525980138377
2015-09-23,-0.0029509366175084098
2015-09-24,0.0034103001960061664
2015-09-25,-0.0032109148342840234
2015-09-28,-0.01378130273521877
2015-09-29,0.00065594736011945209
2015-09-30,0.010285981325292626
2015-10-01,0.0026731852913746083
2015-10-02,0.017461638524643455
2015-10-05,0.0086030964222875757
2015-10-06,0.0032570288047380717
2015-10-07,0.0061572031796219848
2015-10-08,0.0037329834589998612
2015-10-09,0.0029868637253851805
2015-10-12,0.00083162789120592106
2015-10-13,-0.0040227894728215863
2015-10-14,0.0045156555088322389
2015-10-15,0.0084599446481931073
2015-10-16,0.0010530016974487524
2015-10-19,-0.004115436517828708
2015-10-20,-0.00084582938871233249
2015-10-21,-0.0040130909055869357
2015-10-22,0.010992616491221258
2015-10-23,0.002344976568428709
2015-10-26,-0.0027691218305440418
2015-10-27,-0.0021529599173890305
2015-10-28,0.0034014170927958052
2015-10-29,-0.0060757925282236445
2015-10-30,0.00041272842005204421
2015-11-02,0.0069250730663792063
2015-11-03,0.00076415651111417853
2015-11-04,-0.0040413216917464141
2015-11-05,-0.0022070634172951017
2015-11-06,-0.0079696407258189553
2015-11-09,-0.0081893551393698097
2015-11-10,0.0011272602738496564
2015-11-11,-0.0045214370320586905
2015-11-12,-0.0075844160518931392
2015-11-13,-0.0052711550482759661
2015-11-16,0.011342406083923468
2015-11-17,-0.003247372002036153
2015-11-18,0.0097314973754790805
2015-11-19,0.002533674252224971
2015-11-20,-4.6934147389837526e-05
2015-11-23,-0.0011204029351448651
2015-11-24,0.0041669354055528188
2015-11-25,-0.0017632551595536672
2015-11-27,-0.0044685912712764779
2015-11-30,0.00084023959049211994
2015-12-01,0.0092798243570399678
2015-12-02,-0.01062177808506099
2015-12-03,-0.013366124841357048
2015-12-04,0.013382353657619717
2015-12-07,-0.0073993965349438478
2015-12-08,-0.0044549681145434677
2015-12-09,-0.0031748411725935621
2015-12-10,0.0011973004495750507
2015-12-11,-0.0095385806007203932
2015-12-14,-0.00098564136605487867
2015-12-15,0.0063734016431755917
2015-12-16,0.0084431596800685401
2015-12-17,-0.010304635895816289
2015-12-18,-0.0055275848486294075
2015-12-21,0.0057534111581995836
2015-12-22,0.0030133764457797472
2015-12-23,0.0083927649939168694
2015-12-24,0.00059324639007966016
2015-12-28,-0.003826606823353246
2015-12-29,0.00079894351233700852
2015-12-30,-0.0071314486118159394
2015-12-31,-0.0026776346330488871
2016-01-04,-0.0044406745191534645
2016-01-05,0.00069557369258784201
2016-01-06,-0.0052720372135695807
2016-01-07,-0.012553528529167813
2016-01-08,-0.0062934769418505621
2016-01-11,-0.0058488457126897372
2016-01-12,0.006514947537586635
2016-01-13,-0.010227425524841851
2016-01-14,0.0073954448292748833
2016-01-15,-0.009989294529041938
2016-01-19,-0.0010640463124444331
2016-01-20,-0.0053213175216135456
2016-01-21,0.0042137635992627763
2016-01-22,0.014397068017460941
2016-01-25,-0.0095165796164902519
2016-01-26,0.012526388770962682
2016-01-27,-0.004666847043610511
2016-01-28,0.0054593427291185943
2016-01-29,0.018606607184767442
2016-02-01,-0.001982078711074775
2016-02-02,-0.0090886001952032794
2016-02-03,0.0083275253535481444
2016-02-04,0.0043619837060531741
2016-02-05,-0.0084292857680032581
2016-02-08,0.00012727405211373426
2016-02-09,-0.0038345960353945276
2016-02-10,0.0030261780811595695
2016-02-11,0.00047911363881033555
2016-02-12,0.0075855498736470406
2016-02-16,0.0027708711284546274
2016-02-17,0.011171206609925073
2016-02-18,0.0032480142854553803
2016-02-19,-0.0015667984468481445
2016-02-22,0.0080241753113498918
2016-02-23,-0.0073383486448229136
2016-02-24,0.0026172495456449059
2016-02-25,0.0065539066649548238
2016-02-26,-0.0047525054482593582
2016-02-29,-0.00035537995442291891
2016-03-01,0.0100784842223263
2016-03-02,0.0077709357408721541
2016-03-03,0.0077143052631030717
2016-03-04,0.0024117054648674979
2016-03-07,0.0031816053830796393
2016-03-08,-0.008207417933562184
2016-03-09,0.0014560115541283117
2016-03-10,0.0019407508697637135
2016-03-11,0.0060258415603294041
2016-03-14,-0.0029233318338274476
2016-03-15,-0.0019228399013997977
2016-03-16,0.010134584534406577
2016-03-17,0.0065697742878607027
2016-03-18,0.0025030619706403524
2016-03-21,-0.0025425622432581067
2016-03-22,-0.00062017983280484592
2016-03-23,-0.007101117813391478
2016-03-24,-0.00019261213153198286
2016-03-28,0.00070849131943560026
2016-03-29,0.010946081043087395
2016-03-30,-0.0017479740465184354
2016-03-31,0.001358402797993419
2016-04-01,0.00083850430964662638
2016-04-04,-0.0040804762521556067
2016-04-05,-0.001943610266021723
2016-04-06,0.0050036417157192101
2016-04-07,-0.0021446084630788462
2016-04-08,0.0030193794659044261
2016-04-11,0.0016369628521345878
2016-04-12,0.0065411926333354079
2016-04-13,0.0055654088949251227
2016-04-14,-0.003529102705083392
2016-04-15,0.00081063466557832462
2016-04-18,0.003616532031697939
2016-04-19,0.0063485314255175337
2016-04-20,-0.0026924842731940678
2016-04-21,-0.0046548035009112872
2016-04-22,-0.0017143663784554837
2016-04-25,-0.0030444485090266424
2016-04-26,0.0027334323428739541
2016-04-27,0.0062539479968989342
2016-04-28,-0.0022820863030120655
2016-04-29,0.00080166206924743263
2016-05-02,-0.00020061203285137702
2016-05-03,-0.005859179863309966
2016-05-04,-0.0048376349748618713
2016-05-05,0.0022075904077869858
2016-05-06,0.0016823253386399396
2016-05-09,-0.0046994527704583402
2016-05-10,0.0090729045297228486
2016-05-11,-0.00085164674464478524
2016-05-12,-0.0022017065449508209
2016-05-13,-0.0034527621682985958
2016-05-16,0.0048036049737695602
2016-05-17,-0.002787091760690774
2016-05-18,-0.007991608122749589
2016-05-19,-0.0015088183968102464
2016-05-20,0.0041152101615743297
2016-05-23,-0.00085709910236709261
2016-05-24,0.0029985430281248616
2016-05-25,0.0041447553053680199
2016-05-26,0.0011500128630180296
2016-05-27,0.00014869768212231207
2016-05-31,0.00014046241701858307
2016-06-01,0.0016480811701006571
2016-06-02,0.0033513535480243603
2016-06-03,0.0076660139145262821
2016-06-06,0.0034997676002953559
2016-06-07,0.0042729523824415749
2016-06-08,0.0053585512323609304
2016-06-09,-1.2713508741424122e-05
2016-06-10,-0.0066663522066342518
2016-06-13,-0.0025612999086737421
2016-06-14,-0.0012045594995699239
2016-06-15,0.0023388307307998348
2016-06-16,-5.895715250298127e-06
2016-06-17,0.00016952411173179493
2016-06-20,0.0016477744474069191
2016-06-21,-0.0009515241946285942
2016-06-22,-0.00046883635255393628
2016-06-23,0.0054351105205053332
2016-06-24,-0.00959763237752468
2016-06-27,-0.0046035527913319335
2016-06-28,0.011857213566702374
2016-06-29,0.0099431997824634098
2016-06-30,0.0089276044561009561
2016-07-01,0.008100183394522632
2016-07-05,-0.0026535425580675016
2016-07-06,0.0038498326283921474
2016-07-07,-0.002117872066619314
2016-07-08,0.012193077076017592
2016-07-11,-0.0010477856322107289
2016-07-12,0.00019570468669450345
2016-07-13,0.0032378583629653289
2016-07-14,-0.00060528795225739916
2016-07-15,-0.0035443736496429457
2016-07-18,0.0020452209571767297
2016-07-19,-0.00038586536658654659
2016-07-20,-0.0014873244875808875
2016-07-21,-1.5460387347154912e-05
2016-07-22,0.0021439900107207812
2016-07-25,-0.0053025516886262671
2016-07-26,0.0025835424283810358
2016-07-27,0.0044597630404355484
2016-07-28,-0.00039101218003621536
2016-07-29,0.0058274483275354448
2016-08-01,-0.0062510464096697414
2016-08-02,-0.0037336774258551367
2016-08-03,0.0028656586900185524
2016-08-04,0.0029647872665985674
2016-08-05,6.4505648469654351e-05
2016-08-08,0.0021458591314480191
2016-08-09,0.0034615052689574649
2016-08-10,-0.0003799918188110431
2016-08-11,0.0013509471499488059
2016-08-12,0.0016251418259453309
2016-08-15,0.0011567962697509816
2016-08-16,-0.0022805264611760918
2016-08-17,0.0019531505575291043
2016-08-18,0.0049943033950989191
2016-08-19,-0.0046044756656356206
2016-08-22,-0.00061251859762448423
2016-08-23,0.0013497905835276327
2016-08-24,-0.0044311430744764738
2016-08-25,-0.0015456855788640535
2016-08-26,-0.0036300052092149591
2016-08-29,0.0070490397098193274
2016-08-30,-0.0037442017202758363
2016-08-31,-0.003769655848230258
2016-09-01,0.001381842453931148
2016-09-02,0.0040537634074031105
2016-09-06,0.009210418040358782
2016-09-07,-0.000471900080660581
2016-09-08,-0.0032344592492033037
2016-09-09,-0.021028282969212071
2016-09-12,0.0073496989519416644
2016-09-13,-0.014956644563333335
2016-09-14,-0.00014350216888945331
2016-09-15,0.0049130722862053122
2016-09-16,-0.0013847235069884556
2016-09-19,0.00030547383475447725
2016-09-20,0.00036453907101032803
2016-09-21,0.013822069516369008
2016-09-22,0.0056914714398360383
2016-09-23,-0.0049477465357503133
2016-09-26,-0.003673920010270954
2016-09-27,0.003984247776551042
2016-09-28,0.0061955519852738231
2016-09-29,-0.0050761572634089262
2016-09-30,0.0020655207485354328
2016-10-03,-0.0015452933245525327
2016-10-04,-0.012303827926245946
2016-10-05,0.0033499814381169448
2016-10-06,-0.0022715595099194849
2016-10-07,-0.0021297384483837116
2016-10-10,0.003794736041235358
2016-10-11,-0.0098299180812072839
2016-10-12,0.00039683154878723532
2016-10-13,-0.0014476191171161838
2016-10-14,-0.0045545485840373708
2016-10-17,1.3513815671573041e-05
2016-10-18,0.0064116226136761486
2016-10-19,0.0041664727869464065
2016-10-20,-0.0013466011972596893
2016-10-21,-3.1681593047229377e-06
2016-10-24,0.00040456976953693328
2016-10-25,9.9937465885158172e-05
2016-10-26,-0.0041622543483888436
2016-10-27,-0.0047447807464293112
2016-10-28,-0.0017078428905991428
2016-10-31,0.0014835236125520733
2016-11-01,-0.0027002448453669614
2016-11-02,-0.0025095391765089462
2016-11-03,-0.0028259981114027947
2016-11-04,0.00034587210102036124
2016-11-07,0.0097687495586594852
2016-11-08,0.00093554687595412997
2016-11-09,-0.0080919386320593093
2016-11-10,-0.0073433229903506142
2016-11-11,-0.0093724903705679156
2016-11-14,-0.0026115617059038311
2016-11-15,0.010494520672605213
2016-11-16,-0.00046889109864320367
2016-11-17,-0.0029220410716548182
2016-11-18,-0.0029850675949224135
2016-11-21,0.0075603395089950511
2016-11-22,0.0021091918502524122
2016-11-23,-0.0043848776258245681
2016-11-25,0.0010033959575620143
2016-11-28,0.00055699755285422122
2016-11-29,4.3337972267887005e-05
2016-11-30,-0.0017709225330066957
2016-12-01,-0.0053329381745579442
2016-12-02,0.0032481847632768401
2016-12-05,0.0030368629731928167
2016-12-06,0.0012818418824055659
2016-12-07,0.010388445760817887
2016-12-08,-0.0013358019733884002
2016-12-09,-0.0024750750028358693
2016-12-12,0.00038629445838389543
2016-12-13,0.0053041295016601157
2016-12-14,-0.013272040646965093
2016-12-15,0.0012489498165380868
2016-12-16,-0.00019735463055201567
2016-12-19,0.0031694568886594058
2016-12-20,-0.00068740933072038439
2016-12-21,-0.00018396139239779114
2016-12-22,-0.0022809735174894874
2016-12-23,0.0020643681174281284
2016-12-27,0.0017233984540604486
2016-12-28,-0.0013937491261594608
2016-12-29,0.0042121054539272281
2016-12-30,-0.00300868309401211
2017-01-03,0.0076353216095331189
2017-01-04,0.0044224388554734654
2017-01-05,0.0067653742095138084
2017-01-06,-0.0022935319438546213
2017-01-09,0.00038800689737650241
2017-01-10,0.00015049978509150126
2017-01-11,0.0047063021287984449
2017-01-12,-0.00099082023131036334
2017-01-13,-0.00025292596731573693
2017-01-17,0.0039258325031139799
2017-01-18,-0.0043597345350094739
2017-01-19,-0.0041778418396498599
2017-01-20,0.0019059430256475329
2017-01-23,0.0028480688387012339
2017-01-24,0.0018984655495009883
2017-01-25,0.00071402879492765171
2017-01-26,-0.0013128574429603413
2017-01-27,-0.00038108889996129057
2017-01-30,-0.0049644612903320959
2017-01-31,0.0040130449862894159
2017-02-01,-0.0025290548345117845
2017-02-02,0.0019866194812224402
2017-02-03,0.0045067204438503762
2017-02-06,0.0017421039345824952
2017-02-07,-0.00037045157149735448
2017-02-08,0.0057067842813472765
2017-02-09,-7.5537784234380484e-05
2017-02-10,0.0035105522861771264
2017-02-13,0.00087478566816061591
2017-02-14,0.00038953368178139009
2017-02-15,0.0020186325471207413
2017-02-16,0.00010535651772870504
2017-02-17,0.00063867324730121876
2017-02-21,0.003809881726552145
2017-02-22,-0.00094405702692519351
2017-02-23,0.0027753203624615416
2017-02-24,0.0021259456951965737
2017-02-27,-0.0010296997876971749
2017-02-28,-0.0012852937654445286
2017-03-01,0.0047525090978075175
2017-03-02,-0.0079935847945048592
2017-03-03,0.0013984018347304116
2017-03-06,-0.0031188682834588483
2017-03-07,-0.0039429677933808475
2017-03-08,-0.0065686667825704597
2017-03-09,-0.0023884377603087038
2017-03-10,0.0035811819923487814
2017-03-13,5.8989535903925146e-05
2017-03-14,-0.0028386882646626145
2017-03-15,0.01414874534724111
2017-03-16,-0.0015292209059771019
2017-03-17,0.000950714533155239
2017-03-20,0.0023242546200736292
2017-03-21,-0.0035482193588052937
2017-03-22,0.002643515797332774
2017-03-23,-0.0013611349323547515
2017-03-24,0.00070150735124400185
2017-03-27,0.00082967372446876011
2017-03-28,0.0023265534536982711
2017-03-29,0.0037800843537219688
2017-03-30,-0.0023814741037824771
2017-03-31,-0.00093542520859566389
2017-04-03,0.0030087069527367834
2017-04-04,1.9618871687493394e-05
2017-04-05,-0.0010403923151589558
2017-04-06,0.00082393621565254893
2017-04-07,-0.0016258622237025678
2017-04-10,0.0017448036315450442
2017-04-11,0.0038515771940357706
2017-04-12,0.00070550365103145814
2017-04-13,-0.0033728525065305436
2017-04-17,0.0035979718957396432
2017-04-18,0.00058796840943969842
2017-04-19,-0.0055123046534235722
2017-04-20,0.0042950869310286136
2017-04-21,-0.0013433167997674357
2017-04-24,0.0041621508724145276
2017-04-25,-0.0004721437711164957
2017-04-26,0.001155746830865112
2017-04-27,-0.0015237792939001404
2017-04-28,0.00037822901166648657
2017-05-01,-0.0021423372361903835
2017-05-02,0.0016229635840540213
2017-05-03,-0.0027979320784177978
2017-05-04,-0.0052285258002951812
2017-05-05,0.0044968396786532975
2017-05-08,-0.0010722656115460417
2017-05-09,-0.00084408109442277147
2017-05-10,0.0024025808238096469
2017-05-11,-0.00020824096620071243
2017-05-12,0.0017205842972532136
2017-05-15,0.0037290159235979338
2017-05-16,0.00081434512847011753
2017-05-17,-0.0034170720381212281
2017-05-18,-0.0010213890285818484
2017-05-19,0.0073025999200022063
2017-05-22,0.0018488993170823586
2017-05-23,-0.0014148290462855481
2017-05-24,0.0027918440966398506
2017-05-25,0.00049705624391368467
2017-05-26,0.0022000759927256696
2017-05-30,-0.0014736009590605394
2017-05-31,-7.2134828373371374e-05
2017-06-01,0.0048075749358913681
2017-06-02,0.0047484931279049188
2017-06-05,-0.0016346458598079706
2017-06-06,0.0030001084055988007
2017-06-07,-0.0027762890165849933
2017-06-08,-0.001135781304579031
2017-06-09,-0.00071497467066247136
2017-06-12,-0.00020765144115563188
2017-06-13,0.0033764890838265172
2017-06-14,0.0006957747406795829
2017-06-15,-0.0035813369841019346
2017-06-16,0.0024329080573591844
2017-06-19,0.0021910074943828684
2017-06-20,-0.0031555054732392398
2017-06-21,-0.00055134383286121764
2017-06-22,0.0013225325519683915
2017-06-23,0.0022093686441278849
2017-06-26,0.00060471975200630519
2017-06-27,-0.0066476029364728956
2017-06-28,0.0041845207720014772
2017-06-29,-0.0073954769777621783
2017-06-30,0.00069728818514468442
2017-07-03,-7.4457195780352754e-05
2017-07-05,-0.00067653167556941374
2017-07-06,-0.0081044904679350212
2017-07-07,-0.00039809609252259822
2017-07-10,0.0023197708930677739
2017-07-11,0.0016888488760984808
2017-07-12,0.0074776275758701828
2017-07-13,-0.00027858777398102029
2017-07-14,0.0052595052460894468
2017-07-17,0.00072546655924814445
2017-07-18,0.0032697851292444622
2017-07-19,0.0045196027222359604
2017-07-20,0.0006847125672144182
2017-07-21,0.00093944409077996167
2017-07-24,-0.00089521955533276593
2017-07-25,-0.0017624347222006623
2017-07-26,0.0025627621413025548
2017-07-27,-0.001244782251928417
2017-07-28,0.001973561048645977
2017-07-31,0.00049050772437025936
2017-08-01,0.0028040994510662113
2017-08-02,-0.00026037839965799004
2017-08-03,0.00023581521200248811
2017-08-04,-0.0018769938015493204
2017-08-07,0.00076928267269786327
2017-08-08,-0.0016523644238518934
2017-08-09,0.0023512113351651705
2017-08-10,-0.0058302255950637982
2017-08-11,0.0010022089602595874
2017-08-14,0.002345015443214
2017-08-15,-0.0025196840498284247
2017-08-16,0.0027957675580546071
2017-08-17,-0.006295743562058964
2017-08-18,0.00043734878300430988
2017-08-21,0.0013422091255597237
2017-08-22,0.00432482516107165
2017-08-23,0.0017373457956306848
2017-08-24,-0.0019417701941907119
2017-08-25,0.0034809706646503403
2017-08-28,0.0014416317087731889
2017-08-29,0.00063250722229328819
2017-08-30,0.0019489517075888419
2017-08-31,0.0055468634495729032
2017-09-01,0.00064427211413773972
2017-09-05,0.0020017275136267267
2017-09-06,0.001344184349233868
2017-09-07,0.0049921968535970194
2017-09-08,-0.0029224720524833273
2017-09-11,0.0014791769583983874
2017-09-12,0.00097930334245323043
2017-09-13,-0.0011942671343916022
2017-09-14,0.0023067220063738183
2017-09-15,0.0007197773992816016
2017-09-18,-0.001209722067337937
2017-09-19,0.00072661477068330937
2017-09-20,-0.00066100534079398536
2017-09-21,-0.002321491624607258
2017-09-22,0.0014190510378973788
2017-09-25,0.0020638854723492913
2017-09-26,-0.0021990117621022709
2017-09-27,-0.0035562395855543937
2017-09-28,4.1582798473427374e-05
2017-09-29,0.0023318263533597785
2017-10-02,0.00027157448343224108
2017-10-03,0.0026537105391452155
2017-10-04,0.00082166871648224876
2017-10-05,0.001821635055277149
2017-10-06,-0.0017986801662016995
2017-10-09,0.0014948273224439034
2017-10-10,0.0029266022327823606
2017-10-11,0.002279924198342098
2017-10-12,0.00018244273936152122
2017-10-13,0.0042723497717538804
2017-10-16,-0.00051910974898291553
2017-10-17,-0.0008806069256944713
2017-10-18,-0.0022868208482964949
2017-10-19,0.0002456437929078348
2017-10-20,-0.00098409566025968172
2017-10-23,-0.0021940718094914714
2017-10-24,-0.0012331043986626878
2017-10-25,-0.004064098715191861
2017-10-26,-0.0020464103504712009
2017-10-27,0.007264778409043238
2017-10-30,0.0010800462856874748
2017-10-31,0.0013968492334475615
2017-11-01,0.0038415330396328494
2017-11-02,0.0011943517512713051
2017-11-03,0.0010851398825547475
2017-11-06,0.0062432716150562896
2017-11-07,-0.00053827677358976871
2017-11-08,0.0006352195484063683
2017-11-09,-0.0018658066960637765
2017-11-10,-0.0060807122511121201
2017-11-13,0.00032847473790970094
2017-11-14,-0.0012193969589080257
2017-11-15,-0.0011245559306992726
2017-11-16,0.0028958028399481087
2017-11-17,0.0034669021964617518
2017-11-20,-0.0010333547858548675
2017-11-21,0.0052175588753243579
2017-11-22,0.0024897445502431895
2017-11-24,-7.1857244059864156e-05
2017-11-27,-0.0024130013615116684
2017-11-28,0.005887596841444959
2017-11-29,-0.0046856789259030421
2017-11-30,0.00191422542866751
2017-12-01,0.003425671093003868
2017-12-04,-0.00071774557281730758
2017-12-05,-0.0017554015215556164
2017-12-06,-0.0020196758313498933
2017-12-07,-0.002091383678878061
2017-12-08,0.0042730801023831595
2017-12-11,0.0013195619656529824
2017-12-12,-0.00015884081086374186
2017-12-13,0.0041849837460391391
2017-12-14,-0.0019685579573771486
2017-12-15,0.0047116438559501091
2017-12-18,0.0028471516704215109
2017-12-19,-0.0050507664316977114
2017-12-20,-0.0010328948304029915
2017-12-21,0.0052664525300703206
2017-12-22,0.0020765789845034965
2017-12-26,0.0020817615556795511
2017-12-27,0.0039453414789106245
2017-12-28,0.0022059332853820056
2017-12-29,4.2676963288201819e-05
2018-01-02,0.0055183895447258663
2018-01-03,0.00578558307870531
2018-01-04,0.0035142199103171626
2018-01-05,0.0026184082815053082
2018-01-08,0.0011488329266488573
2018-01-09,-0.0035468902883134699
2018-01-10,-0.001305454732740119
2018-01-11,0.007105423285876023
2018-01-12,0.0067708323875522065
2018-01-16,-0.0017248442557827764
2018-01-17,0.004452276083504853
2018-01-18,-0.0040244374188428021
2018-01-19,0.0018623681687575057
2018-01-22,0.0065041836736496111
2018-01-23,0.002990139961090221
2018-01-24,0.00089161533207709467
2018-01-25,0.00037672583218041329
2018-01-26,0.0057481828962186341
2018-01-29,-0.0082611584203233605
2018-01-30,-0.0095993270178141871
2018-01-31,0.0036160808803847311
2018-02-01,-0.0039071236521507069
2018-02-02,-0.019736825366668393
2018-02-05,-0.021688741100010924
2018-02-06,0.0087989443449521983
2018-02-07,-0.010074859219887995
2018-02-08,-0.021536987619810474
2018-02-09,0.0056997638859697056
2018-02-12,0.010904757011632639
2018-02-13,0.0033131953030672732
2018-02-14,0.0091401851118718246
2018-02-15,0.0079343650746671601
2018-02-16,0.00041084210823661988
2018-02-20,-0.0075316743780117941
2018-02-21,-0.0075105039076028609
2018-02-22,0.0031891893327201768
2018-02-23,0.012355493977327658
2018-02-26,0.0066191287005542667
2018-02-27,-0.011129900792967985
2018-02-28,-0.0063539058735465779
2018-03-01,-0.0047830525726522029
2018-03-02,0.0017178699918634246
2018-03-05,0.0049018039798662434
2018-03-06,0.003857493858484318
2018-03-07,-0.0020325004644814238
2018-03-08,0.0030089872596502092
2018-03-09,0.0095022327418707708
2018-03-12,0.0011516133631604085
2018-03-13,-0.0026516682555902779
2018-03-14,-0.00037261688379390252
2018-03-15,-0.0022723807980162547
2018-03-16,-0.00015183362798651948
2018-03-19,-0.0085020819555671253
2018-03-20,0.00095719448662801596
2018-03-21,0.0053317764776368067
2018-03-22,-0.013488680560206301
2018-03-23,-0.00940912495348456
2018-03-26,0.015812989641816346
2018-03-27,-0.0078148089791500851
2018-03-28,-0.0050419296052515499
2018-03-29,0.010597303213219989
2018-04-02,-0.01019239280779829
2018-04-03,0.005193143483939928
2018-04-04,0.0038494022993982918
2018-04-05,0.0025676631512163268
2018-04-06,-0.0092423431877926253
2018-04-09,0.0034760441141056921
2018-04-10,0.011523844838626885
2018-04-11,0.0010448921282807835
2018-04-12,-0.0003407126789960578
2018-04-13,0.00049577566310364789
2018-04-16,0.0047317274602256985
2018-04-17,0.0057006010808252627
2018-04-18,0.00084687454007598161
2018-04-19,-0.0050080090172605453
2018-04-20,-0.0080628667846230455
2018-04-23,-0.0013831552248432131
2018-04-24,-0.0073385884631398061
2018-04-25,-0.0016365970835206798
2018-04-26,0.0081918404770091116
2018-04-27,0.0024983565783503244
2018-04-30,-0.004455212430502742
2018-05-01,-0.0023489271578593703
2018-05-02,-0.0034175945801390721
2018-05-03,0.0005562739503923496
2018-05-04,0.0068152666464981306
2018-05-07,0.00054420860787774425
2018-05-08,0.0011401772272898515
2018-05-09,0.0042911082456635772
2018-05-10,0.0096138940589899566
2018-05-11,0.0016105201527427729
2018-05-14,-0.00092506069442767065
2018-05-15,-0.01006131249846806
2018-05-16,0.0023451942159335997
2018-05-17,-0.0015322375367562424
2018-05-18,-0.00040191819094075336
2018-05-21,0.004853203060777622
2018-05-22,-0.0025668395209198342
2018-05-23,0.0030187598297317098
2018-05-24,0.0002763669964466639
2018-05-25,-0.0020460729739682939
2018-05-29,-0.0017836212969415347
2018-05-30,0.0077002456663645353
2018-05-31,-0.003991518465442578
2018-06-01,0.0037372140767333198
2018-06-04,9.594113619620947e-05
2018-06-05,0.00045849058305182935
2018-06-06,0.00338778493922341
2018-06-07,0.0022929121434061448
2018-06-08,0.00022641916396158877
2018-06-11,0.00086012160454405082
2018-06-12,-0.00094138671804006599
2018-06-13,-0.0019992065349022595
2018-06-14,0.0024940206510698166
2018-06-15,-0.0056991944468433257
2018-06-18,-0.0015538292907149142
2018-06-19,-0.0017927025881053218
2018-06-20,-0.0013046529303498756
2018-06-21,-0.0047135943083429777
2018-06-22,0.0041012071313479672
2018-06-25,-0.0087985217768298558
2018-06-26,0.001319424017765919
2018-06-27,-0.0023948048209638476
2018-06-28,0.0026111899372288803
2018-06-29,0.0023835319320021807
2018-07-02,-0.003311994921025691
2018-07-03,0.0021446148018107068
2018-07-05,0.0041235430315300419
2018-07-06,0.0059506473055828965
2018-07-09,0.0056488913108734161
2018-07-10,0.0016575763147760659
2018-07-11,-0.007659495149107476
2018-07-12,0.0057674293333959403
2018-07-13,0.00088358606941104105
2018-07-16,-0.003174438081063863
2018-07-17,-0.00013704206844019609
2018-07-18,-0.00017152544422056041
2018-07-19,-0.0017728408052678393
2018-07-20,-0.00146843118865016
2018-07-23,-0.0041619896615823554
2018-07-24,0.0056501312574725902
2018-07-25,0.0062989499348604042
2018-07-26,-0.0026149146939693445
2018-07-27,-0.002283001433246246
2018-07-30,-0.0025149764628738633
2018-07-31,0.0041342185326684096
2018-08-01,-0.0060832961423126723
2018-08-02,-0.00014929325508236083
2018-08-03,0.0037405298392667592
2018-08-06,0.00044680824310087161
2018-08-07,0.0021300807408313528
2018-08-08,-0.00035467513310264435
2018-08-09,0.00011554510002068075
2018-08-10,-0.0024449364805111231
2018-08-13,-0.0071969789760383211
2018-08-14,0.0029916866341005324
2018-08-15,-0.010391548516792193
2018-08-16,0.0044438921862194171
2018-08-17,0.0044113229919883756
2018-08-20,0.0044037737748840681
2018-08-21,0.0023153089440109522
2018-08-22,0.0030727941824290174
2018-08-23,-0.0036464209204694403
2018-08-24,0.0081042096258511012
2018-08-27,0.0044596362781535561
2018-08-28,-0.0032888978895417196
2018-08-29,0.0044008726643161022
2018-08-30,-0.004704816471727425
2018-08-31,-0.00099582656473862783
2018-09-04,-0.0050616781483528162
2018-09-05,-0.0028006384104943497
2018-09-06,-0.0017449156769683064
2018-09-07,-0.0038259054932267503
2018-09-10,0.00048499593285148399
2018-09-11,0.00067609315687031113
2018-09-12,0.002971914204137682
2018-09-13,0.0035975642864271187
2018-09-14,-0.0016704754833005262
2018-09-17,-0.0020787398533069212
2018-09-18,0.00095192551275937202
2018-09-19,0.001204981497142793
2018-09-20,0.0060438229529526377
2018-09-21,-0.00037042970954758711
2018-09-24,-0.0016646053525423646
2018-09-25,0.00065103039863931853
2018-09-26,-0.0009870520204431413
2018-09-27,0.00044918797760984397
2018-09-28,-0.00061497309337866807
2018-10-01,0.00071128713895138318
2018-10-02,0.0018737079515435795
2018-10-03,-0.004735175116066425
2018-10-04,-0.0077208639542745367
2018-10-05,-0.0043434090425545843
2018-10-08,-0.0024321611251380769
2018-10-09,0.0025539663490116386
2018-10-10,-0.019079108839302944
2018-10-11,-0.0063129299607665992
2018-10-12,0.0071851900924009126
2018-10-15,-0.0032567136054721447
2018-10-16,0.01239343917189082
2018-10-17,-0.0032778714310535088
2018-10-18,-0.0088183913298464818
2018-10-19,-0.00059444087516833939
2018-10-22,-0.0025335990837535849
2018-10-23,-0.0040745814488363351
2018-10-24,-0.017060122337675798
2018-10-25,0.0089487726878739963
2018-10-26,-0.0069457378349328308
2018-10-29,-0.0069702674055815818
2018-10-30,0.0082895300116025208
2018-10-31,0.0038587277076755355
2018-11-01,0.010840080735455893
2018-11-02,-0.0050616414873240695
2018-11-05,0.0047709345489378111
2018-11-06,0.0022451573129076419
2018-11-07,0.012406069764806177
2018-11-08,-0.0058327902062797199
2018-11-09,-0.0057494436051707901
2018-11-12,-0.010396498918025299
2018-11-13,-0.0019980107700114992
2018-11-14,-0.0009041572514557507
2018-11-15,0.0079312936167486789
2018-11-16,0.0049840399038897703
2018-11-19,-0.007378024181236442
2018-11-20,-0.012747318887384151
2018-11-21,0.0049416687608215661
2018-11-23,-0.0068334399476718552
2018-11-26,0.0084598050698731168
2018-11-27,0.0011522456083987278
2018-11-28,0.012664421839391354
2018-11-29,0.00036258866524696554
2018-11-30,0.0028360954103588132
2018-12-03,0.012444943516636288
2018-12-04,-0.01285494203127764
2018-12-06,-0.0025658424969940306
2018-12-07,-0.010041327740546113
2018-12-10,-0.0013414391102312682
2018-12-11,0.00066241691681553927
2018-12-12,0.003249555434743495
2018-12-13,-0.0007670851767371756
2018-12-14,-0.010810517352720421
2018-12-17,-0.0081023621471312379
2018-12-18,-0.00026820352792661394
2018-12-19,-0.0064384470366868063
2018-12-20,-0.0070987238592743647
2018-12-21,-0.010557971490771012
2018-12-24,-0.012664393940537411
2018-12-26,0.025294896370993834
2018-12-27,0.0046493433398500207
2018-12-28,0.0023836954546854086
2018-12-31,0.0047562028017924078
2019-01-02,0.0040580188809053123
2019-01-03,-0.0081450758895931456
2019-01-04,0.015918919391524688
2019-01-07,0.0046489212787702407
2019-01-08,0.0038455184274302505
2019-01-09,0.0058031296794598007
2019-01-10,-7.7408527255984046e-05
2019-01-11,0.00030736185222044452
2019-01-14,-0.0040902226811986193
2019-01-15,0.004462103220144004
2019-01-16,0.0027985674697671775
2019-01-17,0.0042572421664274496
2019-01-18,0.0051880964230835661
2019-01-22,-0.0070877125815755112
2019-01-23,0.00052685103823730249
2019-01-24,0.0031227835692423378
2019-01-25,0.0069717311790336639
2019-01-28,-0.0048078138844608433
2019-01-29,0.0020478410133379587
2019-01-30,0.010589112907914611
2019-01-31,0.0072244918836690836
2019-02-01,-0.00066643377655283258
2019-02-04,0.0014425067132974535
2019-02-05,0.0047368755569102469
2019-02-06,-0.0035127906499206607
2019-02-07,-0.0050117107208345283
2019-02-08,0.0011007991227513284
2019-02-11,-0.0013507439383836693
2019-02-12,0.0069210777409573383
2019-02-13,0.00030040590108875191
2019-02-14,0.0019210855806233384
2019-02-15,0.0071149864207482047
2019-02-19,0.0046975360414990737
2019-02-20,0.00081838113755856043
2019-02-21,-0.0071105443086055152
2019-02-22,0.0059030375288796856
2019-02-25,0.00093127058153691942
2019-02-26,0.00053921319583825054
2019-02-27,-0.0045395862319884571
2019-02-28,-0.0047419332171487584
2019-03-01,-0.00040905507594438063
2019-03-04,0.00043240876838546166
2019-03-05,0.00083280925433860693
2019-03-06,-0.0034650077205706621
2019-03-07,-0.0042925442265548293
2019-03-08,-0.00069364523445667489
2019-03-11,0.0077657018520397537
2019-03-12,0.0053351581082164657
2019-03-13,0.0043534572131111119
2019-03-14,-0.0042264952047940448
2019-03-15,0.0057364633239365363
2019-03-18,0.0038952053681558189
2019-03-19,-0.00026589451995036041
2019-03-20,0.0034197263086335641
2019-03-21,0.0053050835779687167
2019-03-22,-0.0090962712085109858
2019-03-25,0.0015306059643756199
2019-03-26,0.0037981311320594629
2019-03-27,-0.0023611093073384105
2019-03-28,0.0013078071265851367
2019-03-29,0.0033051777085296554
2019-04-01,0.0035725333949464312
2019-04-02,0.00020635964217297065
2019-04-03,-0.0020310625024940079
2019-04-04,0.0036028329646313976
2019-04-05,0.0046318946483298431
2019-04-08,0.00051353585052245636
2019-04-09,-0.001902228848917564
2019-04-10,0.0032786660662153747
2019-04-11,-0.0045018943932247594
2019-04-12,0.001772019842761752
2019-04-15,-0.0010238352790795159
2019-04-16,-0.0012449675364038185
2019-04-17,-0.0010034092239555646
2019-04-18,0.0016672771228304348
2019-04-22,0.00060715430234357644
2019-04-23,0.0038821359737338979
2019-04-24,-0.0015151054106817498
2019-04-25,-0.00093523456844648027
2019-04-26,0.0028011684631724654
2019-04-29,-0.0015209913173008462
2019-04-30,0.0017770849458750625
2019-05-01,-0.0057131913264250435
2019-05-02,-0.0041417884198410365
2019-05-03,0.0076293804335742284
2019-05-06,-0.0027243456337728957
2019-05-07,-0.0071012709283891588
2019-05-08,-0.0021485739523852245
2019-05-09,-0.001405963346627237
2019-05-10,0.0030235946990324115
2019-05-13,-0.011608940267262082
2019-05-14,0.0052529536631269417
2019-05-15,0.0045051667986473641
2019-05-16,0.0018545694160582774
2019-05-17,-0.0059034872686313912
2019-05-20,-0.003548212901950665
2019-05-21,0.0052919625032836646
2019-05-22,-0.0019864694795208087
2019-05-23,-0.0055547688121634475
2019-05-24,0.0017584876744092368
2019-05-28,-0.0031895277208061016
2019-05-29,-0.0018680682082375163
2019-05-30,0.003534146003441996
2019-05-31,-0.0016489145659135396
2019-06-03,0.0050050581539598966
2019-06-04,0.0078298111371206073
2019-06-05,0.0005273131685780587
2019-06-06,0.0058003793196919175
2019-06-07,0.0082539796654346412
2019-06-10,-0.00067241867312917126
2019-06-11,0.0012016648302304422
2019-06-12,-0.0022181352216511631
2019-06-13,0.0044306987773063749
2019-06-14,-0.0016184163442456156
2019-06-17,0.0017251082658549357
2019-06-18,0.0099998856142021978
2019-06-19,0.0028924628029621483
2019-06-20,0.011939963512391617
2019-06-21,-0.001936478152309734
2019-06-24,0.002565000929577965
2019-06-25,-0.0046821002053844211
2019-06-26,-0.00089096915845067166
2019-06-27,0.0029957004998245104
2019-06-28,0.0033148922195551933
2019-07-01,0.0014240726864795778
2019-07-02,0.0043213274767445742
2019-07-03,0.0054413188746116666
2019-07-05,-0.0059946626503176222
2019-07-08,-0.0032860020726568906
2019-07-09,0.00070430050954369829
2019-07-10,0.0050300521815926482
2019-07-11,-0.0036498493477818807
2019-07-12,0.0035080636946569822
2019-07-15,0.0010462704421748347
2019-07-16,-0.0045084307532765044
2019-07-17,0.0010052574863612658
2019-07-18,0.0042240755105139253
2019-07-19,-0.0050647075648420584
2019-07-22,0.0019203180257382825
2019-07-23,0.00103405356257873
2019-07-24,0.0043189483974189757
2019-07-25,-0.0061841828609198561
2019-07-26,0.0032194318344991647
2019-07-29,-0.00024107817521799036
2019-07-30,0.0004793402127999609
2019-07-31,-0.0058804613725059974
2019-08-01,0.00085720284659017605
2019-08-02,-0.0036860425842929929
2019-08-05,-0.012289052882060735
2019-08-06,0.010141116801125415
2019-08-07,0.0023067571270429686
2019-08-08,0.013245106131842843
2019-08-09,-0.0058431006161864148
2019-08-12,-0.00059038215483844326
2019-08-13,0.0066639445759271113
2019-08-14,-0.011970587439763427
2019-08-15,0.0048878781338675733
2019-08-16,0.0056385460518112284
2019-08-19,0.0021034942342359648
2019-08-20,5.1187139926411586e-05
2019-08-21,0.00270844990332082
2019-08-22,-0.003906056633186866
2019-08-23,-0.0080667980650030342
2019-08-26,0.0044002566926673982
2019-08-27,0.0032739264742504548
2019-08-28,0.0044281541623566569
2019-08-29,0.0056680642599706626
2019-08-30,0.00028226680747477919
2019-09-03,-0.0010379558365798739
2019-09-04,0.0089264692190167087
2019-09-05,-0.00061149512052413504
2019-09-06,0.0017753407368806204
2019-09-09,-0.0024860207077754275
2019-09-10,-0.004507897459215488
2019-09-11,0.0041085649231522138
2019-09-12,0.00015260228481983606
2019-09-13,-0.0054836883959068772
2019-09-16,0.005777644238982681
2019-09-17,0.0012720064546609343
2019-09-18,-0.00053013372539688092
2019-09-19,0.00066735060248731539
2019-09-20,0.0033637505968794556
2019-09-23,0.00082161082017344616
2019-09-24,-0.0019711752603999823
2019-09-25,-0.0039796189318524076
2019-09-26,-0.00059891370835086241
2019-09-27,-0.0036167755584079198
2019-09-30,-1.579945043588243e-05
2019-10-01,-0.006208101385427078
2019-10-02,-0.0079233762469114732
2019-10-03,0.0086096570476355654
2019-10-04,0.0083315061922237255
2019-10-07,-0.0067957366636566601
2019-10-08,-0.0066444654589325469
2019-10-09,0.0042046575655094844
2019-10-10,-3.5904193580976566e-05
2019-10-11,0.0031768142430770086
2019-10-14,0.0014868593736108383
2019-10-15,0.0011979189805830402
2019-10-16,-0.00058660499806398878
2019-10-17,0.0012362011369821957
2019-10-18,-0.0029555968381571318
2019-10-21,0.0028091806448072468
2019-10-22,0.0019578751339612843
2019-10-23,0.0026251340299824678
2019-10-24,0.00079735700450938587
2019-10-25,0.0022870430358004736
2019-10-28,-0.0012951869379101088
2019-10-29,-0.00047750303429721079
2019-10-30,0.0041173387674293795
2019-10-31,0.0025855056142223831
2019-11-01,0.0068534721390593242
2019-11-04,0.002135745639762072
2019-11-05,-0.0049776177211550698
2019-11-06,-0.00011066077224061184
2019-11-07,-0.0032208589544904177
2019-11-08,-0.0023379322171500293
2019-11-11,-0.0022271493043525439
2019-11-12,0.0012370090688517575
2019-11-13,0.001152984355954678
2019-11-14,0.0035979193825406595
2019-11-15,0.0038096914681169164
2019-11-18,-0.00018356770480098015
2019-11-19,0.00076962687552474237
2019-11-20,0.0017440302206626068
2019-11-21,-0.0015970238087972153
2019-11-22,0.00059588111500552543
2019-11-25,0.0042173075539481408
2019-11-26,0.0018708281605520293
2019-11-27,0.00063054981283314237
2019-11-29,-0.0036679394549882505
2019-12-02,-0.0068306913177921327
2019-12-03,0.001984802103304728
2019-12-04,0.0020228303333890366
2019-12-05,-0.0004403221516920574
2019-12-06,0.0032757469567532621
2019-12-09,-0.0012708054281365625
2019-12-10,0.00054779508701496837
2019-12-11,0.0054296636323218793
2019-12-12,0.0023875025872107658
2019-12-13,0.0030013908399876385
2019-12-16,0.0026811277789486449
2019-12-17,0.00068791160133545586
2019-12-18,-0.0010987157840984417
2019-12-19,0.0024404368600069786
2019-12-20,0.0033954450351374784
2019-12-23,0.0018687803612014555
2019-12-24,0.0018696179438324355
2019-12-26,0.0045964777464919792
2019-12-27,0.00010266807858017035
2019-12-30,-0.0037806776545031119
2019-12-31,-0.00039968242315891454
2020-01-02,0.010593536954767358
2020-01-03,0.00065763425419539372
2020-01-06,0.0022131794577601393
2020-01-07,-0.0020933303335801132
2020-01-08,-0.0017126814007157262
2020-01-09,0.0041447314067385166
2020-01-10,0.0019395916355815944
2020-01-13,0.0024704074088000632
2020-01-14,-2.5487051351469987e-06
2020-01-15,0.0019199378363919718
2020-01-16,0.0031074255388564846
2020-01-17,-0.00068846761174212159
2020-01-21,-0.0023166112965655856
2020-01-22,0.00083423103288087202
2020-01-23,0.0011292001697937757
2020-01-24,-0.0026112048817142687
2020-01-27,-0.007724989783385673
2020-01-28,0.0021847346561059576
2020-01-29,0.0023621304801616613
2020-01-30,0.0006571864361716198
2020-01-31,-0.0092542814971536616
2020-02-03,0.0016007267037437213
2020-02-04,0.0037221417347222457
2020-02-05,0.0064017440898130997
2020-02-06,0.0023525032578156965
2020-02-07,-0.00070196912472543233
2020-02-10,0.0041176312686458166
2020-02-11,0.001341184423358577
2020-02-12,0.0038911175058073178
2020-02-13,-0.00024030511480800393
2020-02-14,0.0018787921375536974
2020-02-18,0.0011236009126733165
2020-02-19,0.0048289768257391676
2020-02-20,-0.00074167894515316825
2020-02-21,-0.0012908237664255198
2020-02-24,-0.016546313355708088
2020-02-25,-0.018678043944626566
2020-02-26,-0.0043601125977708096
2020-02-27,-0.02297097652954494
2020-02-28,-0.0019657231264162581
2020-03-02,0.022526316851138928
2020-03-03,-0.0065901723815838149
2020-03-04,0.018562436442066482
2020-03-05,-0.0095950388069387625
2020-03-06,-0.0012129547489682325
2020-03-09,-0.051183444970276819
2020-03-10,0.014543399136110569
2020-03-11,-0.03917884280385632
2020-03-12,-0.065189543981640286
2020-03-13,0.040404642774851438
2020-03-16,-0.055381077208549123
2020-03-17,0.014534781149128834
2020-03-18,-0.060338077948889395
2020-03-19,0.012394616679654835
2020-03-20,0.0055256026037876814
2020-03-23,-0.0025053782633848174
2020-03-24,0.062418549036280316
2020-03-25,0.011608152894693764
2020-03-26,0.036406284534100726
2020-03-27,-0.01867291529288596
2020-03-30,0.014265886547308388
2020-03-31,-0.01055243127401587
2020-04-01,-0.022313984294420611
2020-04-02,0.025802806803005895
2020-04-03,-0.007402643194936543
2020-04-06,0.041130013741189589
2020-04-07,-0.00036518352984327119
2020-04-08,0.01796802416808968
2020-04-09,0.0091874371896413232
2020-04-13,-0.003546405227995343
2020-04-14,0.014731209246425821
2020-04-15,-0.0099074614041849418
2020-04-16,0.0009044807107623017
2020-04-17,0.017392059799939776
2020-04-20,-0.0083580857082840923
2020-04-21,-0.01454978097618548
2020-04-22,0.015562566910588717
2020-04-23,0.0056557605718255749
2020-04-24,0.0056107750206355229
2020-04-27,0.0043077717583601682
2020-04-28,0.0028528231979288556
2020-04-29,0.020326022978694354
2020-04-30,-0.013684490290864427
2020-05-01,-0.016783489103115827
2020-05-04,0.0049879120477221879
2020-05-05,0.0033726046323050989
2020-05-06,-0.011593368226466892
2020-05-07,0.014716664804423907
2020-05-08,0.0091295336294744192
2020-05-11,-0.0052093145352241077
2020-05-12,-0.0069642901287160011
2020-05-13,-0.0086156934161042663
2020-05-14,0.010065557863193953
2020-05-15,0.00028585573744056001
2020-05-18,0.017643250748583528
2020-05-19,-0.0053270056163653443
2020-05-20,0.013209719015891764
2020-05-21,-0.0070672640756800249
2020-05-22,0.00046130636548400404
2020-05-26,0.0044201979793967675
2020-05-27,0.0073745154526830342
2020-05-28,-0.0046472231333166475
2020-05-29,0.0059347793813362302
2020-06-01,0.0046842557126457237
2020-06-02,0.0066039847070720747
2020-06-03,0.0044950479028786471
2020-06-04,-0.0044771869458788867
2020-06-05,0.015490154935513185
2020-06-08,0.012534905459277178
2020-06-09,-0.0031324780310965313
2020-06-10,-0.00056527408453540574
2020-06-11,-0.034057884543257512
2020-06-12,0.0072416256785141631
2020-06-15,0.0029986841063958606
2020-06-16,0.0073075773167572472
2020-06-17,-0.0027889928058706607
2020-06-18,0.0037903243417649391
2020-06-19,-0.0019738859606557636
2020-06-22,0.0052570510537613743
2020-06-23,0.0024625613848448693
2020-06-24,-0.014916754963850877
2020-06-25,0.0072541352167995229
2020-06-26,-0.010830910657254469
2020-06-29,0.0069662449843398882
2020-06-30,0.0065488380356021735
2020-07-01,0.00033904963769355585
2020-07-02,0.0061722715759457867
2020-07-06,0.01064730476196844
2020-07-07,-0.0045114655188357227
2020-07-08,0.0055028983385980168
2020-07-09,-0.0036429673181755723
2020-07-10,0.0049894443004313057
2020-07-13,-0.0036558994901760731
2020-07-14,0.0098900147289945027
2020-07-15,0.005101812417017116
2020-07-16,-0.0034168419561130649
2020-07-17,0.001038613047296133
2020-07-20,0.0041935554418501171
2020-07-21,0.0097737462240308215
2020-07-22,0.0036415227020225151
2020-07-23,-0.0015180896096886666
2020-07-24,-0.001953294194316002
2020-07-27,0.0066119453394112744
2020-07-28,-0.0020823371031560294
2020-07-29,0.0093174778090816934
2020-07-30,-0.0060862319824640694
2020-07-31,0.0032054517957901484
2020-08-03,0.0027458792122083521
2020-08-04,0.010884010096222443
2020-08-05,0.0038308713533715347
2020-08-06,0.0055733618777071949
2020-08-07,-0.0056815020438838633
2020-08-10,0.0029021036744580732
2020-08-11,-0.014939378660578784
2020-08-12,0.0049427861139519202
2020-08-13,-0.0020890942757547828
2020-08-14,-0.00084016617326799201
2020-08-17,0.0058427163007142456
2020-08-18,0.0026277112883774435
2020-08-19,-0.010339410699946067
2020-08-20,0.0020669703799480852
2020-08-21,0.0015804035226787473
2020-08-24,0.0066528031177383214
2020-08-25,-0.0007309612293453394
2020-08-26,0.0029808839324771798
2020-08-27,-0.0057542233621805999
2020-08-28,0.0081048255405144713
2020-08-31,-0.0038163424987377797
2020-09-01,0.0078385897626105372
2020-09-02,0.0054508292633878739
2020-09-03,-0.016912074520716126
2020-09-04,-0.0078684391547054408
2020-09-08,-0.015060581395572044
2020-09-09,0.010859783500079118
2020-09-10,-0.01142937851521077
2020-09-11,0.0017858748787913826
2020-09-14,0.0088197172677246041
2020-09-15,0.0013769452982217269
2020-09-16,0.0019727480298961215
2020-09-17,-0.0038296581420452724
2020-09-18,-0.0070835002659176468
2020-09-21,-0.01043189079185099
2020-09-22,0.0013687789856091596
2020-09-23,-0.018255308306942532
2020-09-24,0.0020842922998415168
2020-09-25,0.0060663885720628865
2020-09-28,0.010911594831364491
2020-09-29,-0.0034456779916709366
2020-09-30,0.0010493571612558098
2020-10-01,0.0021764721447635636
2020-10-02,-0.0050470036672851503
2020-10-05,0.0072828570296474835
2020-10-06,-0.0074142139922096567
2020-10-07,0.007581143345055958
2020-10-08,0.0099943571703307362
2020-10-09,0.0053326734780930465
2020-10-12,0.0079331556122289419
2020-10-13,-0.0051452780425073671
2020-10-14,-0.0017229874375701672
2020-10-15,0.00011152645067917793
2020-10-16,-0.0033703755768552226
2020-10-19,-0.0093558990505121301
2020-10-20,0.002231439183059231
2020-10-21,-0.0021140088294666851
2020-10-22,0.0022284478217138746
2020-10-23,0.0028219804169574867
2020-10-26,-0.01002370773298541
2020-10-27,-0.00016624255679623687
2020-10-28,-0.022547744578640991
2020-10-29,0.0050891925511626582
2020-10-30,-0.0065196107914032965
2020-11-02,0.01249858153624317
2020-11-03,0.0063329727120534467
2020-11-04,0.01755882469248354
2020-11-05,0.013388610484773489
2020-11-06,-0.0046027024393661131
2020-11-09,0.0080963731053269594
2020-11-10,0.00056538460718297831
2020-11-11,0.002848893316011309
2020-11-12,-0.0026932232107762196
2020-11-13,0.011275210343452214
2020-11-16,0.012207500137966221
2020-11-17,-0.00014726654975673071
2020-11-18,-0.0082017586188731957
2020-11-19,0.0044910824194222326
2020-11-20,-4.2153276101275917e-05
2020-11-23,0.0056280911658390395
2020-11-24,0.0081382303592243427
2020-11-25,-0.0043504091430569321
2020-11-27,0.0017978635529982635
2020-11-30,-0.011227745707726717
2020-12-01,0.0062804433148132832
2020-12-02,0.003375769240353738
2020-12-03,0.0052825246183536238
2020-12-04,0.005838757900133263
2020-12-07,0.001332199886686336
2020-12-08,0.0044012035518016576
2020-12-09,-0.0076193921653230851
2020-12-10,0.0061594601992631618
2020-12-11,-0.0011641708784860816
2020-12-14,-0.0073315793724727249
2020-12-15,0.0097166690363373661
2020-12-16,0.00077127101514625222
2020-12-17,0.0033320294440332913
2020-12-18,-0.0043907463849054808
2020-12-21,-0.0043146518313920247
2020-12-22,-0.003044087519618671
2020-12-23,0.0028665821675576686
2020-12-24,0.0021844188881470997
2020-12-28,0.0026527873822481786
2020-12-29,0.000297551482680286
2020-12-30,0.0051605861928073048
2020-12-31,0.0020591301245426854
2021-01-04,-0.0016110151281958757
2021-01-05,0.0082248539527511322
2021-01-06,-0.0029710716679456732
2021-01-07,0.005804281283424707
2021-01-08,-0.0011345385735712968
2021-01-11,-0.0031868401358203903
2021-01-12,0.0053332870664256635
2021-01-13,0.0026857790487811836
2021-01-14,7.613377135521314e-05
2021-01-15,-0.0090904845283890159
2021-01-19,0.0088862323662343805
2021-01-20,0.010346614653097342
2021-01-21,-0.0046874038472892289
2021-01-22,-0.0031778618458485454
2021-01-25,0.00438347807647127
2021-01-26,-0.0043329279854425473
2021-01-27,-0.014216375077962468
2021-01-28,0.0040663092900285469
2021-01-29,-0.015379756601371726
2021-02-01,0.011769200383543267
2021-02-02,0.004601670171301803
2021-02-03,0.0026464005857547825
2021-02-04,0.0017865124029560198
2021-02-05,0.0026756868415742708
2021-02-08,0.0098572570995835267
2021-02-09,0.00041325809539808364
2021-02-10,0.0043043630476339075
2021-02-11,-0.002500992637127952
2021-02-12,-2.1539514474588513e-05
2021-02-16,-0.003556585340460155
2021-02-17,0.001496145355657813
2021-02-18,-0.0063629016963814341
2021-02-19,-0.0010866718683276379
2021-02-22,-0.0022061505454830099
2021-02-23,0.0015208392936665706
2021-02-24,0.0055607840237226706
2021-02-25,-0.020751159126573195
2021-02-26,-0.0011362887554618125
2021-03-01,0.011410683508609316
2021-03-02,-0.0038117532938569459
2021-03-03,-0.008398734425613336
2021-03-04,-0.0079802434315690996
2021-03-05,0.01277127971021602
2021-03-08,-0.0079952797069045515
2021-03-09,0.012808555907928855
2021-03-10,0.0058397880560204125
2021-03-11,0.0053124270810308077
2021-03-12,-0.0063716036499672007
2021-03-15,0.0036170116861206311
2021-03-16,-0.0037967924690703041
2021-03-17,0.0014711318863768477
2021-03-18,-0.015554195755841006
2021-03-19,0.002692398857176692
2021-03-22,0.0045201369072232662
2021-03-23,-0.0053597314870269808
2021-03-24,5.2479617618761496e-05
2021-03-25,0.00056533966909995685
2021-03-26,0.011076911040274487
2021-03-29,-0.0059927978532103793
2021-03-30,-0.0028566809331435185
2021-03-31,0.0023219738195166093
2021-04-01,0.013886054992092167
2021-04-05,0.0025996615701208482
2021-04-06,0.0029562910834924462
2021-04-07,-0.0028252621551309145
2021-04-08,0.0050945096423120392
2021-04-09,-0.00063964200398986524
2021-04-12,-0.0022588042451554546
2021-04-13,0.0046396418108704098
2021-04-14,0.00047195646149234059
2021-04-15,0.011003973635612698
2021-04-16,-0.00023849841072833282
2021-04-19,-0.0035693552355584796
2021-04-20,-0.0047028506787696444
2021-04-21,0.0076624069526429967
2021-04-22,-0.0050609953911853536
2021-04-23,0.0055357251423864724
2021-04-26,0.0016759902756756152
2021-04-27,-0.0014875251984636847
2021-04-28,0.0046865068789482709
2021-04-29,0.0020718328291688013
2021-04-30,-0.0068466386458240491
2021-05-03,0.005712769629836756
2021-05-04,-0.0029415519276896228
2021-05-05,0.0048568387017334678
2021-05-06,0.0075739584527789727
2021-05-07,0.0058464356478857005
2021-05-10,-0.0077926743048529323
2021-05-11,-0.0078102065773509475
2021-05-12,-0.014900030785801561
2021-05-13,0.0044552766285274603
2021-05-14,0.014758004157249139
2021-05-17,0.0024227757896034879
2021-05-18,-0.0047721885734408947
2021-05-19,-0.0043368678032064236
2021-05-20,0.0074719255868818009
2021-05-21,-0.00039961767833132102
2021-05-24,0.0070929507988904744
2021-05-25,0.0017472312181972863
2021-05-26,0.0017326730019297744
2021-05-27,-0.00064128066047774437
2021-05-28,0.0017183840760497449
2021-06-01,0.0050970779238096453
2021-06-02,0.0039650022907585791
2021-06-03,-0.0061578464543644244
2021-06-04,0.010268837293000876
2021-06-07,-0.0014860156225094344
2021-06-08,0.0017581319694810473
2021-06-09,0.00040913828068693233
2021-06-10,0.0046787673550092168
2021-06-11,-0.0021147158051719184
2021-06-14,-0.0020604496170741888
2021-06-15,-0.00038252974076406505
2021-06-16,-0.006875875096791351
2021-06-17,-0.003847776222838095
2021-06-18,-0.0051861794712049943
2021-06-21,0.0080632919207200126
2021-06-22,0.0023270244392935182
2021-06-23,-0.00034090699189241996
2021-06-24,0.0044552552064104469
2021-06-25,0.00068426964767936992
2021-06-28,7.8480918039119599e-05
2021-06-29,-0.0015006556250461154
2021-06-30,0.0027700166767521519
2021-07-01,0.0039276065055781741
2021-07-02,0.0052213328176951342
2021-07-06,-0.0020612543106367622
2021-07-07,0.0024626975715531627
2021-07-08,-0.0050372592176373245
2021-07-09,0.0051064650439197334
2021-07-12,0.00086454929514869774
2021-07-13,-0.0037464392106841887
2021-07-14,0.0025005265160094161
2021-07-15,0.00026163536395257248
2021-07-16,-0.0086762042610751284
2021-07-19,-0.0054609023797420062
2021-07-20,0.0047919288141476408
2021-07-21,0.0036454106154439952
2021-07-22,0.002565393352803402
2021-07-23,0.00012108002633870506
2021-07-26,0.00045397229566385708
2021-07-27,-0.0018496213448805476
2021-07-28,0.0042376916994609328
2021-07-29,0.0034051859521130601
2021-07-30,-0.004503383235667441
2021-08-02,0.0011731271918412832
2021-08-03,0.0054176532203861769
2021-08-04,-0.0036081107918382043
2021-08-05,0.0016471587996036651
2021-08-06,-0.0071857674493715443
2021-08-09,-0.0049688159945173111
2021-08-10,0.0012856270912254609
2021-08-11,0.0039617117661354777
2021-08-12,-0.00015327246343475604
2021-08-13,0.0053953769649756613
2021-08-16,-0.00045397287823998331
2021-08-17,-0.0058115529315699516
2021-08-18,-0.0053454327334172104
2021-08-19,-0.0022807885617034118
2021-08-20,0.0035677964462303095
2021-08-23,0.010442266957832553
2021-08-24,0.0025476913036081182
2021-08-25,-0.0013966437901083372
2021-08-26,-0.0039685252818192351
2021-08-27,0.011432989263043846
2021-08-30,0.00070814956748218585
2021-08-31,-0.0012971009804069566
2021-09-01,0.00045163803935375233
2021-09-02,0.0040093419377847999
2021-09-03,-0.00080931113144885869
2021-09-07,-0.0064894991009821048
2021-09-08,-0.0019041608380634791
2021-09-09,0.0019959926187776865
2021-09-10,-0.0062727337794703077
2021-09-13,0.0061756770013909005
2021-09-14,-0.00044217452328043692
2021-09-15,0.0053012823788426483
2021-09-16,-0.0074407279216092146
2021-09-17,-0.0065061209267031255
2021-09-20,-0.0082377356681313189
2021-09-21,0.0013803122496521434
2021-09-22,0.0091674663221422825
2021-09-23,0.0017666815986043536
2021-09-24,-0.0024119975640339072
2021-09-27,0.0024548341166610141
2021-09-28,-0.014362294306235212
2021-09-29,-0.0005003504239016797
2021-09-30,-0.0029391621042826506
2021-10-01,0.010455792149668365
2021-10-04,-0.0049288654366937083
2021-10-05,0.0023399906299939933
2021-10-06,0.0018592238351192395
2021-10-07,0.0027774703028731699
2021-10-08,0.0010395909037829831
2021-10-11,-0.0043814855391411233
2021-10-12,0.0035436766967308019
2021-10-13,0.0078384260576370157
2021-10-14,0.0095611689401377438
2021-10-15,0.00090448529379796329
2021-10-18,0.0018039780944100361
2021-10-19,0.0025841209785299915
2021-10-20,0.0019891349998112707
2021-10-21,-0.0018834211776862122
2021-10-22,0.0039857294321870582
2021-10-25,0.0047864521664041813
2021-10-26,0.0013793980011392259
2021-10-27,-0.00051152283861161151
2021-10-28,0.0037883612508578749
2021-10-29,-0.0018087539508238827
2021-11-01,0.0021794054810846952
2021-11-02,0.00056733104720660399
2021-11-03,-0.0017454261071137066
2021-11-04,0.0061180114746897107
2021-11-05,0.0082727344839712245
2021-11-08,0.0022439554860010482
2021-11-09,0.0026907731737102259
2021-11-10,-0.0092127128051762205
2021-11-11,0.0027073575241242046
2021-11-12,0.0022323971108425215
2021-11-15,-0.0027273862124880589
2021-11-16,0.00015246891706360851
2021-11-17,0.00032849051650336554
2021-11-18,3.0421018314681463e-06
2021-11-19,-0.0032819603988354261
2021-11-22,-0.006452015011642092
2021-11-23,-0.001408088919643957
2021-11-24,0.0057762184005167748
2021-11-26,-0.0102236527333819
2021-11-29,0.0036561475803418906
2021-11-30,-0.0074365674214340871
2021-12-01,-0.0029964233321580162
2021-12-02,0.0097388336024772388
2021-12-03,-0.0014380331226461769
2021-12-06,0.0031980691821714541
2021-12-07,0.010709651876066007
2021-12-08,-0.0027991953815921728
2021-12-09,-0.0034647118995250691
2021-12-10,0.0046144759681004512
2021-12-13,-0.0038341844711236705
2021-12-14,-0.0053886556643105996
2021-12-15,0.0037123361477467472
2021-12-16,-0.00085673052190814473
2021-12-17,-0.0042773024167138459
2021-12-20,-0.0094949721865787047
2021-12-21,0.01062378632694036
2021-12-22,0.0076848424158355915
2021-12-23,0.0012282590168158471
2021-12-27,0.009259170514759019
2021-12-28,-0.0023623297763960324
2021-12-29,-0.0033571664531766685
2021-12-30,0.0026025952052392883
2021-12-31,0.00027078891951400899
2022-01-03,-0.0027384346232263036
2022-01-04,0.0030462879891292095
2022-01-05,-0.011137664541783859
2022-01-06,0.001121250024556864
2022-01-07,-0.00041604317195998971
2022-01-10,0.00026342562774560579
2022-01-11,0.012831322068729679
2022-01-12,0.0023691344516060145
2022-01-13,-0.0057219090554511852
2022-01-14,-0.0017374909539379312
2022-01-18,-0.012223076693479157
2022-01-19,-0.00033956143544149335
2022-01-20,-0.0035911340680567223
2022-01-21,-0.008790746192984901
2022-01-24,-0.00026660678976178631
2022-01-25,-0.0011130259810166799
2022-01-26,-0.0078854329650132841
2022-01-27,0.00061458632665709056
2022-01-28,0.0096379440587838257
2022-01-31,0.010520140412520269
2022-02-01,0.0061769158251372023
2022-02-02,0.0054358266301578473
2022-02-03,-0.013575830850016353
2022-02-04,0.00023637313492267412
2022-02-07,0.0010603565164275294
2022-02-08,0.00089639275901807775
2022-02-09,0.009240091406939422
2022-02-10,-0.013016154531898982
2022-02-11,7.0275660593254428e-05
2022-02-14,-0.0066710254768536318
2022-02-15,0.003310588795583564
2022-02-16,0.0050094569950378531
2022-02-17,-0.0059599732858840234
2022-02-18,-0.001677442333029289
2022-02-22,-0.0063609108500482627
2022-02-23,-0.010000178576454266
2022-02-24,0.0023688126327488577
2022-02-25,0.012996082873443598
2022-02-28,0.0071696389402837631
2022-03-01,-0.00079784875212929405
2022-03-02,-0.00028826420095887589
2022-03-03,0.00031515942035857929
2022-03-04,0.0043207455065378039
2022-03-07,-0.013736913141903243
2022-03-08,0.0004542508013729513
2022-03-09,0.0035926716454777034
2022-03-10,-0.0037432641277806759
2022-03-11,-0.008196803419143717
2022-03-14,-0.016433973533567837
2022-03-15,0.0020363935077830752
2022-03-16,0.019854169152326538
2022-03-17,0.0068035318045006907
2022-03-18,0.0074523165647488628
2022-03-21,-0.0022720636145400486
2022-03-22,0.0014682508021374892
2022-03-23,0.0034366500113796939
2022-03-24,0.0059391448727112561
2022-03-25,-0.00072869552195694014
2022-03-28,0.00010888699042872529
2022-03-29,0.0083464563413890528
2022-03-30,0.001565359718002268
2022-03-31,-0.0083514505038896798
2022-04-01,0.0036025696282525948
2022-04-04,0.0043108406708386449
2022-04-05,-0.015049741931339813
2022-04-06,-0.0063878407194579547
2022-04-07,0.001213432555593075
2022-04-08,3.7522986565397936e-06
2022-04-11,-0.014300805549171009
2022-04-12,0.00066807070084765052
2022-04-13,0.0086111924785970857
2022-04-14,-0.011455129899987792
2022-04-18,0.00051284380075675715
2022-04-19,0.0010037900364614995
2022-04-20,0.0052619728332346741
2022-04-21,-0.013464506072946055
2022-04-22,-0.017341476741353633
2022-04-25,-0.0019150742863069221
2022-04-26,-0.01088995929742247
2022-04-27,-0.00058494765486467003
2022-04-28,0.015759401736157443
2022-04-29,-0.020254324063336306
2022-05-02,-0.0032514468690890475
2022-05-03,0.0074518641734391492
2022-05-04,0.020264392828833414
2022-05-05,-0.026832884472656165
2022-05-06,-0.0042159123237662625
2022-05-09,-0.023935443757484146
2022-05-10,0.0033099417571073042
2022-05-11,0.0003296677798520825
2022-05-12,-0.0034153340414501635
2022-05-13,0.010836324928218273
2022-05-16,0.001790777142115713
2022-05-17,0.0078779732123613125
2022-05-18,-0.015674980295878514
2022-05-19,0.0015733364774637268
2022-05-20,0.0039615955308292651
2022-05-23,0.0074630692831171089
2022-05-24,0.0016522001495168138
2022-05-25,0.0061742302133589886
2022-05-26,0.0092523137330978063
2022-05-27,0.013491724222178038
2022-05-31,-0.0091182676229142022
2022-06-01,-0.0016409168142443478
2022-06-02,0.011001038246915085
2022-06-03,-0.0089256796624210388
2022-06-06,-0.0036223613391215825
2022-06-07,0.010806010435928281
2022-06-08,-0.0059472583944352678
2022-06-09,-0.013735073509552165
2022-06-10,-0.013938380081857417
2022-06-13,-0.03571419503497688
2022-06-14,-0.0039831297175921213
2022-06-15,0.011433361524804054
2022-06-16,-0.018265550774448448
2022-06-17,-0.0046529607195973984
2022-06-21,0.012064843914196058
2022-06-22,0.00095839984126194679
2022-06-23,0.0016517081835086874
2022-06-24,0.012790420747021886
2022-06-27,-0.00077119894144890317
2022-06-28,-0.0051692172279180874
2022-06-29,-0.00040940198622327361
2022-06-30,-0.0045454254051408684
2022-07-01,0.0075454425747508271
2022-07-05,-0.0052077056965098454
2022-07-06,-0.0075375558555031913
2022-07-07,0.0094896352019838981
2022-07-08,-0.0030755638664009431
2022-07-11,-0.0046898603275774883
2022-07-12,-0.0049456113814444593
2022-07-13,0.0010929031159633952
2022-07-14,-0.0079106490756815917
2022-07-15,0.010898262131347324
2022-07-18,-0.0027779243094798187
2022-07-19,0.014541076866917697
2022-07-20,0.0023330076883010973
2022-07-21,0.0098988790757074899
2022-07-22,-0.00096101463060599434
2022-07-25,0.0016524566406147469
2022-07-26,-0.0064105666961949085
2022-07-27,0.01462705031647671
2022-07-28,0.0098221072184225388
2022-07-29,0.0094380245498276952
2022-08-01,0.0027698147003781372
2022-08-02,-0.0095335378146669866
2022-08-03,0.0084806000364248454
2022-08-04,-0.00087717387677171987
2022-08-05,-0.0062321797807348422
2022-08-08,0.005486092772859952
2022-08-09,-0.00071890533951284898
2022-08-10,0.0083655454433056893
2022-08-11,-0.0023876013198231628
2022-08-12,0.012502612562414282
2022-08-15,-0.0029106806911173562
2022-08-16,0.0013019455677144131
2022-08-17,-0.0060011388425288918
2022-08-18,0.0032624509002780913
2022-08-19,-0.011883708440911423
2022-08-22,-0.011230995953179102
2022-08-23,0.0028422076450021374
2022-08-24,0.0010971276577976367
2022-08-25,0.012523481531228243
2022-08-26,-0.016124788356161941
2022-08-29,-0.0037364622547742142
2022-08-30,-0.0095922325970869311
2022-08-31,-0.0071472485214603082
2022-09-01,-0.0078862861760232213
2022-09-02,-0.00056919863635369579
2022-09-06,-0.01068957998885035
2022-09-07,0.012391686456797748
2022-09-08,-0.00095951162679297464
2022-09-09,0.011537460247710908
2022-09-12,0.0063283288354592515
2022-09-13,-0.024367048122874005
2022-09-14,0.0051282282278540146
2022-09-15,-0.011145618985820959
2022-09-16,-0.007354299320622394
2022-09-19,0.0041781354426552071
2022-09-20,-0.0091895729357471031
2022-09-21,-0.0052295013007329205
2022-09-22,-0.010674677340982347
2022-09-23,-0.017634596491723688
2022-09-26,-0.014157244140444248
2022-09-27,-0.006288930997403441
2022-09-28,0.024662613950351367
2022-09-29,-0.011912634822241426
2022-09-30,-0.010573536240344348
2022-10-03,0.025464671780128179
2022-10-04,0.021415311741497425
2022-10-05,-0.0020312195368944021
2022-10-06,-0.004507698112264996
2022-10-07,-0.01809250082335865
2022-10-10,-0.012677263118778648
2022-10-11,-0.0041274175622779963
2022-10-12,0.0016305557312626616
2022-10-13,0.011496397710733292
2022-10-14,-0.018273538937073779
2022-10-17,0.013486040679545942
2022-10-18,0.0065107828413667806
2022-10-19,-0.0082645583127314796
2022-10-20,-0.007132652542173901
2022-10-21,0.012302533136527495
2022-10-24,-0.00098568626495744742
2022-10-25,0.014935558104406922
2022-10-26,0.004540787830851923
2022-10-27,-0.00016604674955241221
2022-10-28,0.0060061509094473057
2022-10-31,-0.0053468804308365436
2022-11-01,0.0049258793733691466
2022-11-02,-0.015412277337543169
2022-11-03,-0.0036104127974591611
2022-11-04,0.011612068366676437
2022-11-07,0.00251037455887867
2022-11-08,0.0091713907018018178
2022-11-09,-0.014786921479421023
2022-11-10,0.042018257083931324
2022-11-11,0.0095710905580610513
2022-11-14,-0.0043223434374606521
2022-11-15,0.011330548182228607
2022-11-16,-0.0015676807636198001
2022-11-17,-0.0045517848724142222
2022-11-18,-0.002302746553124868
2022-11-21,-0.0038545176650598202
2022-11-22,0.01247730681019551
2022-11-23,0.0075559680717678709
2022-11-25,-0.0016511375200556567
2022-11-28,-0.010056950265675281
2022-11-29,0.00078780877819996679
2022-11-30,0.01974207982606652
2022-12-01,0.0097918213274454709
2022-12-02,0.0019504922722858255
2022-12-05,-0.017376931733157824
2022-12-06,-0.0048992083667689481
2022-12-07,0.0057423311191904577
2022-12-08,0.0033392565427127711
2022-12-09,-0.012052921908577107
2022-12-12,0.0076442690120787438
2022-12-13,0.010616589643860242
2022-12-14,-0.0024156188011997043
2022-12-15,-0.014173421607471554
2022-12-16,-0.0071465473985428858
2022-12-19,-0.007948577663000389
2022-12-20,8.0153334999671873e-05
2022-12-21,0.0091589056610602015
2022-12-22,-0.01076206400692868
2022-12-23,0.0021418087019142223
2022-12-27,-0.0027065285665838377
2022-12-28,-0.010818603976775743
2022-12-29,0.013590525804424569
2022-12-30,-0.003879278617742437
2023-01-03,0.0016771649147815028
2023-01-04,0.010921924722040423
2023-01-05,-0.0038677435443317523
2023-01-06,0.020564099173596483
2023-01-09,0.0018357734959951856
2023-01-10,0.00064803641285979285
2023-01-11,0.0097443378609237963
2023-01-12,0.010507895442066305
2023-01-13,0.0018116842980636593
2023-01-17,-0.0036760540141169643
2023-01-18,-0.0032003684235868361
2023-01-19,-9.3563653730493633e-05
2023-01-20,0.005424696533427799
2023-01-23,0.0047584561000271258
2023-01-24,0.0033935940168991156
2023-01-25,0.0015529119549402726
2023-01-26,0.0059825530487134741
2023-01-27,-0.0024105426297967025
2023-01-30,-0.010617691136239012
2023-01-31,0.0090943983044587066
2023-02-01,0.0084108655469954385
2023-02-02,0.00015649193523815735
2023-02-03,-0.013732781985210909
2023-02-06,-0.0059055479531421708
2023-02-07,0.0070091230920809331
2023-02-08,-0.0038312022405828658
2023-02-09,-0.0074090795779418739
2023-02-10,0.0013777752441513583
2023-02-13,0.0066038942660232866
2023-02-14,-0.00078571374682926407
2023-02-15,-0.0050674458959051984
2023-02-16,-0.010130826017857157
2023-02-17,-0.0032652264787582986
2023-02-21,-0.015201357038295133
2023-02-22,-0.00025522094358790281
2023-02-23,0.0064873338590964334
2023-02-24,-0.010978224953058658
2023-02-27,0.003461155086328205
2023-02-28,-0.0017973270576873814
2023-03-01,0.00076212605205228101
2023-03-02,0.0020436916511636207
2023-03-03,0.016332288355062619
2023-03-06,-0.002726217637534245
2023-03-07,-0.010636620617806188
2023-03-08,0.00021458599793521829
2023-03-09,-0.0089129760046308803
2023-03-10,0.0042801023339496197
2023-03-13,0.0015658519390546518
2023-03-14,0.0026738954215452253
2023-03-15,-0.0035877199740072755
2023-03-16,0.007980580533840969
2023-03-17,0.0012625361189089743
2023-03-20,0.0040782268433435798
2023-03-21,0.0046356347440337405
2023-03-22,-0.002665516077843422
2023-03-23,0.0029626959386859662
2023-03-24,0.0021230045721131415
2023-03-27,-0.0049252282333451906
2023-03-28,0.0037621371790415477
2023-03-29,0.0062359902631533804
2023-03-30,0.0062848886661165167
2023-03-31,0.0091676272111320088
2023-04-03,0.0085106710385729582
2023-04-04,6.4535969795608515e-06
2023-04-05,0.002168365984778875
2023-04-06,2.6669463629930181e-05
2023-04-10,-0.0038288011510415995
2023-04-11,0.003124886313626707
2023-04-12,-0.0017911169310814436
2023-04-13,0.0073707733653229756
2023-04-14,-0.0062623866204411568
2023-04-17,-0.0029596480811203362
2023-04-18,0.002002990646311775
2023-04-19,-0.002374942350328868
2023-04-20,-0.00048819798973227552
2023-04-21,-0.0041017116481612157
2023-04-24,0.0045908564571188965
2023-04-25,-0.0056637191688715949
2023-04-26,-0.0059330066738592039
2023-04-27,0.0072036128051400482
2023-04-28,0.0095517184329995015
2023-05-01,-0.0097460863716054488
2023-05-02,-0.00069388332112008122
2023-05-03,-0.0021215814274979979
2023-05-04,-0.0045580157563294647
2023-05-05,0.0082782949592971507
2023-05-08,-0.0031623015942767174
2023-05-09,-0.0021571867266668653
2023-05-10,0.0028957987260854411
2023-05-11,-0.00089681243592149582
2023-05-12,-0.0038990051851382325
2023-05-15,0.0014628898362094747
2023-05-16,-0.0084703977373032143
2023-05-17,0.0059917784830367153
2023-05-18,0.00024533670175503925
2023-05-19,-1.6178073773831506e-05
2023-05-22,-0.00067236858342511476
2023-05-23,-0.0040698594119548013
2023-05-24,-0.0056582979284191372
2023-05-25,-0.00058500576387681108
2023-05-26,0.0091814013855142321
2023-05-30,0.0013967143697528716
2023-05-31,-0.0024993075450914339
2023-06-01,0.0089868793676392226
2023-06-02,0.0056000719356264893
2023-06-05,-0.0010176799953030002
2023-06-06,0.0042008205508977658
2023-06-07,-0.0046755098452402064
2023-06-08,0.0076098993204325224
2023-06-09,-0.00012448823704307995
2023-06-12,0.0034743692561072679
2023-06-13,0.00053517578432936723
2023-06-14,0.0022782705633403568
2023-06-15,0.010448815896294896
2023-06-16,-0.0030537903675175509
2023-06-20,-0.0060928831955048999
2023-06-21,-0.0013443926667600914
2023-06-22,-0.0047543076342274893
2023-06-23,-0.0022957484195544331
2023-06-26,0.0010214749882222261
2023-06-27,0.0042900607759808196
2023-06-28,0.001330913533219036
2023-06-29,-0.0024745454681359353
2023-06-30,0.01010291544210372
2023-07-03,0.00055754395142357813
2023-07-05,-0.0046530459055242335
2023-07-06,-0.011401672758965004
2023-07-07,0.0018894707810178993
2023-07-10,0.0023139717202343537
2023-07-11,0.0076080032012594287
2023-07-12,0.011192826461927029
2023-07-13,0.0068309391675465125
2023-07-14,-0.0053987032613733062
2023-07-17,0.0015453536816752323
2023-07-18,0.0061035323206073419
2023-07-19,0.0041264908406044238
2023-07-20,-0.0060118090686789409
2023-07-21,0.00035117147778935274
2023-07-24,0.0032127741936498816
2023-07-25,0.002815690873111865
2023-07-26,0.0016577257571248395
2023-07-27,-0.011740927973769938
2023-07-28,0.0091193690182559631
2023-07-31,0.0037132479099080463
2023-08-01,-0.0085281582980958892
2023-08-02,-0.012653361439616451
2023-08-03,-0.0055561022682228184
2023-08-04,0.003177094640426736
2023-08-07,0.00065676800282661325
2023-08-08,-0.00050370340385840211
2023-08-09,-0.00058709432467437541
2023-08-10,-0.0039939530782758586
2023-08-11,-0.00074206958048979028
2023-08-14,0.00029835152865549381
2023-08-15,-0.0098020782597226311
2023-08-16,-0.0075239978474517079
2023-08-17,-0.0029141679771242327
2023-08-18,0.001417885833028609
2023-08-21,-0.00071559310616572383
2023-08-22,0.00010404185228132237
2023-08-23,0.013511020943158871
2023-08-24,-0.0082969841230625899
2023-08-25,0.0045135608461141898
2023-08-28,0.0048800379271793596
2023-08-29,0.011388266411862793
2023-08-30,0.0019342766538535117
2023-08-31,-0.00088562433609149513
2023-09-01,0.00014763440057353745
2023-09-05,-0.0067370442084199395
2023-09-06,-0.0032701612161382507
2023-09-07,-0.0016497416003421472
2023-09-08,0.002782619044342227
2023-09-11,0.0010326185685788692
2023-09-12,0.00052291547707194476
2023-09-13,-0.00081414511783063355
2023-09-14,0.0035573880211500759
2023-09-15,-0.0071801470650123943
2023-09-18,0.0032627743187996104
2023-09-19,-0.0043391115387895751
2023-09-20,-0.0041306263941044202
2023-09-21,-0.017220499226068553
2023-09-22,0.0029447433704441698
2023-09-25,-0.0044306503968243698
2023-09-26,-0.0099291417293461259
2023-09-27,-0.00033899932019711382
2023-09-28,0.002705828320962994
2023-09-29,-0.0044210639859153973
2023-10-02,-0.0084109289125786479
2023-10-03,-0.012557442985510836
2023-10-04,0.0029865816491754732
2023-10-05,-0.0019131333803969529
2023-10-06,0.0045393742588178965
2023-10-09,0.014046498880003734
2023-10-10,0.0030428876241314629
2023-10-11,0.0072987301478467555
2023-10-12,-0.010682701041317093
2023-10-13,0.009136255837068329
2023-10-16,0.00086449803991375308
2023-10-17,-0.0017152400989956962
2023-10-18,-0.0059728157537757461
2023-10-19,-0.0075530410487783528
2023-10-20,-0.0059719154722948425
2023-10-23,0.00010448698590383416
2023-10-24,0.0061642915571995475
2023-10-25,-0.012173674446158659
2023-10-26,-0.001986615279629234
2023-10-27,-0.0036116194950234718
2023-10-30,0.0041813076904962613
2023-10-31,0.00023404267560873688
2023-11-01,0.0099055465622436521
2023-11-02,0.018642263786834767
2023-11-03,0.0069276936166117742
2023-11-06,-0.0029981607522784003
2023-11-07,0.0018065217780375673
2023-11-08,0.0011314923247951578
2023-11-09,-0.0095110676047327029
2023-11-10,0.0078175627142938638
2023-11-13,0.0005794807052694861
2023-11-14,0.018318180741694154
2023-11-15,-0.0024074332763220577
2023-11-16,0.0023809621110814864
2023-11-17,0.0038776179172518191
2023-11-20,0.0057477478197530026
2023-11-21,-0.0002137657242144042
2023-11-22,0.0015391718118023092
2023-11-24,-0.0014530120308425933
2023-11-27,0.003708440822412984
2023-11-28,0.0037502751500293253
2023-11-29,0.0017597810442120164
2023-11-30,-0.0010689600013503273
2023-12-01,0.010615611774022505
2023-12-04,-0.0079277985172868815
2023-12-05,0.0023658124598532671
2023-12-06,0.00065134206159321822
2023-12-07,0.0016690361286749056
2023-12-08,-0.0016792930402232344
2023-12-11,8.1707711998829668e-05
2023-12-12,0.0011401161807742528
2023-12-13,0.017151329332058072
2023-12-14,0.013068794099919489
2023-12-15,-0.0028835971505355384
2023-12-18,0.0017068067926826801
2023-12-19,0.0068521527223716072
2023-12-20,-0.0073935394307275528
2023-12-21,0.0055419491286093359
2023-12-22,0.00014671699159888316
2023-12-26,0.0051892742068301309
2023-12-27,0.0059699016361038021
2023-12-28,-0.0032839233554381396
2023-12-29,-0.0039238098664924285
2024-01-02,-0.0041281739699655651
2024-01-03,-0.0023996213553069187
2024-01-04,-0.0070185943731741751
2024-01-05,-0.0016102126363477186
2024-01-08,0.0061259702753501174
2024-01-09,-0.0051697029288314093
2024-01-10,-0.00045982908436372231
2024-01-11,0.0021923729119472713
2024-01-12,0.0027387183129066964
2024-01-16,-0.012101191980412217
2024-01-17,-0.0065916587782995648
2024-01-18,0.0031286541036994356
2024-01-19,0.0076125527401013872
2024-01-22,0.0012555743035766453
2024-01-23,0.00084896983736462153
2024-01-24,0.00028239687040614286
2024-01-25,0.0067831790832347258
2024-01-26,-0.00027262597524209669
2024-01-29,0.0070144979072288569
2024-01-30,0.002401655124837399
2024-01-31,-0.006597891319643368
2024-02-01,0.012651188951440464
2024-02-02,-0.0028691940648694677
2024-02-05,-0.0074540477130531973
2024-02-06,0.0069864755938610634
2024-02-07,0.0024161880103934275
2024-02-08,-0.00094046574562026142
2024-02-09,0.00012010575943952062
2024-02-12,0.0016131588960793977
2024-02-13,-0.014750425084869245
2024-02-14,0.0061527666584207828
2024-02-15,0.0083249550751255397
2024-02-16,-0.0024716489589662661
2024-02-20,-0.0018387391950984934
2024-02-21,0.00064269568047111705
2024-02-22,0.010755918439129498
2024-02-23,0.0037622831416057492
2024-02-26,-0.0026391774041076396
2024-02-27,-0.0014101946289097056
2024-02-28,-0.00017677433661168513
2024-02-29,0.0045148616232211234
2024-03-01,0.01053592248244215
2024-03-04,-0.00029800847250834885
2024-03-05,0.00031690399623462962
2024-03-06,0.0064860386701436684
2024-03-07,0.0060537668937075241
2024-03-08,-0.0013212090990194993
2024-03-11,0.0010533254723313788
2024-03-12,0.0015142933432210856
2024-03-13,0.00049434691249946032
2024-03-14,-0.004736344677169357
2024-03-15,-0.0036201454652795119
2024-03-18,0.002381789035357529
2024-03-19,0.0034032362319798668
2024-03-20,0.0063967037855964083
2024-03-21,0.0024234221307237571
2024-03-22,-0.00049183018275823494
2024-03-25,-0.00087213533866266606
2024-03-26,-0.00040399914395606874
2024-03-27,0.0080277374560922439
2024-03-28,0.0030951984302069412
2024-04-01,-0.0029131793347799196
2024-04-02,9.4581951036504155e-06
2024-04-03,0.0024578505834695007
2024-04-04,-0.004374340179092712
2024-04-05,0.0045564225187212032
2024-04-08,0.0011529733552668342
2024-04-09,0.004317883174504389
2024-04-10,-0.011928982024338603
2024-04-11,0.0053323701963683906
2024-04-12,-0.010088375123239185
2024-04-15,-0.0076574091124694882
2024-04-16,-0.0043933365517091587
2024-04-17,-0.0010594307012466162
2024-04-18,-0.0014760026716048873
2024-04-19,-0.0013181156526123838
2024-04-22,0.0012933423501393431
2024-04-23,0.0058386492912075481
2024-04-24,-0.0018190628290289282
2024-04-25,-0.0016994175269462899
2024-04-26,0.005819701470649463
2024-04-29,0.004858944792737652
2024-04-30,-0.01583515885921145
2024-05-01,0.00040762730148632389
2024-05-02,0.0075103663116295183
2024-05-03,0.0082819232183308951
2024-05-06,0.0075652648137044202
2024-05-07,0.00061481270829596404
2024-05-08,-0.0020121535115211146
2024-05-09,0.0075413207448976945
2024-05-10,-1.3614443253079405e-05
2024-05-13,-0.00050208606316427525
2024-05-14,0.0051811883980920409
2024-05-15,0.01158342447046724
2024-05-16,-0.0017213163721598755
2024-05-17,0.0031996515501003077
2024-05-20,-0.00069238202321951774
2024-05-21,0.00094364257806665538
2024-05-22,-0.0058477177654425389
2024-05-23,-0.009174724188640326
2024-05-24,0.0039488390574442984
2024-05-28,-0.00083815076782518545
2024-05-29,-0.010477518819789934
2024-05-30,5.0365339546920281e-05
2024-05-31,0.0059747919481186367
2024-06-03,0.0041422753189772066
2024-06-04,-0.00033483341095733596
2024-06-05,0.0099633691844670524
2024-06-06,0.00174548117841401
2024-06-07,-0.011952570279500911
2024-06-10,0.00229484907746087
2024-06-11,0.0034454162743842278
2024-06-12,0.0054943853112170643
2024-06-13,0.0021053471815169365
2024-06-14,0.0036654348592957573
2024-06-17,0.00082306504132257426
2024-06-18,0.0052480212026097088
2024-06-20,0.00079668256934488065
2024-06-21,-0.0037866749229082956
2024-06-24,0.0028258942452436208
2024-06-25,0.001215813262349747
2024-06-26,-0.0056515903361549439
2024-06-27,0.0036265116574156321
2024-06-28,-0.0056378441728517645
2024-07-01,-0.0028110045613714443
2024-07-02,0.0048590555824529931
2024-07-03,0.0086694047769634193
2024-07-05,0.0052513566317648596
2024-07-08,-0.0014460520620440897
2024-07-09,-0.00093145654831769398
2024-07-10,0.0065387159199043927
2024-07-11,0.0032703701729967171
2024-07-12,0.0041589032476852918
2024-07-15,-0.00083259440327056438
2024-07-16,0.0099015765822186505
2024-07-17,-0.0068806123568558204
2024-07-18,-0.0067009747603319625
2024-07-19,-0.0088832197789609213
2024-07-22,0.0036593238498726973
2024-07-23,-0.0029229465975297076
2024-07-24,-0.013733085068545625
2024-07-25,-0.0010590247355687752
2024-07-26,0.009351767558303737
2024-07-29,0.00018132273232149829
2024-07-30,0.0015373758016610337
2024-07-31,0.014384857202622182
2024-08-01,-0.0084208028873823566
2024-08-02,-0.0039431884143921242
2024-08-05,-0.017273031742331302
2024-08-06,-0.0019223535661295197
2024-08-07,-0.0035180774799342448
2024-08-08,0.014488747693503378
2024-08-09,0.0053715857384176065
2024-08-12,0.0045159502188474527
2024-08-13,0.0082275099769054064
2024-08-14,0.0016516958766996993
2024-08-15,0.0076122858961905132
2024-08-16,0.0061852036549426845
2024-08-19,0.0063751993911905728
2024-08-20,-0.0015187190760529881
2024-08-21,0.0018865534358119441
2024-08-22,-0.0083949645840843308
2024-08-23,0.010783029892438746
2024-08-26,-0.0010581518573302751
2024-08-27,-0.0002717803104320626
2024-08-28,-0.0049447292343752286
2024-08-29,0.0013446067721397392
2024-08-30,0.0006654625747920587
2024-09-03,-0.0092611331842858413
2024-09-04,0.0010896350338734258
2024-09-05,0.001057554851659048
2024-09-06,-0.010951918572929854
2024-09-09,0.0077478330321809619
2024-09-10,0.0020532583605154088
2024-09-11,0.0034771147407316513
2024-09-12,0.0065654241677912837
2024-09-13,0.0052878088096917188
2024-09-16,0.004340708254317361
2024-09-17,-0.00040721324735596396
2024-09-18,-0.0055968272604524257
2024-09-19,0.011645604549580902
2024-09-20,-0.00017241953101600506
2024-09-23,0.0027725582620854896
2024-09-24,0.0063492084053836662
2024-09-25,-0.0061789989158218765
2024-09-26,0.0046373292373659385
2024-09-27,0.0013733009452543137
2024-09-30,-0.0016985967299664559
2024-10-01,0.0027929017734869888
2024-10-02,0.0010871799373652681
2024-10-03,-0.0026155267188827215
2024-10-04,0.0021158404934888135
2024-10-07,-0.0048237986826673513
2024-10-08,-0.0019806933904625628
2024-10-09,0.00059506455899778769
2024-10-10,0.00029473055423746006
2024-10-11,0.0043573536189226211
2024-10-14,0.0027607574981174002
2024-10-15,-0.0048938981820903175
2024-10-16,0.0047959141064763729
2024-10-17,-0.0027052224974686008
2024-10-18,0.0039766004979762126
2024-10-21,-0.0060502268594816609
2024-10-22,0.0016634815483846154
2024-10-23,-0.0072536028815370582
2024-10-24,0.0034553556344847362
2024-10-25,-0.0013546489907508229
2024-10-28,0.00037238748934059198
2024-10-29,0.00082900730156254543
2024-10-30,-0.00039694547325447326
2024-10-31,-0.0097827878964767516
2024-11-01,-0.0029937568629184006
2024-11-04,0.0055440967783692225
2024-11-05,0.0085360207331776749
2024-11-06,0.001065791870703987
2024-11-07,0.010387034034852527
2024-11-08,0.0020900299493712693
2024-11-11,-0.0045521662359191521
2024-11-12,-0.0087116528649384406
2024-11-13,-0.0035550521090098263
2024-11-14,-0.0016905251929194625
2024-11-15,-0.0062011824176910263
2024-11-18,0.0074070174698583017
2024-11-19,0.0033759374524275462
2024-11-20,0.0010723452136920609
2024-11-21,0.0038067982657649935
2024-11-22,0.0034893847548635335
2024-11-25,0.0015054720826063021
2024-11-26,0.00085685005484850718
2024-11-27,0.00088755060362588623
2024-11-29,0.0069521630388358459
2024-12-02,-0.00065994836166672352
2024-12-03,-0.0014732119900757847
2024-12-04,0.0034656362074718459
2024-12-05,-0.00020785213631644957
2024-12-06,-0.00066988575104809378
2024-12-09,-0.00098837918774292771
2024-12-10,-0.0027364622260569907
2024-12-11,0.0027337824409475967
2024-12-12,-0.0086026256434145205
2024-12-13,-0.0048567866166972888
2024-12-16,7.7110024826187898e-05
2024-12-17,-0.002599734280959626
2024-12-18,-0.023208633799373959
2024-12-19,-0.0042299565011732435
2024-12-20,0.0091809867438895978
2024-12-23,0.00055103792776846079
2024-12-24,0.0069536877019601984
2024-12-26,0.00046259716570288254
2024-12-27,-0.0077499406912128537
2024-12-30,-0.0038494640962817906
2024-12-31,-0.00087924569573315518
2025-01-02,0.0027663443344842164
2025-01-03,0.0048910852695823797
2025-01-06,0.000900979405430591
2025-01-07,-0.0062060306760660378
2025-01-08,0.0013279839526629809
2025-01-10,-0.0076192393061834006
2025-01-13,0.00046267924295472266
2025-01-14,0.0031300535886870815
2025-01-15,0.01549651765197654
2025-01-16,0.0016784244186739627
2025-01-17,0.0052130976899824166
2025-01-21,0.0087790058250645994
2025-01-22,-3.6274428583749286e-05
2025-01-23,0.00072079066773261845
2025-01-24,0.00057880515891604021
2025-01-27,-0.0071229578693511935
2025-01-28,0.0043488414679803853
2025-01-29,-0.0026325089992043195
2025-01-30,0.0075633792805701264
2025-01-31,-0.0074027182443967329
2025-02-03,4.6152782162811666e-05
2025-02-04,0.008815969163435966
2025-02-05,0.0066370307008983822
2025-02-06,-0.00054021702043559046
2025-02-07,-0.0051113787904900117
2025-02-10,0.0079066977553439895
2025-02-11,-0.0014270059934836487
2025-02-12,-0.0063841203232018976
2025-02-13,0.011249975149960623
2025-02-14,0.00024732646906036073
2025-02-18,0.0027100227801658159
2025-02-19,0.0019692688609255545
2025-02-20,0.0011804671257667153
2025-02-21,-0.0063259866195629682
2025-02-24,-0.0017950436642324764
2025-02-25,-0.0010283090615097583
2025-02-26,0.0023332741021902751
2025-02-27,-0.011846525782378181
2025-02-28,0.0085503748574732325
2025-03-03,-0.0082380956191489673
2025-03-04,-0.0066360765660189568
2025-03-05,0.0041417005899761
2025-03-06,-0.00901561092002689
2025-03-07,0.0037260036833577431
2025-03-10,-0.01100247982142118
2025-03-11,-0.0033152018549808659
2025-03-12,0.0022879462897064605
2025-03-13,-0.0015639548875475695
2025-03-14,0.011785230858359575
2025-03-17,0.0084422071680133621
2025-03-18,-0.0026671149247450955
2025-03-19,0.0081429794669219194
2025-03-20,-0.0017468781535863787
2025-03-21,-0.0037438233922476474
2025-03-24,0.0055201237092051044
2025-03-25,0.0017127572466252405
2025-03-26,-0.0065573133360882002
2025-03-27,-0.00025493475811013701
2025-03-28,-0.0058198243568470366
2025-03-31,0.0082516260248732716
2025-04-01,0.0039083745252493588
2025-04-02,0.0029504145618917954
2025-04-03,-0.029439006120909165
2025-04-04,-0.038966096541931249
2025-04-07,-0.015843067679894358
2025-04-08,-0.013888903270261051
2025-04-09,0.063703888112767046
2025-04-10,-0.029012138910584764
2025-04-11,0.016978265166479854
2025-04-14,0.0060736451955625105
2025-04-15,0.00030362266886860831
2025-04-16,-0.0029571233996730679
2025-04-17,0.00073173318947266112
2025-04-21,-0.011888088666338205
2025-04-22,0.013721502118318903
2025-04-23,0.0059970426261341482
2025-04-24,0.015999300965676776
2025-04-25,0.0027399271011079251
2025-04-28,0.0047518809683425364
2025-04-29,0.0031415090307621908
2025-04-30,-0.0054303599120477889
2025-05-01,-0.0011989204321846691
2025-05-02,0.0078113960477521225
2025-05-05,-0.00025971682224791895
2025-05-06,0.0013191705843909485
2025-05-07,-0.00062414216430609071
2025-05-08,-0.0017055930859135252
2025-05-09,0.0026297056654283721
2025-05-12,0.011432281675137296
2025-05-13,0.0038472108676404944
2025-05-14,-0.0041482190206251542
2025-05-15,0.0069248839554842392
2025-05-16,0.0011718927198364152
2025-05-19,0.00056316080622343398
2025-05-20,-0.0013851910988407212
2025-05-21,-0.012007393328287775
2025-05-22,-0.00057614796752115667
2025-05-23,0.0017010161432948641
2025-05-27,0.0098909529657303045
2025-05-28,-0.0054579296570580801
2025-05-29,0.0058987171131176901
2025-05-30,-0.0031593102422784796
2025-06-02,0.0059509390823135611
2025-06-03,0.0019387664185779808
2025-06-04,0.0042071398697315129
2025-06-05,-0.0020988139750518055
2025-06-06,0.0011159612933934308
2025-06-09,0.0023762621803350981
2025-06-10,0.0059527738865592381
2025-06-11,0.0022943276249287603
2025-06-12,0.0069570605556484753
2025-06-13,-0.0047597628106291088
2025-06-16,7.8196329750390833e-05
2025-06-17,-0.00067784914368432822
2025-06-18,-0.0011102533595086729
2025-06-20,-0.0010215604538372225
2025-06-23,0.0035112250234634935
2025-06-24,0.0051646792545515354
2025-06-25,0.00064216667300157635
2025-06-26,0.0063189196994181641
2025-06-27,-0.0032413238701669341
2025-06-30,0.0059078016355759702
2025-07-01,0.0027818631789466534
2025-07-02,0.0032087307348361077
2025-07-03,0.00095605546643463552
2025-07-07,-0.0076345973243811763
2025-07-08,0.0012109500407518517
2025-07-09,0.0050108781200159831
2025-07-10,0.0026646703853620115
2025-07-11,-0.0032943062301823201
2025-07-14,-0.0012640351294429806
2025-07-15,-0.0048012831398617844
2025-07-16,0.0020475641372244332
2025-07-17,0.0032509539115366422
2025-07-18,-0.00055231525070962304
2025-07-21,0.0049095766029044084
2025-07-22,0.0035225925972114935
2025-07-23,0.0027351694265325419
2025-07-24,-0.001047654393092018
2025-07-25,0.0011944517663931176
2025-07-28,-0.0022211875707608799
2025-07-29,0.0045959420984513335
2025-07-30,-0.0065426327764867235
2025-07-31,-0.0014690425237188665
2025-08-01,-0.0025560467246293801
2025-08-04,0.0084519382460165118
2025-08-05,-0.00072461799614335063
2025-08-06,0.00084946187761952277
2025-08-07,0.00094957915510101003
2025-08-08,0.0025608999377884304
2025-08-11,-0.0037445494293511404
2025-08-12,0.0045672170731611839
2025-08-13,0.0062568022570833942
2025-08-14,-0.0040882937662130303
2025-08-15,-0.0025094936321963524
2025-08-18,-0.0010600721224510168
2025-08-19,-0.002321034208123041
2025-08-20,0.0016976743177445353
2025-08-21,-0.0028964858952666541
2025-08-22,0.013632196707517653
2025-08-25,-0.0031524793004074126
2025-08-26,0.0022034704059786473
2025-08-27,0.0014506346208744466
2025-08-28,0.0053167507447280278
2025-08-29,-0.0026490997984258921
2025-09-02,-0.0012145734009581417
2025-09-03,0.0042258254688236742
2025-09-04,0.0049328728833303581
2025-09-05,0.0039279655791584316
2025-09-08,0.0067047445657436927
2025-09-09,0.00019538519083617831
2025-09-10,0.0055547511546671256
2025-09-11,0.0062495009232620682
2025-09-12,-0.0015694481077272006
2025-09-15,0.0046625706629721984
2025-09-16,0.0026940609740182643
2025-09-17,-0.0016231014328827956
2025-09-18,-0.0018670219925798533
2025-09-19,0.0015432859876469362
2025-09-22,0.0039651044870904154
2025-09-23,0.0019617173873294198
2025-09-24,-0.0026207296182399636
2025-09-25,-0.00090754229994383106
2025-09-26,0.0036648870833750906
2025-09-29,0.0047250454192974915
2025-09-30,0.0013942059649563686
2025-10-01,0.003031473030105591
2025-10-02,0.00012337259130021936
2025-10-03,0.0015517336381697276
2025-10-06,0.0032313344238689649
2025-10-07,0.0001146449299593399
2025-10-08,0.0052694209064283355
2025-10-09,-0.0065105023569345666
2025-10-10,-0.01184396475221481
2025-10-13,0.013913276338600783
2025-10-14,0.00047342270314786332
2025-10-15,0.0054098840401335339
2025-10-16,0.0021044211653223448
2025-10-17,-0.00013286520977205966
2025-10-20,0.013004124990265518
2025-10-21,-0.0097583696235904131
2025-10-22,-0.00071224777085618937
2025-10-23,0.0034787572902206859
2025-10-24,0.002521526422188575
2025-10-27,0.0027358935397914785
2025-10-28,-0.00043681286593240669
2025-10-29,-0.0015839019372920313
2025-10-30,-0.0045339227680687207
2025-10-31,0.00024914244539808749
2025-11-03,0.0010386220856498651
2025-11-04,-0.0097225533812304154
2025-11-05,0.0015575488220778311
2025-11-06,-0.001995218890011652
2025-11-07,0.0019288171205734952
2025-11-10,0.012951598762687864
2025-11-11,0.0040650678139648516
2025-11-12,0.001703329427572009
2025-11-13,-0.010817510987241026
2025-11-14,-0.002442442458208704
2025-11-17,-0.0078356983529729706
2025-11-18,-0.002053606674543124
2025-11-19,-0.00036303597782866856
2025-11-20,-0.0076654273238800806
2025-11-21,0.0051201859587875825
2025-11-24,0.010463692301906592
2025-11-25,0.004079887063962612
2025-11-26,0.0065496778181781904
2025-11-28,0.0043189858648204791
2025-12-01,-0.0033269802607849004
2025-12-02,-0.0013677776054278
2025-12-03,0.0038979175799869373
2025-12-04,-0.00055167232465498368
2025-12-05,-0.00032220164619985994
2025-12-08,-0.0037279143371348857
2025-12-09,0.0011330565067025121
2025-12-10,0.0064269285629800612
2025-12-11,0.0012586782110243445
2025-12-12,-0.0080165389781077234
2025-12-15,-0.001294163406574267
2025-12-16,-0.0033716010016561441
2025-12-17,-0.0018439431755815135
2025-12-18,0.0036350608537611406
2025-12-19,0.0038391016772040985
2025-12-22,0.0069867084080378842
2025-12-23,0.0054280789232437282
2025-12-24,0.0022116756402382927
2025-12-26,0.001202467808272495
2025-12-29,-0.0063196382244768588
2025-12-30,0.00018900185029649402
2025-12-31,-0.006791345802657783
2026-01-02,0.0060049182380784057
2026-01-05,0.011664982576193883
2026-01-06,0.0015591906595047722
2026-01-07,-0.0031306704752210703
2026-01-08,0.0027164283361116042
2026-01-09,0.0061241667707063957
2026-01-12,0.0033903202014191614
2026-01-13,9.6897229849229796e-05
2026-01-14,0.0036916995220989349
2026-01-15,-0.00023403837256470987
2026-01-16,-0.0027124075828206086
2026-01-20,-0.0068982092230372724
2026-01-21,0.01277965622398468
2026-01-22,0.0070301816914863039
2026-01-23,0.004093909115309935
2026-01-26,0.0056500533965080264
2026-01-27,0.0066087660984511243
2026-01-28,0.00665074663600922
2026-01-29,7.8553989925955856e-05
2026-01-30,-0.019150415445745795
2026-02-02,-0.0063875150117907896
2026-02-03,0.010539088384519179
2026-02-04,-0.0017744306541819521
2026-02-05,-0.0079076886759320512
2026-02-06,0.017078281711816891
2026-02-09,0.0071468819199126121
2026-02-10,0.00038005579192076916
2026-02-11,0.0044739688939002325
2026-02-12,-0.011023111660603786
2026-02-13,0.0064991047053676301
2026-02-17,-0.00512515171297479
2026-02-18,0.0068847256853287178
2026-02-19,0.00010038414351182245
2026-02-20,0.0068501995752594247
2026-02-23,0.00027567268690907804
2026-02-24,0.0027570211115642953
2026-02-25,0.0037114619910022244
2026-02-26,-0.000554038116966327
2026-02-27,0.0029452190163838259
2026-03-02,-6.8084535121382041e-05
2026-03-03,-0.016639461098840142
2026-03-04,0.003706686283973931
2026-03-05,-0.0069311241319326925
2026-03-06,-0.004175687724248001
2026-03-09,0.0068991459913023473
2026-03-10,-0.0024975096229778453
2026-03-11,-0.0015012498874183262
2026-03-12,-0.011775310838875354
2026-03-13,-0.0053736587951312429
2026-03-16,0.0090011453194527025
2026-03-17,0.0030496157430730695
2026-03-18,-0.013890110655639908
2026-03-19,-0.0039484400257466688
2026-03-20,-0.018581812747572805
2026-03-23,0.0066398396329473974
2026-03-24,-0.0017582339130074343
2026-03-25,0.010303522405583122
2026-03-26,-0.016711697190690086
2026-03-27,-0.0017174952829333073
2026-03-30,0.00017282120380218171
2026-03-31,0.019648222898043226
2026-04-01,0.0024292838316043279
2026-04-02,-0.0016285625735856454
2026-04-06,0.002517305254816549
2026-04-07,0.0027607466848376836
2026-04-08,0.013894857004098848
2026-04-09,0.0013365901746070219
2026-04-10,-0.0013531675869285829
2026-04-13,0.0051938170585045344
2026-04-14,0.0094366771705355016
2026-04-15,0.00010283460169794342
2026-04-16,0.0011424912571947224
2026-04-17,0.0082656399722728213
2026-04-20,-0.0027809220349991389
2026-04-21,-0.008264550360322016
2026-04-22,0.0095429233118417122
2026-04-23,-0.0044010908216863482
2026-04-24,0.0063672567898963141
2026-04-27,-0.0020466835291449714
2026-04-28,-0.0038356205337234162
2026-04-29,-0.0017899875376913843
2026-04-30,0.009116513925945556
2026-05-01,0.0007091530357671796
2026-05-04,-0.005494979707548503
2026-05-05,0.008008685011029016
2026-05-06,0.011087365450803344
2026-05-07,-0.0054002922920375071
2026-05-08,0.0068642780620592038
2026-05-11,0.0022706504483100409
2026-05-12,-0.0052144378790671582
2026-05-13,0.0030531679182108419
2026-05-14,0.0033815790825639518
2026-05-15,-0.013073259515921594
2026-05-18,0.0015937350554360073
2026-05-19,-0.0066849760372905079
2026-05-20,0.0083666787997563209
2026-05-21,0.0013198678884758007
2026-05-22,0.0021794218416793685
2026-05-26,0.0050290118044158949
2026-05-27,-0.0029792851876082717
2026-05-28,0.0053192886466985395
2026-05-29,0.0014621953416168675
2026-06-01,0.0030682768659017097
2026-06-02,0.0035005621488283459
2026-06-03,-0.0052338727197840558
2026-06-04,0.0022140501604167918
2026-06-05,-0.025457184632105598
2026-06-08,0.0029427998566280201
2026-06-09,-0.0036525254413971803
2026-06-10,-0.013493337902156172
2026-06-11,0.017192181756399642
2026-06-12,0.0029538711250072626
2026-06-15,0.010606033471559712
2026-06-16,-0.0025387777641554979
2026-06-17,-0.0093584398973941777
2026-06-18,0.0064101709436499904
2026-06-22,-0.002283431177779998
2026-06-23,-0.01325829266964778
2026-06-24,-0.0028101862631243696
2026-06-25,0.0039699836613996953
2026-06-26,-0.0027661123887595123
2026-06-29,0.004694364242332244
2026-06-30,0.00066497067926885045
2026-07-01,-0.0047130152868696713
2026-07-02,0.0020959828875709683
2026-07-06,0.007579464026262318
2026-07-07,-0.006251048435176404
2026-07-08,-0.00047256244940290805
2026-07-09,0.0046930893049467962
2026-07-10,0.0018548083034083342
2026-07-13,-0.009046868090308257
2026-07-14,0.0059828699733026408
2026-07-15,0.0011993521710389366
2026-07-16,-0.0064177969930722615
2026-07-17,-0.001865172786370384
2026-07-20,-0.0019616394515758421
2026-07-21,0.0093601930588588338
2026-07-22,0.0012632675779735811
2026-07-23,-0.0090517074561066065
2026-07-24,-0.00076146011659437027
2026-07-27,0.0010337733734028464
2026-07-28,-0.0030196447352515308
2026-07-29,-0.0097783538309505376
2026-07-30,0.01366811997322297
2026-07-31,0.00077111537627269134
2026-08-03,0.0056724587992857175
2026-08-04,0.012269246311983673
2026-08-05,0.0034587059426336329
2026-08-06,-0.0016553462474738268
2026-08-07,0.0063794881104859095
2026-08-10,0.0032434204002395823
2026-08-11,0.00017441710219041093
2026-08-12,0.0039782927547316604
2026-08-13,0.0024247639908140939
2026-08-14,-0.00022216250933924101
2026-08-17,-0.00034724631714340708
2026-08-18,-0.0055003098959629749
2026-08-19,0.011778744356914971
2026-08-20,-0.0038541448989891534
2026-08-21,0.0042598710382180435
2026-08-24,-0.00077917198638023416
2026-08-25,0.0045797339078936907
2026-08-26,-0.00230838819243141
2026-08-27,0.002997409590480771
2026-08-28,-0.0065949937769962715
2026-08-31,-0.00059075718277030737
