Date,SPY,TLT,GLD,XLE,EEM
2008-01-02,103.22969055175781,53.382381439208984,84.860000610351562,22.401750564575195,33.408058166503906
2008-01-03,103.17983245849609,53.308856964111328,85.569999694824219,22.666631698608398,33.708648681640625
2008-01-04,100.65125274658203,53.320140838623047,85.129997253417969,21.838191986083984,32.696147918701172
2008-01-07,100.56576538085938,53.552070617675781,84.769996643066406,21.753650665283203,32.935703277587891
2008-01-08,98.941802978515625,53.489837646484375,86.779998779296875,21.37324333190918,32.680324554443359
2008-01-09,99.981719970703125,53.591705322265625,86.550003051757812,21.655036926269531,33.7515869140625
2008-01-10,100.63700103759766,52.867698669433594,88.25,21.564855575561523,34.149360656738281
2008-01-11,99.825035095214844,53.280612945556641,88.580001831054688,21.302789688110352,33.188827514648438
2008-01-14,100.62989044189453,53.478553771972656,89.540000915527344,21.725469589233398,33.677009582519531
2008-01-15,98.414680480957031,54.078098297119141,87.989997863769531,20.826593399047852,32.153728485107422
2008-01-16,97.567138671875,53.68780517578125,86.699996948242188,20.133392333984375,30.815793991088867
2008-01-17,95.038551330566406,54.383510589599609,86.5,19.372587203979492,29.918537139892578
2008-01-18,94.062721252441406,54.010238647460938,87.419998168945312,19.41485595703125,30.601076126098633
2008-01-22,93.1082763671875,54.587177276611328,88.169998168945312,18.865379333496094,29.832660675048828
2008-01-23,95.344833374023438,54.462684631347656,87.889999389648438,19.040081024169922,30.022510528564453
2008-01-24,96.149696350097656,53.37109375,90.080001831054688,19.710725784301758,30.605600357055664
2008-01-25,94.760719299316406,54.270439147949219,90.300003051757812,19.358489990234375,30.140031814575195
2008-01-28,96.327728271484375,54.066806793212891,91.75,19.798076629638672,30.885843276977539
2008-01-29,96.80499267578125,53.699119567871094,91.150001525878906,20.020687103271484,30.734430313110352
2008-01-30,96.09271240234375,53.348468780517578,92.05999755859375,19.769905090332031,30.329866409301758
2008-01-31,97.844902038574219,53.727394104003906,91.400001525878906,19.612098693847656,30.937829971313477
2008-02-01,99.419029235839844,54.050376892089844,89.349998474121094,20.105218887329102,31.554817199707031
2008-02-04,98.165428161621094,53.494152069091797,89.099998474121094,20.119318008422852,31.652002334594727
2008-02-05,95.537094116210938,53.902797698974609,87.680000305175781,19.288051605224609,29.947914123535156
2008-02-06,94.76788330078125,53.738197326660156,88.949996948242188,19.023172378540039,29.457485198974609
2008-02-07,95.394676208496094,52.580310821533203,89.849998474121094,19.39794921875,29.956975936889648
2008-02-08,94.782112121582031,53.181968688964844,91,19.682550430297852,29.90046501159668
2008-02-11,95.266464233398438,53.403331756591797,91.330001831054688,20.189762115478516,30.271108627319336
2008-02-12,96.149696350097656,53.085487365722656,89.330001831054688,20.178485870361328,30.759284973144531
2008-02-13,97.132659912109375,52.523574829101562,89.44000244140625,20.668781280517578,31.450862884521484
2008-02-14,96.27789306640625,51.751674652099609,89.709999084472656,20.491266250610352,31.046308517456055
2008-02-15,96.256484985351562,52.148967742919922,89.150001525878906,20.527898788452148,31.267795562744141
2008-02-19,96.527175903320312,51.621147155761719,91.580001831054688,21.20417594909668,31.676860809326172
2008-02-20,96.812095642089844,51.978694915771484,93.239997863769531,21.457786560058594,31.941295623779297
2008-02-21,96.007225036621094,52.529300689697266,93.25,20.868856430053711,31.493810653686523
2008-02-22,96.598411560058594,52.228446960449219,93.389999389648438,21.105554580688477,31.916427612304688
2008-02-25,97.816413879394531,51.694919586181641,92.739997863769531,21.708572387695312,32.510814666748047
2008-02-26,98.550041198730469,51.711967468261719,93.709999084472656,22.077701568603516,32.940235137939453
2008-02-27,98.450325012207031,51.757316589355469,94.779998779296875,21.790285110473633,33.218219757080078
2008-02-28,97.48876953125,52.676822662353516,95.989997863769531,22.16505241394043,32.861125946044922
2008-02-29,95.316368103027344,53.482795715332031,96.180000305175781,21.429603576660156,31.554817199707031
2008-03-03,95.088401794433594,53.344928741455078,97.239997863769531,21.697299957275391,31.72657585144043
2008-03-04,94.72515869140625,52.826503753662109,95.180000305175781,21.274623870849609,30.989799499511719
2008-03-05,95.323448181152344,52.194156646728516,97.720001220703125,21.81001091003418,31.640691757202148
2008-03-06,93.350440979003906,52.473308563232422,96.5,21.37324333190918,30.555885314941406
2008-03-07,92.388893127441406,52.541671752929688,96.089996337890625,20.78431510925293,30.133255004882812
2008-03-10,91.170913696289062,53.316375732421875,95.870002746582031,20.527898788452148,29.604406356811523
2008-03-11,94.447372436523438,52.860698699951172,95.989997863769531,21.584583282470703,31.595500946044922
2008-03-12,93.564132690429688,53.880458831787109,97.010002136230469,21.105554580688477,31.010154724121094
2008-03-13,93.770675659179688,53.458873748779297,98.339996337890625,21.457786560058594,30.727645874023438
2008-03-14,92.31768798828125,54.119667053222656,98.709999084472656,21.06610107421875,29.638301849365234
2008-03-17,91.384590148925781,54.535564422607422,99.169998168945312,20.330654144287109,28.906028747558594
2008-03-18,95.180999755859375,54.324764251708984,96.5,21.218257904052734,30.408981323242188
2008-03-19,92.823379516601562,55.224864959716797,93.040000915527344,19.922060012817383,28.582855224609375
2008-03-20,94.542724609375,55.361595153808594,89.910003662109375,20.010524749755859,29.064250946044922
2008-03-24,96.43243408203125,54.290626525878906,90.099998474121094,20.360937118530273,30.17845344543457
2008-03-25,96.525489807128906,54.518444061279297,92.730003356933594,20.564395904541016,30.641769409179688
2008-03-26,95.344406127929688,54.290626525878906,93.800003051757812,21.010898590087891,30.393156051635742
2008-03-27,95.043785095214844,53.908908843994141,93.459999084472656,20.798952102661133,30.246244430541992
2008-03-28,94.134719848632812,54.433036804199219,91.879997253417969,20.742437362670898,30.1920166015625
2008-03-31,94.463958740234375,54.626743316650391,90.410003662109375,20.928947448730469,30.37055778503418
2008-04-01,97.785270690917969,53.737651824951172,86.860000610351562,21.321743011474609,31.536746978759766
2008-04-02,97.849708557128906,53.852069854736328,89.269996643066406,21.618480682373047,31.559347152709961
2008-04-03,98.093093872070312,53.972187042236328,89.419998168945312,21.669338226318359,31.943552017211914
2008-04-04,97.985702514648438,54.464256286621094,90.25,21.847385406494141,31.814727783203125
2008-04-07,98.035850524902344,54.178199768066406,91.169998168945312,21.963253021240234,32.237354278564453
2008-04-08,97.93560791015625,53.989345550537109,90.349998474121094,22.211915969848633,32.061061859130859
2008-04-09,97.226951599121094,54.550025939941406,92.290000915527344,22.254306793212891,31.56159782409668
2008-04-10,97.362953186035156,54.366973876953125,91.769996643066406,22.211915969848633,32.01361083984375
2008-04-11,95.473258972167969,54.733123779296875,91.300003051757812,21.901079177856445,31.491525650024414
2008-04-14,95.151161193847656,54.412731170654297,91.110000610351562,22.404090881347656,31.416959762573242
2008-04-15,95.373085021972656,53.737651824951172,91.660003662109375,22.522785186767578,31.785348892211914
2008-04-16,97.957046508789062,53.211353302001953,93.269996643066406,23.285791397094727,32.725528717041016
2008-04-17,98.100250244140625,53.119792938232422,92.55999755859375,23.266008377075195,32.488216400146484
2008-04-18,99.123832702636719,53.074020385742188,90.620002746582031,23.622066497802734,32.978656768798828
2008-04-21,99.173973083496094,53.285701751708984,90.25,23.890535354614258,33.145893096923828
2008-04-22,98.7373046875,53.468757629394531,90.269996643066406,23.901836395263672,32.838527679443359
2008-04-23,98.579818725585938,53.291431427001953,89.220001220703125,23.715326309204102,33.310878753662109
2008-04-24,99.009284973144531,52.839469909667969,87.220001220703125,23.093626022338867,32.883735656738281
2008-04-25,99.925552368164062,52.530544281005859,87.269996643066406,23.421417236328125,33.125560760498047
2008-04-28,99.946975708007812,52.690723419189453,87.69000244140625,23.46098518371582,33.062271118164062
2008-04-29,99.553352355957031,52.890945434570312,85.80999755859375,22.932535171508789,32.476921081542969
2008-04-30,98.966361999511719,53.268512725830078,86.650001525878906,23.102094650268555,33.145893096923828
2008-05-01,101.01349639892578,53.271961212158203,83.989997863769531,22.596261978149414,33.498458862304688
2008-05-02,101.29270935058594,52.600200653076172,84.580001831054688,23.022974014282227,33.81939697265625
2008-05-05,100.80597686767578,52.600200653076172,86.269996643066406,23.35643196105957,33.794521331787109
2008-05-06,101.67922210693359,52.221218109130859,86.629997253417969,23.975318908691406,34.171966552734375
2008-05-07,99.868255615234375,52.445167541503906,85.819999694824219,23.52882194519043,33.154941558837891
2008-05-08,99.610580444335938,52.915977478027344,87.239997863769531,24.00074577331543,33.496192932128906
2008-05-09,99.424461364746094,53.111160278320312,87.419998168945312,23.955528259277344,33.222736358642578
2008-05-12,100.54111480712891,53.030838012695312,86.989997863769531,23.822711944580078,33.649887084960938
2008-05-13,100.55540466308594,52.450904846191406,85.389999389648438,24.212699890136719,33.810356140136719
2008-05-14,100.76300811767578,52.473896026611328,85.199996948242188,23.935758590698242,33.891716003417969
2008-05-15,102.02285003662109,52.950473785400391,87,24.252254486083984,34.612663269042969
2008-05-16,102.11587524414062,52.732254028320312,89.099998474121094,25.136791229248047,35.053371429443359
2008-05-19,102.39506530761719,52.801170349121094,89.389999389648438,25.292209625244141,35.060165405273438
2008-05-20,101.56471252441406,53.076751708984375,90.900001525878906,25.543712615966797,34.452201843261719
2008-05-21,99.846794128417969,53.088233947753906,91.959999084472656,25.165040969848633,34.101905822753906
2008-05-22,99.861137390136719,52.462440490722656,90.980003356933594,24.797672271728516,34.201335906982422
2008-05-23,98.522567749023438,52.692058563232422,91.230003356933594,24.37660026550293,33.604694366455078
2008-05-27,99.252685546875,52.336063385009766,89.360000610351562,24.218341827392578,33.550441741943359
2008-05-28,99.710769653320312,51.870990753173828,89.139999389648438,24.729843139648438,34.002456665039062
2008-05-29,100.21184539794922,51.497810363769531,86.510002136230469,24.054439544677734,34.077041625976562
2008-05-30,100.46239471435547,51.836544036865234,87.449996948242188,24.303125381469727,34.194557189941406
2008-06-02,99.424461364746094,52.036460876464844,87.959999084472656,24.447248458862305,33.787742614746094
2008-06-03,98.844642639160156,52.411067962646484,86.879997253417969,23.921619415283203,33.177539825439453
2008-06-04,98.794548034667969,51.944286346435547,86.650001525878906,23.5655517578125,32.888240814208984
2008-06-05,100.77016448974609,51.633098602294922,86.449996948242188,24.79484748840332,33.934646606445312
2008-06-06,97.556190490722656,52.301570892333984,89.05999755859375,24.30877685546875,32.705196380615234
2008-06-09,97.792442321777344,52.301570892333984,87.989997863769531,25.023740768432617,32.621559143066406
2008-06-10,97.305702209472656,51.961570739746094,85.550003051757812,24.407697677612305,31.868968963623047
2008-06-11,95.874122619628906,51.840606689453125,87.019996643066406,24.557458877563477,31.392091751098633
2008-06-12,96.2391357421875,51.321945190429688,85.599998474121094,24.18443489074707,31.575162887573242
2008-06-13,97.456039428710938,51.212425231933594,85.830001831054688,24.472673416137695,31.916427612304688
2008-06-16,97.513259887695312,51.223960876464844,87.010002136230469,24.560295104980469,32.024909973144531
2008-06-17,97.040870666503906,51.327709197998047,87.25,24.967216491699219,32.160503387451172
2008-06-18,96.096023559570312,51.759918212890625,88.279998779296875,25.06330680847168,32.004573822021484
2008-06-19,96.217689514160156,51.454479217529297,88.419998168945312,24.461383819580078,32.054298400878906
2008-06-20,94.655906677246094,51.754112243652344,88.949996948242188,24.296474456787109,31.007883071899414
2008-06-23,94.562408447265625,51.863636016845703,87.089996337890625,25.256999969482422,31.098293304443359
2008-06-24,94.375350952148438,52.209354400634766,87.470001220703125,24.778148651123047,30.960418701171875
2008-06-25,94.821357727050781,52.232425689697266,87.419998168945312,24.684658050537109,31.580371856689453
2008-06-26,92.245986938476562,52.583950042724609,90.610000610351562,24.50615119934082,30.496845245361328
2008-06-27,91.742416381835938,53.200515747070312,91.470001220703125,24.721473693847656,30.791723251342773
2008-06-30,92.066162109375,53.212108612060547,91.400001525878906,25.069997787475586,31.024879455566406
2008-07-01,92.353912353515625,53.086006164550781,92.660003662109375,25.174827575683594,30.471689224243164
2008-07-02,90.771286010742188,53.363601684570312,93.169998168945312,24.415472030639648,29.603029251098633
2008-07-03,90.864776611328125,53.247955322265625,92.05999755859375,24.055629730224609,29.518449783325195
2008-07-07,89.936775207519531,53.490833282470703,91.230003356933594,23.452121734619141,29.413299560546875
2008-07-08,91.533821105957031,53.837856292724609,90.860000610351562,23.063941955566406,29.774477005004883
2008-07-09,89.771331787109375,54.074970245361328,91.5,22.624759674072266,29.173280715942383
2008-07-10,90.138221740722656,54.069187164306641,93.529998779296875,23.318944931030273,29.701332092285156
2008-07-11,89.087936401367188,53.299976348876953,95.160003662109375,23.177274703979492,29.50245475769043
2008-07-14,88.2822265625,53.768405914306641,95.910003662109375,23.330276489257812,29.465871810913086
2008-07-15,87.0377197265625,53.751083374023438,96.169998168945312,22.347089767456055,28.974401473999023
2008-07-16,89.174247741699219,52.779491424560547,94.44000244140625,21.771902084350586,29.811054229736328
2008-07-17,90.066291809082031,52.507656097412109,94.220001220703125,21.414901733398438,29.950492858886719
2008-07-18,90.62738037109375,52.311023712158203,94.169998168945312,21.788908004760742,29.692174911499023
2008-07-21,90.677749633789062,52.513420104980469,95.120002746582031,22.440587997436523,30.060220718383789
2008-07-22,91.706489562988281,52.253196716308594,93.05999755859375,21.695402145385742,30.078500747680664
2008-07-23,92.202850341796875,52.149066925048828,90.569999694824219,20.90771484375,30.121942520141602
2008-07-24,90.289276123046875,52.657997131347656,91.330001831054688,20.856716156005859,29.008687973022461
2008-07-25,90.267730712890625,52.131717681884766,91.69000244140625,20.913379669189453,29.207559585571289
2008-07-28,88.944007873535156,52.657997131347656,91.730003356933594,20.995552062988281,28.713794708251953
2008-07-29,90.843193054199219,52.444061279296875,90.589996337890625,20.7462158203125,30.304813385009766
2008-07-30,92.461830139160156,52.496131896972656,89.519996643066406,21.98158073425293,29.989360809326172
2008-07-31,91.238845825195312,53.016597747802734,90.080001831054688,21.080551147460938,29.317285537719727
2008-08-01,90.75689697265625,53.133872985839844,89.569999694824219,21.077714920043945,29.118415832519531
2008-08-04,89.915191650390625,53.011985778808594,88.139999389648438,20.086027145385742,28.226900100708008
2008-08-05,92.339500427246094,52.617237091064453,86.080001831054688,20.236207962036133,28.590354919433594
2008-08-06,92.749549865722656,52.402473449707031,86.639999389648438,20.698049545288086,29.159555435180664
2008-08-07,91.368331909179688,53.255748748779297,86.089996337890625,20.45720100402832,28.15831184387207
2008-08-08,93.06610107421875,53.400840759277344,84.430000305175781,20.111530303955078,28.226900100708008
2008-08-11,94.030067443847656,52.890033721923828,81.129997253417969,20.10302734375,27.9320068359375
2008-08-12,93.05169677734375,53.383419036865234,80.519996643066406,20.114362716674805,27.698841094970703
2008-08-13,92.490570068359375,53.19769287109375,81.55999755859375,20.825544357299805,27.691984176635742
2008-08-14,93.188400268554688,53.540176391601562,79.349998474121094,20.443038940429688,28.055437088012695
2008-08-15,93.641578674316406,54.004512786865234,77.629997253417969,20.060527801513672,27.616535186767578
2008-08-18,92.361106872558594,54.219253540039062,78.800003051757812,19.805517196655273,27.150201797485352
2008-08-19,91.354011535644531,54.010349273681641,80.430000305175781,20.51671028137207,26.923898696899414
2008-08-20,91.778388977050781,54.161224365234375,80.05999755859375,21.108888626098633,27.609691619873047
2008-08-21,91.936653137207031,54.062541961669922,82.300003051757812,21.638736724853516,27.568538665771484
2008-08-22,93.267494201660156,54.027729034423828,81.080001831054688,21.14289665222168,27.547962188720703
2008-08-25,91.375556945800781,54.567546844482422,80.930000305175781,20.868047714233398,26.978757858276367
2008-08-26,91.641731262207031,54.613983154296875,81.230003356933594,21.293062210083008,27.026762008666992
2008-08-27,92.533767700195312,54.706867218017578,81.360000610351562,21.630231857299805,27.60283088684082
2008-08-28,93.655982971191406,54.712650299072266,82.180000305175781,21.25054931640625,27.794837951660156
2008-08-29,92.648857116699219,54.468837738037109,81.709999084472656,21.151391983032227,27.465669631958008
2008-09-02,92.073333740234375,54.975666046142578,79.199996948242188,19.98969841003418,26.635860443115234
2008-09-03,91.994194030761719,55.208717346191406,78.889999389648438,19.913192749023438,26.196968078613281
2008-09-04,89.224594116210938,55.651470184326172,78.389999389648438,19.465503692626953,24.989997863769531
2008-09-05,89.505172729492188,55.622314453125,78.980003356933594,19.386184692382812,25.346597671508789
2008-09-08,91.354011535644531,55.855369567871094,78.860000610351562,19.253007888793945,25.662054061889648
2008-09-09,88.641914367675781,56.408775329589844,76.489997863769531,17.921304702758789,24.22191047668457
2008-09-10,89.001602172851562,56.059226989746094,74.220001220703125,18.626821517944336,24.612810134887695
2008-09-11,90.289276123046875,56.030082702636719,73.080001831054688,18.893163681030273,24.249345779418945
2008-09-12,90.706527709960938,55.307762145996094,75.550003051757812,19.530681610107422,25.058570861816406
2008-09-15,86.390274047851562,57.101978302001953,77.55999755859375,18.034650802612305,23.090366363525391
2008-09-16,87.836204528808594,57.09039306640625,76.790000915527344,18.79682731628418,23.289243698120117
2008-09-17,83.886810302734375,57.375827789306641,85.459999084472656,18.402984619140625,21.636499404907227
2008-09-18,86.3758544921875,56.536914825439453,82.800003051757812,18.952661514282227,23.460683822631836
2008-09-19,89.806175231933594,54.742668151855469,85.980003356933594,20.253133773803711,26.382131576538086
2008-09-22,87.773033142089844,54.736846923828125,89.180000305175781,19.897809982299805,24.660806655883789
2008-09-23,85.776069641113281,54.527156829833984,88.319999694824219,19.241178512573242,23.892730712890625
2008-09-24,86.051010131835938,54.765964508056641,86.709999084472656,19.298032760620117,24.167051315307617
2008-09-25,87.396804809570312,54.655300140380859,86.449996948242188,19.769903182983398,25.408313751220703
2008-09-26,87.440200805664062,55.051441192626953,86.639999389648438,19.244026184082031,24.544229507446289
2008-09-29,80.588241577148438,56.653465270996094,89.569999694824219,16.955776214599609,21.677646636962891
2008-09-30,83.92376708984375,55.272762298583984,85.069999694824219,17.993305206298828,23.433252334594727
2008-10-01,83.974433898925781,55.968166351318359,85.970001220703125,17.697681427001953,23.714427947998047
2008-10-02,80.928298950195312,56.418094635009766,82.330001831054688,16.688579559326172,21.636499404907227
2008-10-03,79.835746765136719,56.914810180664062,82.589996337890625,16.489603042602539,21.067298889160156
2008-10-06,75.769447326660156,57.949062347412109,84.279998779296875,15.602737426757812,19.483139038085938
2008-10-07,72.376029968261719,57.773754119873047,87.269996643066406,14.747122764587402,17.967548370361328
2008-10-08,70.552696228027344,56.9439697265625,89.419998168945312,15.025689125061035,17.967548370361328
2008-10-09,65.625343322753906,56.464878082275391,89.900001525878906,12.862510681152344,16.643989562988281
2008-10-10,64.0335693359375,56.06744384765625,83.220001220703125,12.336640357971191,16.836008071899414
2008-10-13,73.331092834472656,55.348781585693359,81.989997863769531,14.369060516357422,20.669538497924805
2008-10-14,72.245742797851562,54.992305755615234,82.199996948242188,14.386123657226562,19.640861511230469
2008-10-15,65.133346557617188,55.51824951171875,83.30999755859375,12.308213233947754,16.465686798095703
2008-10-16,67.846641540527344,55.231899261474609,79.290000915527344,12.777233123779297,17.274911880493164
2008-10-17,67.441436767578125,54.852081298828125,77.209999084472656,13.058651924133301,16.733144760131836
2008-10-20,71.493301391601562,55.290306091308594,78.5,14.57941722869873,17.905832290649414
2008-10-21,69.358818054199219,55.582500457763672,76.029998779296875,13.917097091674805,16.479400634765625
2008-10-22,65.581954956054688,56.710250854492188,71.709999084472656,12.564046859741211,14.74436092376709
2008-10-23,66.341644287109375,57.131015777587891,70.650001525878906,13.232044219970703,15.155839920043945
2008-10-24,62.977195739746094,56.523269653320312,72.209999084472656,12.407706260681152,13.592250823974609
2008-10-27,60.741470336914062,56.564212799072266,72.180000305175781,11.614642143249512,13.235645294189453
2008-10-28,67.839408874511719,55.740272521972656,73.790000915527344,13.385542869567871,16.006214141845703
2008-10-29,67.347404479980469,55.459774017333984,74,13.681170463562012,15.498729705810547
2008-10-30,69.677238464355469,54.957218170166016,72.709999084472656,14.312207221984863,17.590368270874023
2008-10-31,70.060676574707031,54.244331359863281,71.339996337890625,14.61068058013916,17.439496994018555
2008-11-03,70.263282775878906,54.391021728515625,71.099998474121094,14.158713340759277,17.281774520874023
2008-11-04,72.650993347167969,55.411823272705078,75.480003356933594,15.071168899536133,18.859075546264648
2008-11-05,69.597618103027344,56.068935394287109,72.800003051757812,14.397491455078125,16.458833694458008
2008-11-06,65.741127014160156,55.664119720458984,72.220001220703125,13.530509948730469,15.629032135009766
2008-11-07,67.911773681640625,55.300384521484375,72.5,14.170082092285156,16.897729873657227
2008-11-10,67.021804809570312,55.570232391357422,73.580001831054688,14.218415260314941,17.055459976196289
2008-11-11,64.952461242675781,55.734561920166016,72.050003051757812,13.80908203125,15.992498397827148
2008-11-12,62.094463348388672,56.092411041259766,70,12.677745819091797,14.806093215942383
2008-11-13,65.965431213378906,54.748893737792969,72.150001525878906,14.167238235473633,16.856584548950195
2008-11-14,62.673324584960938,55.834239959716797,73.300003051757812,13.578834533691406,15.238129615783691
2008-11-17,61.841239929199219,56.080654144287109,72.650001525878906,13.297421455383301,14.984391212463379
2008-11-18,63.006118774414062,56.802249908447266,72.510002136230469,13.669790267944336,14.764941215515137
2008-11-19,58.968761444091797,58.257236480712891,72.260002136230469,12.962005615234375,13.489378929138184
2008-11-20,54.591320037841797,61.266895294189453,73.449996948242188,11.358810424804688,12.522426605224609
2008-11-21,57.5361328125,60.381057739257812,78.849998474121094,12.626580238342285,14.326037406921387
2008-11-24,61.522872924804688,59.436466217041016,80.910003662109375,13.53903865814209,15.196983337402344
2008-11-25,61.978717803955078,61.184726715087891,80.870002746582031,13.755075454711914,14.908951759338379
2008-11-26,64.373664855957031,61.266895294189453,80.379997253417969,14.525400161743164,16.047359466552734
2008-11-28,65.184028625488281,62.023765563964844,80.30999755859375,14.292317390441895,15.738754272460938
2008-12-01,59.410144805908203,64.39892578125,75.650001525878906,12.771549224853516,14.223171234130859
2008-12-02,61.696510314941406,64.646163940429688,76.949996948242188,13.203620910644531,15.121548652648926
2008-12-03,63.179794311523438,64.828666687011719,76.180000305175781,13.212143898010254,15.244988441467285
2008-12-04,61.718189239501953,66.106033325195312,75.5,12.296843528747559,14.593491554260254
2008-12-05,63.621128082275391,65.03472900390625,74.519996643066406,12.552674293518066,15.457587242126465
2008-12-08,65.842430114746094,64.893417358398438,76.199996948242188,13.109816551208496,16.445114135742188
2008-12-09,64.757102966308594,66.176712036132812,76.330001831054688,13.240571975708008,16.218799591064453
2008-12-10,65.198463439941406,66.017745971679688,79.75,13.925623893737793,17.185756683349609
2008-12-11,63.62841796875,66.147270202636719,80.650001525878906,13.860245704650879,16.746858596801758
2008-12-12,64.388114929199219,66.147270202636719,80.80999755859375,13.723803520202637,16.980016708374023
2008-12-15,63.490924835205078,66.900726318359375,82.599998474121094,13.644211769104004,16.753717422485352
2008-12-16,66.479164123535156,68.554832458496094,84.459999084472656,14.067755699157715,18.090993881225586
2008-12-17,65.835189819335938,70.415023803710938,85.430000305175781,13.976792335510254,17.775537490844727
2008-12-18,64.605148315429688,71.892532348632812,83.870002746582031,13.163822174072266,17.384639739990234
2008-12-19,64.3272705078125,71.96905517578125,82.629997253417969,13.143540382385254,17.446355819702148
2008-12-22,63.503005981445312,71.415718078613281,83.459999084472656,12.752087593078613,16.794858932495117
2008-12-23,62.846565246582031,71.321540832519531,82.629997253417969,12.780665397644043,16.655776977539062
2008-12-24,63.211250305175781,71.168472290039062,83.459999084472656,12.732089042663574,16.773998260498047
2008-12-26,63.575965881347656,71.403945922851562,85.599998474121094,12.903532981872559,16.718360900878906
2008-12-29,63.393589019775391,71.318313598632812,86.349998474121094,13.186397552490234,16.6905517578125
2008-12-30,64.896209716796875,71.997535705566406,85.900001525878906,13.506410598754883,17.135627746582031
2008-12-31,65.822532653808594,70.491447448730469,86.519996643066406,13.649272918701172,17.365123748779297
2009-01-02,67.80657958984375,68.719535827636719,86.230003356933594,14.329310417175293,18.192697525024414
2009-01-05,67.726371765136719,66.947647094726562,84.480003356933594,14.666467666625977,18.429149627685547
2009-01-06,68.178581237792969,66.274375915527344,85.129997253417969,14.826480865478516,18.846406936645508
2009-01-07,66.136222839355469,66.534202575683594,82.75,14.197876930236816,17.761526107788086
2009-01-08,66.406074523925781,66.481033325195312,84.459999084472656,14.380742073059082,17.685022354125977
2009-01-09,64.983749389648438,66.58148193359375,83.919998168945312,13.897861480712891,17.302532196044922
2009-01-12,63.42279052734375,67.272468566894531,80.760002136230469,13.349260330200195,16.572322845458984
2009-01-13,63.53948974609375,67.343399047851562,80.879997253417969,13.683562278747559,16.621006011962891
2009-01-14,61.540878295898438,68.453773498535156,79.790000915527344,13.029250144958496,15.814296722412109
2009-01-15,61.562778472900391,68.565986633300781,80.389999389648438,13.192111968994141,15.995110511779785
2009-01-16,62.044174194335938,67.508773803710938,82.709999084472656,13.297822952270508,16.168968200683594
2009-01-20,58.76910400390625,67.496940612792969,84.519996643066406,12.589224815368652,14.965861320495605
2009-01-21,61.307483673095703,65.364822387695312,84.150001525878906,13.434980392456055,15.77952766418457
2009-01-22,60.359241485595703,64.10675048828125,84.580001831054688,13.066390037536621,15.257946014404297
2009-01-23,60.621833801269531,63.604751586914062,88.529998779296875,13.4464111328125,15.452662467956543
2009-01-26,61.037593841552734,63.049533843994141,88.949996948242188,13.694989204406738,15.633475303649902
2009-01-27,61.657604217529297,64.531997680664062,88.379997253417969,13.717849731445312,15.911662101745605
2009-01-28,63.743724822998047,62.919570922851562,87.419998168945312,14.092158317565918,16.718360900878906
2009-01-29,61.672206878662109,61.472537994384766,89.5,13.594992637634277,15.869921684265137
2009-01-30,60.417613983154297,61.277622222900391,91.30999755859375,13.406402587890625,15.751706123352051
2009-02-02,60.235237121582031,62.417720794677734,88.839996337890625,13.192111968994141,15.591755867004395
2009-02-03,61.081386566162109,60.93115234375,88.470001220703125,13.420696258544922,16.057701110839844
2009-02-04,60.782310485839844,60.717945098876953,89.180000305175781,13.546415328979492,16.175920486450195
2009-02-05,61.686771392822266,60.771198272705078,90.120002746582031,13.877860069274902,16.516689300537109
2009-02-06,63.444671630859375,60.581741333007812,89.589996337890625,14.135016441345215,17.344261169433594
2009-02-09,63.532199859619141,60.777179718017578,88.319999694824219,14.18644905090332,17.253849029541016
2009-02-10,60.621833801269531,62.097892761230469,90.209999084472656,13.526416778564453,16.210697174072266
2009-02-11,60.979240417480469,62.903392791748047,92.290000915527344,13.372123718261719,16.697502136230469
2009-02-12,61.022987365722656,62.311103820800781,93.169998168945312,13.39498233795166,16.593189239501953
2009-02-13,60.366535186767578,60.652801513671875,92.550003051757812,13.426413536071777,16.676639556884766
2009-02-17,57.784404754638672,62.542140960693359,95.449996948242188,12.497788429260254,15.612615585327148
2009-02-18,57.645801544189453,62.009082794189453,96.910003662109375,12.426355361938477,15.501343727111816
2009-02-19,57.025787353515625,60.954891204833984,95.769996643066406,12.429211616516113,15.355307579040527
2009-02-20,56.471450805664062,61.547080993652344,97.800003051757812,12.109195709228516,14.965861320495605
2009-02-23,54.450977325439453,62.115650177001953,97.730003356933594,11.543456077575684,14.597272872924805
2009-02-24,56.515205383300781,62.050540924072266,94.730003356933594,12.086338043212891,15.397032737731934
2009-02-25,56.070274353027344,61.333896636962891,93.150001525878906,12.014913558959961,15.132762908935547
2009-02-26,55.158504486083984,60.688362121582031,93.05999755859375,12.043482780456543,15.000628471374512
2009-02-27,53.925765991210938,60.338916778564453,92.629997253417969,11.752039909362793,14.764182090759277
2009-03-02,51.496810913085938,61.337841033935547,90.930000305175781,10.891993522644043,13.867064476013184
2009-03-03,51.110233306884766,60.92803955078125,90.040000915527344,10.946280479431152,14.061784744262695
2009-03-04,52.321079254150391,60.648944854736328,88.989997863769531,11.469164848327637,15.049311637878418
2009-03-05,50.183864593505859,62.335651397705078,91.989997863769531,10.963424682617188,14.430364608764648
2009-03-06,50.271400451660156,61.919895172119141,92.290000915527344,11.083431243896484,14.673772811889648
2009-03-09,49.680572509765625,61.557621002197266,90.569999694824219,11.103429794311523,14.388643264770508
2009-03-10,52.641990661621094,60.375755310058594,88.139999389648438,11.666316986083984,15.556982040405273
2009-03-11,52.984817504882812,61.029022216796875,89.220001220703125,11.617746353149414,15.556982040405273
2009-03-12,55.070964813232422,61.320026397705078,91.099998474121094,11.966334342956543,16.155052185058594
2009-03-13,55.501323699951172,61.011180877685547,91.300003051757812,11.857757568359375,16.245462417602539
2009-03-16,55.333549499511719,60.049102783203125,90.800003051757812,12.009194374084473,16.259376525878906
2009-03-17,57.025787353515625,59.722427368164062,90.040000915527344,12.423501014709473,16.614051818847656
2009-03-18,58.302284240722656,61.985195159912109,93.089996337890625,12.549220085144043,16.961765289306641
2009-03-19,57.580150604248047,62.062389373779297,94.349998474121094,12.852091789245605,16.850500106811523
2009-03-20,56.354042053222656,61.717933654785156,93.589996337890625,12.349496841430664,16.621006011962891
2009-03-23,60.401920318603516,61.183422088623047,92.080001831054688,13.366168975830078,18.157922744750977
2009-03-24,59.211807250976562,61.765457153320312,90.949996948242188,13.113445281982422,17.594614028930664
2009-03-25,59.836212158203125,60.934013366699219,91.980003356933594,13.050258636474609,17.858888626098633
2009-03-26,61.055713653564453,61.640712738037109,91.930000305175781,13.162267684936523,18.345691680908203
2009-03-27,59.953739166259766,62.098064422607422,90.69000244140625,12.77167797088623,17.803249359130859
2009-03-30,57.882091522216797,62.335651397705078,89.980003356933594,12.29780101776123,16.885271072387695
2009-03-31,58.418350219726562,62.781028747558594,90.279998779296875,12.194413185119629,17.253849029541016
2009-04-01,59.549690246582031,63.353900909423828,91.029998779296875,12.452890396118164,17.824106216430664
2009-04-02,61.290802001953125,62.5797119140625,88.800003051757812,12.964096069335938,18.790771484375
2009-04-03,61.900543212890625,61.299205780029297,87.589996337890625,13.216831207275391,19.020271301269531
2009-04-06,61.415679931640625,61.037086486816406,85.269996643066406,12.949736595153809,18.783819198608398
2009-04-07,59.983161926269531,61.191997528076172,86.739997863769531,12.562021255493164,18.35264778137207
2009-04-08,60.629650115966797,61.733970642089844,86.610000610351562,12.722851753234863,18.623872756958008
2009-04-09,63.039253234863281,60.959671020507812,86.30999755859375,13.096218109130859,19.437536239624023
2009-04-13,63.053916931152344,61.519538879394531,87.879997253417969,12.952613830566406,19.555761337280273
2009-04-14,61.966663360595703,61.841156005859375,87.370002746582031,12.918146133422852,19.242813110351562
2009-04-15,62.627838134765625,61.733970642089844,87.5,12.935382843017578,19.520986557006836
2009-04-16,63.546146392822266,61.245620727539062,85.80999755859375,12.995689392089844,19.687891006469727
2009-04-17,63.972225189208984,60.572551727294922,85.220001220703125,13.14791202545166,19.548805236816406
2009-04-20,61.290802001953125,61.489757537841797,86.949996948242188,12.510329246520996,18.596048355102539
2009-04-21,62.488235473632812,60.882213592529297,86.889999389648438,12.757322311401367,18.992448806762695
2009-04-22,62.106254577636719,60.512962341308594,87.379997253417969,12.622332572937012,18.832498550415039
2009-04-23,62.715980529785156,60.507049560546875,88.800003051757812,12.857832908630371,19.12458610534668
2009-04-24,63.663684844970703,59.899528503417969,89.720001220703125,13.231192588806152,19.486211776733398
2009-04-27,63.061321258544922,60.155586242675781,89.010002136230469,12.981329917907715,18.832498550415039
2009-04-28,62.862922668457031,59.172870635986328,87.75,13.010056495666504,18.76991081237793
2009-04-29,64.199996948242188,58.648757934570312,88.330001831054688,13.369047164916992,19.757436752319336
2009-04-30,64.222015380859375,58.41644287109375,87.269996643066406,13.14791202545166,19.938251495361328
2009-05-01,64.567314147949219,58.014450073242188,86.949996948242188,13.572962760925293,20.230339050292969
2009-05-04,66.763832092285156,58.205585479736328,88.639999389648438,14.115762710571289,21.628170013427734
2009-05-05,66.536140441894531,58.133876800537109,88.25,13.926210403442383,21.433443069458008
2009-05-06,67.689529418945312,57.996456146240234,89.540000915527344,14.466146469116211,21.802030563354492
2009-05-07,66.749160766601562,56.580635070800781,89.44000244140625,14.27946662902832,21.25958251953125
2009-05-08,68.306617736816406,56.718059539794922,89.980003356933594,14.888321876525879,21.968936920166016
2009-05-11,67.028327941894531,57.524505615234375,89.69000244140625,14.434551239013672,21.454307556152344
2009-05-12,66.829963684082031,57.733665466308594,90.699996948242188,14.526455879211426,21.607303619384766
2009-05-13,65.147659301757812,58.360904693603516,91.089996337890625,14.046838760375977,20.814506530761719
2009-05-14,65.7059326171875,58.587905883789062,91.029998779296875,14.087039947509766,21.113540649414062
2009-05-15,65.169677734375,58.569988250732422,91.550003051757812,13.785483360290527,20.918815612792969
2009-05-18,67.020965576171875,57.661930084228516,90.360000610351562,14.262228965759277,22.080204010009766
2009-05-19,66.940170288085938,57.357257843017578,90.959999084472656,14.331162452697754,22.330564498901367
2009-05-20,66.492057800292969,57.960643768310547,92.25,14.379983901977539,22.400104522705078
2009-05-21,65.537002563476562,56.502967834472656,93.849998474121094,13.95493221282959,21.982839584350586
2009-05-22,65.397415161132812,55.875659942626953,94.150001525878906,13.960674285888672,22.080204010009766
2009-05-26,67.072410583496094,55.033329010009766,93.760002136230469,14.256488800048828,22.344472885131836
2009-05-27,65.874954223632812,54.059558868408203,93.449996948242188,14.101401329040527,22.087154388427734
2009-05-28,66.793228149414062,54.842178344726562,94.239997863769531,14.569533348083496,22.768692016601562
2009-05-29,67.976036071777344,56.258049011230469,96.199996948242188,14.842371940612793,23.116413116455078
2009-06-01,69.621604919433594,54.594841003417969,95.730003356933594,15.388056755065918,24.090017318725586
2009-06-02,69.68035888671875,54.888530731201172,96.360000610351562,15.347837448120117,23.742300033569336
2009-06-03,68.798812866210938,55.403923034667969,94.410003662109375,14.756216049194336,22.900823593139648
2009-06-04,69.445281982421875,54.259185791015625,96.230003356933594,15.089360237121582,23.325046539306641
2009-06-05,69.459999084472656,53.845588684082031,93.709999084472656,14.965864181518555,23.373725891113281
2009-06-08,69.173469543457031,53.707801818847656,93.55999755859375,14.931407928466797,23.012086868286133
2009-06-09,69.526107788085938,53.7017822265625,93.830001831054688,15.077864646911621,23.053821563720703
2009-06-10,69.349777221679688,52.856754302978516,93.860000610351562,15.212861061096191,23.345895767211914
2009-06-11,69.658332824707031,53.444072723388672,93.699996948242188,15.517279624938965,23.846630096435547
2009-06-12,69.849342346191406,53.923542022705078,92.169998168945312,15.367940902709961,23.464128494262695
2009-06-15,68.247848510742188,54.408977508544922,91.099998474121094,14.960124969482422,22.622646331787109
2009-06-16,67.322174072265625,55.356014251708984,91.930000305175781,14.641335487365723,22.281879425048828
2009-06-17,67.256065368652344,55.044334411621094,92.349998474121094,14.402956962585449,22.031524658203125
2009-06-18,67.748260498046875,54.211215972900391,91.610000610351562,14.348391532897949,21.968936920166016
2009-06-19,67.997993469238281,54.954433441162109,91.900001525878906,14.205212593078613,22.080204010009766
2009-06-22,65.958908081054688,55.487880706787109,90.540000915527344,13.49510383605957,21.28044319152832
2009-06-23,66.010650634765625,56.141185760498047,90.919998168945312,13.575919151306152,21.418561935424805
2009-06-24,66.579513549804688,55.577774047851562,91.449996948242188,13.630769729614258,21.888296127319336
2009-06-25,68.027511596679688,56.596652984619141,92.30999755859375,13.91655445098877,22.540323257446289
2009-06-26,67.850204467773438,56.692584991455078,92.290000915527344,13.824174880981445,22.659511566162109
2009-06-29,68.485603332519531,56.776451110839844,92.040000915527344,13.954076766967773,22.827770233154297
2009-06-30,67.931495666503906,56.6805419921875,91.180000305175781,13.870366096496582,22.596412658691406
2009-07-01,68.212203979492188,56.56817626953125,92.389999389648438,13.881905555725098,23.010063171386719
2009-07-02,66.350471496582031,56.700401306152344,91.25,13.324786186218262,22.379072189331055
2009-07-06,66.343109130859375,56.592166900634766,90.760002136230469,13.189114570617676,22.329990386962891
2009-07-07,65.0576171875,56.971004486083984,90.709999084472656,12.851376533508301,21.804168701171875
2009-07-08,65.013298034667969,58.023262023925781,89.269996643066406,12.85425853729248,21.55177116394043
2009-07-09,65.138893127441406,57.331741333007812,89.510002136230469,12.987045288085938,21.937376022338867
2009-07-10,64.983741760253906,57.860809326171875,89.580001831054688,12.894670486450195,21.677967071533203
2009-07-13,66.564735412597656,57.536148071289062,90.19000244140625,13.090969085693359,21.832210540771484
2009-07-14,66.941505432128906,56.580162048339844,90.80999755859375,13.267053604125977,22.070587158203125
2009-07-15,68.899322509765625,55.125057220458984,92.239997863769531,13.737577438354492,23.255441665649414
2009-07-16,68.788459777832031,55.720310211181641,91.980003356933594,13.905002593994141,23.297502517700195
2009-07-17,69.542037963867188,54.860485076904297,91.930000305175781,13.985830307006836,23.535873413085938
2009-07-20,70.280853271484375,55.149089813232422,93.279998779296875,14.225417137145996,24.377201080322266
2009-07-21,70.605903625488281,56.249439239501953,93.129997253417969,14.349544525146484,24.307090759277344
2009-07-22,70.591133117675781,55.744380950927734,93.44000244140625,14.219646453857422,24.251007080078125
2009-07-23,72.14996337890625,54.722194671630859,93.260002136230469,14.623782157897949,24.938074111938477
2009-07-24,72.445472717285156,54.986747741699219,93.410003662109375,14.776773452758789,24.818891525268555
2009-07-27,72.659744262695312,54.355434417724609,93.709999084472656,14.825846672058105,25.036231994628906
2009-07-28,72.319931030273438,54.836452484130859,92.110000610351562,14.609342575073242,24.924055099487305
2009-07-29,72.142608642578125,55.1370849609375,91.199996948242188,14.271612167358398,24.363180160522461
2009-07-30,72.8961181640625,55.918735504150391,91.620002746582031,14.470789909362793,24.966123580932617
2009-07-31,72.999565124511719,57.007061004638672,93.349998474121094,14.61223316192627,25.085311889648438
2009-08-03,74.203826904296875,56.143157958984375,93.870002746582031,14.987493515014648,26.024776458740234
2009-08-04,74.395858764648438,55.696701049804688,94.680000305175781,14.961523056030273,25.786411285400391
2009-08-05,74.181640625,54.864109039306641,94.779998779296875,14.811409950256348,25.569068908691406
2009-08-06,73.797439575195312,55.051162719726562,94.599998474121094,14.69017505645752,25.358736038208008
2009-08-07,74.765274047851562,54.592624664306641,93.75,14.672847747802734,25.611125946044922
2009-08-10,74.610099792480469,55.274410247802734,92.930000305175781,14.736354827880859,25.32368278503418
2009-08-11,73.679275512695312,55.913875579833984,92.790000915527344,14.522743225097656,24.846935272216797
2009-08-12,74.469772338867188,55.316616058349609,92.949996948242188,14.678628921508789,25.071281433105469
2009-08-13,75.038627624511719,56.100864410400391,93.720001220703125,14.857599258422852,25.50596809387207
2009-08-14,74.462379455566406,56.318103790283203,93,14.638208389282227,25.043251037597656
2009-08-17,72.630142211914062,57.150634765625,91.610000610351562,14.164800643920898,24.061702728271484
2009-08-18,73.206405639648438,56.818840026855469,92.05999755859375,14.306247711181641,24.587532043457031
2009-08-19,73.849189758300781,57.289382934570312,92.529998779296875,14.571819305419922,24.650627136230469
2009-08-20,74.610099792480469,57.759975433349609,92.269996643066406,14.695948600769043,25.078302383422852
2009-08-21,76.07293701171875,56.571453094482422,93.650001525878906,15.111618995666504,25.456890106201172
2009-08-24,76.065536499023438,57.597072601318359,92.339996337890625,15.305027008056641,25.569068908691406
2009-08-25,76.213287353515625,57.922878265380859,92.760002136230469,15.071209907531738,25.512983322143555
2009-08-26,76.220680236816406,58.188312530517578,92.790000915527344,15.140488624572754,25.435859680175781
2009-08-27,76.390602111816406,57.959037780761719,93.19000244140625,15.094304084777832,25.386791229248047
2009-08-28,76.375823974609375,58.224506378173828,93.870002746582031,15.062549591064453,25.253576278686523
2009-08-31,75.696136474609375,58.278850555419922,93.400001525878906,14.770994186401367,24.755800247192383
2009-09-01,74.026473999023438,58.137763977050781,93.900001525878906,14.51408576965332,24.286052703857422
2009-09-02,73.745735168457031,58.985099792480469,96.19000244140625,14.407280921936035,24.54545783996582
2009-09-03,74.358955383300781,58.621963500976562,97.459999084472656,14.50831127166748,25.036231994628906
2009-09-04,75.400634765625,57.623363494873047,97.529998779296875,14.710378646850586,25.519992828369141
2009-09-08,76.050788879394531,57.217884063720703,97.430000305175781,15.114513397216797,26.045812606811523
2009-09-09,76.6343994140625,57.151287078857422,97.080001831054688,15.149147987365723,26.186033248901367
2009-09-10,77.417526245117188,58.204353332519531,97.699996948242188,15.41184139251709,26.529567718505859
2009-09-11,77.402740478515625,58.525123596191406,98.779998779296875,15.472456932067871,26.543600082397461
2009-09-14,77.779525756835938,57.944122314453125,97.959999084472656,15.587916374206543,26.445444107055664
2009-09-15,78.104576110839844,57.647598266601562,98.900001525878906,15.743801116943359,26.760934829711914
2009-09-16,79.286628723144531,57.750499725341797,99.910003662109375,16.133506774902344,27.433998107910156
2009-09-17,79.168434143066406,58.476741790771484,99.339996337890625,16.055561065673828,27.286754608154297
2009-09-18,79.21893310546875,57.956233978271484,98.669998168945312,15.999312400817871,27.363876342773438
2009-09-21,79.018501281738281,58.089424133300781,98.360000610351562,15.863036155700684,27.125507354736328
2009-09-22,79.478736877441406,58.210414886474609,99.669998168945312,16.112390518188477,27.539152145385742
2009-09-23,78.818069458007812,58.385986328125,98.830001831054688,15.776049613952637,27.125507354736328
2009-09-24,77.949592590332031,58.555438995361328,97.550003051757812,15.549883842468262,26.592676162719727
2009-09-25,77.53387451171875,59.299842834472656,97,15.529593467712402,26.704851150512695
2009-09-28,78.922019958496094,59.820323944091797,97.050003051757812,15.778949737548828,27.048385620117188
2009-09-29,78.684486389160156,59.765861511230469,97.430000305175781,15.735456466674805,27.111482620239258
2009-09-30,78.380104064941406,59.711387634277344,98.849998474121094,15.633970260620117,27.279747009277344
2009-10-01,76.435272216796875,60.529201507568359,97.889999389648438,15.146864891052246,26.536588668823242
2009-10-02,76.0789794921875,60.110260009765625,98.370002746582031,15.068573951721191,26.543600082397461
2009-10-05,77.214714050292969,60.116344451904297,99.819999694824219,15.402012825012207,27.160568237304688
2009-10-06,78.320732116699219,59.521358489990234,102.27999877929688,15.767354011535645,27.60926628112793
2009-10-07,78.536048889160156,60.219558715820312,102.36000061035156,15.889130592346191,27.581216812133789
2009-10-08,79.137275695800781,59.588127136230469,103.63999938964844,16.297954559326172,27.917749404907227
2009-10-09,79.6197509765625,58.222137451171875,102.83999633789062,16.28346061706543,27.938777923583984
2009-10-12,79.931549072265625,58.313186645507812,103.55999755859375,16.503816604614258,28.170156478881836
2009-10-13,79.768241882324219,58.616779327392578,104.26000213623047,16.529916763305664,28.219230651855469
2009-10-14,81.141502380371094,57.748592376708984,104.18000030517578,16.80535888671875,29.130647659301758
2009-10-15,81.438407897949219,57.481449127197266,102.86000061035156,17.156198501586914,28.969396591186523
2009-10-16,80.829750061035156,57.948970794677734,103.18000030517578,17.104007720947266,28.569768905639648
2009-10-19,81.497810363769531,58.404270172119141,104.23000335693359,17.327266693115234,29.116632461547852
2009-10-20,81.067245483398438,58.719955444335938,103.41999816894531,17.217084884643555,28.73101806640625
2009-10-21,80.339820861816406,58.367866516113281,103.75,17.170690536499023,28.5767822265625
2009-10-22,81.156326293945312,58.082534790039062,103.91999816894531,17.237388610839844,28.815153121948242
2009-10-23,80.228477478027344,57.645381927490234,103.48999786376953,16.903940200805664,28.5767822265625
2009-10-26,79.359962463378906,56.898658752441406,101.86000061035156,16.625591278076172,28.219230651855469
2009-10-27,78.996246337890625,57.67572021484375,101.84999847412109,16.773477554321289,27.728448867797852
2009-10-28,77.504226684570312,57.948970794677734,100.73000335693359,16.219663619995117,26.459465026855469
2009-10-29,79.166969299316406,57.317520141601562,102.69000244140625,16.651683807373047,27.630290985107422
2009-10-30,76.873237609863281,58.149219512939453,102.52999877929688,16.01960563659668,26.340278625488281
2009-11-02,77.437385559082031,57.892265319824219,103.94999694824219,16.121082305908203,26.732891082763672
2009-11-03,77.682350158691406,57.31365966796875,106.45999908447266,16.329843521118164,26.774959564208984
2009-11-04,77.882766723632812,56.78985595703125,107.09999847412109,16.315353393554688,27.272737503051758
2009-11-05,79.315422058105469,56.78985595703125,106.98000335693359,16.593696594238281,27.833616256713867
2009-11-06,79.523269653320312,56.84466552734375,107.43000030517578,16.550209045410156,27.798563003540039
2009-11-09,81.334487915039062,56.911685943603516,108.19000244140625,16.866249084472656,28.822174072265625
2009-11-10,81.349349975585938,56.808139801025391,108.38999938964844,16.877849578857422,28.688957214355469
2009-11-11,81.765037536621094,57.045631408691406,109.59999847412109,16.872047424316406,28.934343338012695
2009-11-12,80.93365478515625,56.942100524902344,108.20999908447266,16.500923156738281,28.289333343505859
2009-11-13,81.371627807617188,57.204002380371094,109.73999786376953,16.605297088623047,28.773094177246094
2009-11-16,82.551910400390625,57.874008178710938,111.62999725341797,17.040220260620117,29.495222091674805
2009-11-17,82.648384094238281,58.184574127197266,111.97000122070312,17.011222839355469,29.390048980712891
2009-11-18,82.596412658691406,57.843540191650391,112.25,16.944536209106445,29.158706665039062
2009-11-19,81.520072937011719,57.947052001953125,112.30000305175781,16.564706802368164,28.618843078613281
2009-11-20,81.2305908203125,57.934902191162109,112.94000244140625,16.411031723022461,28.499664306640625
2009-11-23,82.262367248535156,57.861843109130859,114.29000091552734,16.62269401550293,29.095586776733398
2009-11-24,82.388572692871094,58.227207183837891,114.73000335693359,16.718381881713867,28.934343338012695
2009-11-25,82.678070068359375,58.4952392578125,116.62000274658203,16.848855972290039,29.270864486694336
2009-11-27,81.334487915039062,58.714508056640625,115.05999755859375,16.532812118530273,28.135087966918945
2009-11-30,81.609161376953125,58.854564666748047,115.63999938964844,16.474819183349609,28.408514022827148
2009-12-01,82.618667602539062,58.198951721191406,117.37999725341797,16.692279815673828,29.22178840637207
2009-12-02,82.581581115722656,58.247859954833984,119.18000030517578,16.593696594238281,29.340978622436523
2009-12-03,81.935775756835938,57.642936706542969,118.69999694824219,16.326950073242188,29.067550659179688
2009-12-04,82.403419494628906,57.031940460205078,113.75,16.208072662353516,29.33397102355957
2009-12-07,82.277206420898438,57.105205535888672,113.11000061035156,16.170375823974609,29.081567764282227
2009-12-08,81.364204406738281,57.190803527832031,110.94999694824219,15.894930839538574,28.541725158691406
2009-12-09,81.668533325195312,56.928077697753906,110.83999633789062,15.894930839538574,28.716997146606445
2009-12-10,82.128753662109375,56.274261474609375,110.81999969482422,16.092094421386719,28.885257720947266
2009-12-11,82.477676391601562,56.268180847167969,109.31999969482422,16.100790023803711,28.990436553955078
2009-12-14,83.041793823242188,56.335346221923828,110.23999786376953,16.266063690185547,29.186740875244141
2009-12-15,82.655815124511719,56.084854125976562,110.20999908447266,16.318248748779297,28.885257720947266
2009-12-16,82.781982421875,56.017658233642578,111.58999633789062,16.422634124755859,29.053520202636719
2009-12-17,81.787322998046875,56.940311431884766,107.33999633789062,16.28346061706543,28.219230651855469
2009-12-18,82.250007629394531,56.695899963378906,108.94999694824219,16.369165420532227,28.296333312988281
2009-12-21,83.08587646484375,55.687694549560547,106.94999694824219,16.564493179321289,28.261287689208984
2009-12-22,83.384407043457031,55.376083374023438,106.16999816894531,16.643203735351562,28.546113967895508
2009-12-23,83.548576354980469,55.388324737548828,106.55000305175781,16.774389266967773,28.828823089599609
2009-12-24,83.944107055664062,54.813961029052734,108.36000061035156,16.853103637695312,29.118581771850586
2009-12-28,84.123237609863281,54.661167144775391,108.55000305175781,16.882251739501953,29.217540740966797
2009-12-29,84.003829956054688,55.02178955078125,107.47000122070312,16.771467208862305,29.11290168762207
2009-12-30,83.973991394042969,55.383544921875,106.93000030517578,16.753978729248047,29.24015998840332
2009-12-31,83.16796875,55.119884490966797,107.30999755859375,16.619880676269531,29.339138031005859
2010-01-04,84.578483581542969,55.07080078125,109.80000305175781,17.144622802734375,30.194559097290039
2010-01-05,84.8023681640625,55.426467895507812,109.69999694824219,17.284553527832031,30.413728713989258
2010-01-06,84.862083435058594,54.684562683105469,111.51000213623047,17.491540908813477,30.477352142333984
2010-01-07,85.220306396484375,54.776473999023438,110.81999969482422,17.465288162231445,30.300615310668945
2010-01-08,85.503883361816406,54.751968383789062,111.37000274658203,17.578998565673828,30.540981292724609
2010-01-11,85.623298645019531,54.451473236083984,112.84999847412109,17.555679321289062,30.477352142333984
2010-01-12,84.824745178222656,55.383544921875,110.48999786376953,17.302047729492188,29.989536285400391
2010-01-13,85.54119873046875,54.739688873291016,111.54000091552734,17.366186141967773,30.081447601318359
2010-01-14,85.772560119628906,55.506198883056641,112.02999877929688,17.415746688842773,30.003684997558594
2010-01-15,84.809829711914062,55.849533081054688,110.86000061035156,17.275810241699219,29.657260894775391
2010-01-19,85.869575500488281,55.690109252929688,111.51999664306641,17.433237075805664,30.25819206237793
2010-01-20,84.996368408203125,56.254253387451172,108.94000244140625,17.162118911743164,29.530004501342773
2010-01-21,83.361976623535156,56.511852264404297,107.37000274658203,16.812290191650391,28.639228820800781
2010-01-22,81.503707885742188,56.413677215576172,107.16999816894531,16.412893295288086,28.002965927124023
2010-01-25,81.921661376953125,56.156139373779297,107.48000335693359,16.520757675170898,28.207992553710938
2010-01-26,81.578330993652344,56.174530029296875,107.55999755859375,16.415807723999023,27.62120246887207
2010-01-27,81.966407775878906,56.143928527832031,106.52999877929688,16.351673126220703,27.550506591796875
2010-01-28,81.026084899902344,56.113231658935547,106.48000335693359,16.179677963256836,27.359621047973633
2010-01-29,80.145454406738281,56.603824615478516,105.95999908447266,15.888150215148926,27.062694549560547
2010-02-01,81.391754150390625,56.089939117431641,108.34999847412109,16.412893295288086,27.790876388549805
2010-02-02,82.376884460449219,56.249965667724609,109.12999725341797,16.628618240356445,28.01710319519043
2010-02-03,81.966407775878906,55.597694396972656,108.69999694824219,16.485776901245117,27.854499816894531
2010-02-04,79.436447143554688,56.477653503417969,104.37000274658203,15.809435844421387,26.596101760864258
2010-02-05,79.600662231445312,56.600772857666016,104.68000030517578,15.81235408782959,26.299177169799805
2010-02-08,79.025978088378906,56.674549102783203,104.04000091552734,15.666587829589844,26.037603378295898
2010-02-09,80.018577575683594,56.108421325683594,105.41000366210938,15.996012687683105,26.885950088500977
2010-02-10,79.861846923828125,55.573074340820312,105.12000274658203,15.928963661193848,26.815261840820312
2010-02-11,80.697700500488281,55.271549224853516,107.12999725341797,16.200078964233398,27.522232055664062
2010-02-12,80.630523681640625,55.499233245849609,107.04000091552734,16.205915451049805,27.175807952880859
2010-02-16,81.89923095703125,55.603832244873047,109.62000274658203,16.587814331054688,27.875705718994141
2010-02-17,82.287361145019531,54.970005035400391,109.25,16.564493179321289,27.974687576293945
2010-02-18,82.772445678710938,54.748519897460938,109.98000335693359,16.657773971557617,28.080732345581055
2010-02-19,82.944099426269531,55.043861389160156,109.47000122070312,16.721914291381836,27.840358734130859
2010-02-22,82.959007263183594,54.816165924072266,109.06999969482422,16.491611480712891,27.875705718994141
2010-02-23,81.95147705078125,55.671531677246094,107.88999938964844,16.217573165893555,27.232376098632812
2010-02-24,82.705253601074219,55.806922912597656,107.36000061035156,16.319599151611328,27.493949890136719
2010-02-25,82.59332275390625,56.120761871337891,108.30999755859375,16.328350067138672,27.267721176147461
2010-02-26,82.645545959472656,56.409957885742188,109.43000030517578,16.366254806518555,27.543430328369141
2010-03-01,83.5037841796875,56.385280609130859,109.43000030517578,16.517841339111328,28.010036468505859
2010-03-02,83.735137939453125,56.311180114746094,111.01999664306641,16.65485954284668,28.328166961669922
2010-03-03,83.809791564941406,56.169208526611328,111.62999725341797,16.727743148803711,28.363515853881836
2010-03-04,84.06353759765625,56.465530395507812,110.83000183105469,16.640283584594727,28.215059280395508
2010-03-05,85.265052795410156,55.724727630615234,110.80999755859375,16.952215194702148,28.950296401977539
2010-03-08,85.279991149902344,55.434585571289062,109.87999725341797,16.925975799560547,28.971508026123047
2010-03-09,85.421798706054688,55.446949005126953,109.72000122070312,16.925975799560547,29.134109497070312
2010-03-10,85.802444458007812,55.304927825927734,108.47000122070312,17.074657440185547,29.339138031005859
2010-03-11,86.160652160644531,55.508670806884766,108.59999847412109,17.045507431030273,29.346202850341797
2010-03-12,86.168113708496094,55.854400634765625,107.94999694824219,17.054254531860352,29.247224807739258
2010-03-15,86.19049072265625,55.780319213867188,108.36000061035156,16.879335403442383,29.035140991210938
2010-03-16,86.877082824707031,56.224754333496094,110.40000152587891,17.030929565429688,29.409833908081055
2010-03-17,87.392059326171875,56.465530395507812,109.58999633789062,17.217508316040039,29.727964401245117
2010-03-18,87.347259521484375,56.280303955078125,110.33999633789062,16.960962295532227,29.501743316650391
2010-03-19,86.905105590820312,56.335880279541016,108.27999877929688,16.757055282592773,29.119983673095703
2010-03-22,87.369728088378906,56.397636413574219,107.75,16.713176727294922,29.226018905639648
2010-03-23,87.984214782714844,56.132190704345703,108.31999969482422,16.777536392211914,29.431037902832031
2010-03-24,87.557083129882812,55.107410430908203,106.30000305175781,16.680995941162109,28.99272346496582
2010-03-25,87.414695739746094,54.755550384521484,106.77999877929688,16.400152206420898,28.914955139160156
2010-03-26,87.362236022949219,54.909893035888672,108.58999633789062,16.406007766723633,29.05634880065918
2010-03-29,87.916770935058594,54.699996948242188,108.75,16.724882125854492,29.579500198364258
2010-03-30,87.976722717285156,54.872829437255859,107.97000122070312,16.751205444335938,29.692611694335938
2010-03-31,87.677017211914062,55.24945068359375,108.94999694824219,16.8272705078125,29.777454376220703
2010-04-01,88.276512145996094,55.114345550537109,110.26000213623047,17.125663757324219,30.555112838745117
2010-04-05,88.995903015136719,54.19732666015625,110.88999938964844,17.42991828918457,30.830833435058594
2010-04-06,89.205718994140625,54.284080505371094,111.02999877929688,17.42991828918457,30.922739028930664
2010-04-07,88.696128845214844,54.978057861328125,112.48999786376953,17.257308959960938,30.654092788696289
2010-04-08,89.003341674804688,55.002784729003906,112.65000152587891,17.318746566772461,30.760147094726562
2010-04-09,89.587898254394531,55.132900238037109,113.63999938964844,17.503055572509766,30.951021194458008
2010-04-12,89.730270385742188,55.424140930175781,113.01000213623047,17.544002532958984,30.703575134277344
2010-04-13,89.7977294921875,55.603813171386719,112.69000244140625,17.482574462890625,30.639942169189453
2010-04-14,90.816856384277344,55.213504791259766,113.02999877929688,17.649328231811523,31.092416763305664
2010-04-15,90.891799926757812,55.275428771972656,113.65000152587891,17.646404266357422,30.922739028930664
2010-04-16,89.445510864257812,55.678173065185547,111.23999786376953,17.348007202148438,30.017820358276367
2010-04-19,89.782730102539062,55.541851043701172,111.15000152587891,17.371402740478516,29.897634506225586
2010-04-20,90.584571838378906,55.740146636962891,111.45999908447266,17.710760116577148,30.251121520996094
2010-04-21,90.419685363769531,56.198657989501953,112.30999755859375,17.693210601806641,30.152149200439453
2010-04-22,90.689460754394531,56.031345367431641,111.83999633789062,17.737087249755859,30.279399871826172
2010-04-23,91.281478881835938,55.833049774169922,113.19000244140625,18.164201736450195,30.442005157470703
2010-04-26,90.936798095703125,55.895023345947266,112.75,18.102767944335938,30.442005157470703
2010-04-27,88.786056518554688,56.681953430175781,114.62999725341797,17.546934127807617,29.353279113769531
2010-04-28,89.46051025390625,56.198657989501953,114.30999755859375,17.725393295288086,29.600706100463867
2010-04-29,90.569572448730469,56.434108734130859,114.27999877929688,17.745866775512695,30.088521957397461
2010-04-30,89.033355712890625,57.084693908691406,115.36000061035156,17.526449203491211,29.727964401245117
2010-05-03,90.187393188476562,57.010101318359375,115.73000335693359,17.725393295288086,29.890573501586914
2010-05-04,88.066673278808594,58.036022186279297,114.87000274658203,17.251455307006836,28.519052505493164
2010-05-05,87.542091369628906,58.377975463867188,115.08999633789062,16.979398727416992,28.002965927124023
2010-05-06,84.634536743164062,60.181098937988281,118.48999786376953,16.400152206420898,26.857675552368164
2010-05-07,83.375534057617188,59.428794860839844,118.26999664306641,16.087133407592773,26.999074935913086
2010-05-10,87.047508239746094,58.197654724121094,117.56999969482422,16.774604797363281,28.943233489990234
2010-05-11,86.800201416015625,58.048496246337891,120.66000366210938,16.663442611694336,28.420085906982422
2010-05-12,88.014205932617188,57.606971740722656,121.40000152587891,16.894556045532227,28.7735595703125
2010-05-13,86.92010498046875,57.986251831054688,120.55999755859375,16.786314010620117,28.504919052124023
2010-05-14,85.346412658691406,58.993518829345703,120.37000274658203,16.452810287475586,27.918127059936523
2010-05-17,85.391395568847656,58.775932312011719,119.36000061035156,16.283136367797852,27.748456954956055
2010-05-18,84.229866027832031,59.677452087402344,119.48999786376953,16.157337188720703,27.168745040893555
2010-05-19,83.750244140625,59.876445770263672,116.62999725341797,15.97303581237793,26.90716552734375
2010-05-20,80.587898254394531,61.138618469238281,115.83999633789062,15.259213447570801,25.570995330810547
2010-05-21,81.764427185058594,61.200851440429688,115.22000122070312,15.525442123413086,26.398151397705078
2010-05-24,80.715286254882812,60.989372253417969,116.83999633789062,15.171451568603516,26.122438430786133
2010-05-25,80.7977294921875,61.287822723388672,117.36000061035156,15.206562042236328,25.839645385742188
2010-05-26,80.310615539550781,61.113773345947266,118.47000122070312,15.174380302429199,25.825508117675781
2010-05-27,83.000900268554688,59.727180480957031,118.69000244140625,15.817986488342285,27.387901306152344
2010-05-28,81.959236145019531,60.000846862792969,118.87999725341797,15.519590377807617,26.935436248779297
2010-06-01,80.580398559570312,60.422554016113281,119.91000366210938,14.782368659973145,26.440567016601562
2010-06-02,82.678657531738281,59.84857177734375,119.77999877929688,15.423046112060547,27.366693496704102
2010-06-03,82.963409423828125,59.411842346191406,117.95999908447266,15.630758285522461,27.267721176147461
2010-06-04,80.048362731933594,61.009006500244141,119.19000244140625,15.080770492553711,26.299177169799805
2010-06-07,79.051681518554688,61.476902008056641,121.48999786376953,14.949121475219727,25.889141082763672
2010-06-08,79.898483276367188,61.171211242675781,121,15.197789192199707,26.482982635498047
2010-06-09,79.471336364746094,61.102550506591797,120.55999755859375,15.039810180664062,26.341590881347656
2010-06-10,81.794403076171875,60.010749816894531,118.97000122070312,15.794580459594727,27.260654449462891
2010-06-11,82.191558837890625,60.771896362304688,120.01000213623047,15.891115188598633,27.402046203613281
2010-06-14,82.064140319824219,60.459953308105469,119.59999847412109,15.809210777282715,27.40911865234375
2010-06-15,83.930099487304688,60.210472106933594,120.98999786376953,16.271427154541016,28.236278533935547
2010-06-16,83.900146484375,60.553554534912109,120.33000183105469,16.259729385375977,28.236278533935547
2010-06-17,84.035018920898438,61.046417236328125,121.90000152587891,16.24217414855957,28.094871520996094
2010-06-18,84.126106262207031,60.946559906005859,122.83000183105469,16.342683792114258,28.222127914428711
2010-06-21,83.885185241699219,60.771896362304688,120.38999938964844,16.307413101196289,28.709939956665039
2010-06-22,82.499755859375,61.495578765869141,121.44999694824219,15.831334114074707,28.158500671386719
2010-06-23,82.2437744140625,61.913612365722656,120.94999694824219,15.710835456848145,28.2310791015625
2010-06-24,80.880966186523438,61.545482635498047,121.30000305175781,15.381693840026855,27.732936859130859
2010-06-25,81.219764709472656,61.795082092285156,122.76000213623047,15.425779342651367,28.060293197631836
2010-06-28,80.963783264160156,62.37530517578125,121.08999633789062,15.217123031616211,27.868144989013672
2010-06-29,78.464012145996094,63.055305480957031,121.26999664306641,14.714588165283203,26.736623764038086
2010-06-30,77.718582153320312,63.479557037353516,121.68000030517578,14.599974632263184,26.558708190917969
2010-07-01,77.372238159179688,63.579696655273438,117.04000091552734,14.547073364257812,26.750862121582031
2010-07-02,76.950614929199219,63.072772979736328,118.48999786376953,14.511812210083008,26.864725112915039
2010-07-06,77.455085754394531,63.592185974121094,116.51000213623047,14.652873992919922,27.362876892089844
2010-07-07,79.894615173339844,62.847484588623047,117.73000335693359,15.170106887817383,27.967779159545898
2010-07-08,80.685188293457031,62.447010040283203,117.20999908447266,15.384629249572754,28.102998733520508
2010-07-09,81.287513732910156,62.090373992919922,118.36000061035156,15.463984489440918,28.444578170776367
2010-07-12,81.340225219726562,62.065254211425781,117.33999633789062,15.422835350036621,28.216850280761719
2010-07-13,82.567550659179688,61.533351898193359,118.36000061035156,15.607980728149414,28.544200897216797
2010-07-14,82.560005187988281,62.152862548828125,118.30000305175781,15.590354919433594,28.487279891967773
2010-07-15,82.582603454589844,62.772396087646484,118.23000335693359,15.572717666625977,28.352069854736328
2010-07-16,80.3087158203125,63.079044342041016,116.66999816894531,15.202432632446289,27.505203247070312
2010-07-19,80.783027648925781,62.691074371337891,115.73000335693359,15.299410820007324,27.868144989013672
2010-07-20,81.679069519042969,62.784950256347656,116.65000152587891,15.649125099182129,28.522867202758789
2010-07-21,80.617446899414062,63.848731994628906,115.84999847412109,15.393452644348145,28.2310791015625
2010-07-22,82.416938781738281,63.110317230224609,116.86000061035156,15.734349250793457,29.085073471069336
2010-07-23,83.13226318359375,62.44073486328125,116.08999633789062,15.804885864257812,29.284326553344727
2010-07-26,83.998138427734375,62.3343505859375,115.51999664306641,15.94300365447998,29.483589172363281
2010-07-27,83.990623474121094,61.73358154296875,113.51000213623047,15.866597175598145,29.433774948120117
2010-07-28,83.448509216308594,61.933876037597656,113.77999877929688,15.831334114074707,29.270092010498047
2010-07-29,83.041885375976562,61.915077209472656,114.29000091552734,15.854836463928223,29.319906234741211
2010-07-30,83.026847839355469,62.878787994384766,115.48999786376953,15.822515487670898,29.462234497070312
2010-08-02,84.901649475097656,61.996105194091797,115.54000091552734,16.375007629394531,30.223709106445312
2010-08-03,84.49505615234375,62.353950500488281,115.98999786376953,16.369138717651367,30.081371307373047
2010-08-04,85.059768676757812,61.876800537109375,116.72000122070312,16.495500564575195,30.124074935913086
2010-08-05,84.969429016113281,62.165634155273438,116.98000335693359,16.548397064208984,29.988855361938477
2010-08-06,84.623077392578125,62.843669891357422,117.83999633789062,16.35150146484375,29.946159362792969
2010-08-09,85.0748291015625,62.611385345458984,117.40000152587891,16.419088363647461,30.10272216796875
2010-08-10,84.61553955078125,62.743144989013672,117.73000335693359,16.283905029296875,29.689971923828125
2010-08-11,82.296485900878906,63.584438323974609,117.33999633789062,15.799003601074219,28.74346923828125
2010-08-12,81.792022705078125,63.427486419677734,118.76999664306641,15.704960823059082,28.793283462524414
2010-08-13,81.551048278808594,64.218498229980469,118.73999786376953,15.67851734161377,28.94984245300293
2010-08-16,81.513427734375,65.825752258300781,119.73000335693359,15.675576210021973,29.220277786254883
2010-08-17,82.514839172363281,65.44903564453125,119.75,15.937128067016602,29.526283264160156
2010-08-18,82.665443420410156,65.624824523925781,120.22000122070312,15.784304618835449,29.504934310913086
2010-08-19,81.227272033691406,66.648155212402344,120.38999938964844,15.528635025024414,29.27720832824707
2010-08-20,80.963783264160156,66.57281494140625,119.97000122070312,15.337611198425293,29.191814422607422
2010-08-23,80.655105590820312,66.585395812988281,119.77999877929688,15.343494415283203,28.928506851196289
2010-08-24,79.4578857421875,67.652633666992188,120.36000061035156,15.105452537536621,28.558437347412109
2010-08-25,79.7666015625,67.43292236328125,121.36000061035156,15.058428764343262,28.373424530029297
2010-08-26,79.232009887695312,68.066978454589844,120.95999908447266,14.923244476318359,28.195497512817383
2010-08-27,80.45928955078125,66.1396484375,121.01000213623047,15.311162948608398,28.814643859863281
2010-08-30,79.292243957519531,67.407875061035156,120.91000366210938,15.087812423706055,28.337831497192383
2010-08-31,79.292243957519531,68.154876708984375,122.08000183105469,15.046672821044922,28.508636474609375
2010-09-01,81.663986206054688,66.745719909667969,121.69000244140625,15.607980728149414,29.512054443359375
2010-09-02,82.424484252929688,66.040428161621094,122.29000091552734,15.737290382385254,29.561862945556641
2010-09-03,83.493690490722656,65.221855163574219,121.86000061035156,15.928312301635742,29.910575866699219
2010-09-07,82.552474975585938,66.556816101074219,122.69999694824219,15.690267562866211,29.476476669311523
2010-09-08,83.13226318359375,66.027885437011719,122.70999908447266,15.825460433959961,29.796712875366211
2010-09-09,83.516250610351562,64.724418640136719,121.55999755859375,15.85777759552002,29.967504501342773
2010-09-10,83.937896728515625,64.428512573242188,121.73000335693359,16.022354125976562,30.074254989624023
2010-09-13,84.871551513671875,64.743324279785156,121.62000274658203,16.151657104492188,30.793022155761719
2010-09-14,84.818832397460938,65.366676330566406,124.01999664306641,16.095829010009766,30.778793334960938
2010-09-15,85.142601013183594,64.396980285644531,123.94000244140625,16.063493728637695,30.821479797363281
2010-09-16,85.120010375976562,63.761016845703125,124.62999725341797,15.990031242370605,30.664915084838867
2010-09-17,85.151763916015625,64.019172668457031,124.54000091552734,15.910017013549805,30.615114212036133
2010-09-20,86.453804016113281,64.390701293945312,124.87000274658203,16.178682327270508,31.099029541015625
2010-09-21,86.279708862304688,65.284812927246094,126.01000213623047,16.190492630004883,31.006511688232422
2010-09-22,85.855781555175781,65.870399475097656,126.19999694824219,16.072397232055664,31.027856826782227
2010-09-23,85.159378051757812,66.059333801269531,126.30000305175781,15.972017288208008,30.828605651855469
2010-09-24,86.915573120117188,65.171516418457031,126.69000244140625,16.317436218261719,31.397912979125977
2010-09-27,86.499214172363281,66.304931640625,126.72000122070312,16.255439758300781,31.340991973876953
2010-09-28,86.802009582519531,66.758255004882812,127.84999847412109,16.370588302612305,31.568716049194336
2010-09-29,86.650588989257812,66.481208801269531,127.94999694824219,16.544771194458008,31.67546272277832
2010-09-30,86.393257141113281,66.437156677246094,127.91000366210938,16.550670623779297,31.860490798950195
2010-10-01,86.756584167480469,66.116073608398438,128.91000366210938,16.772092819213867,32.330177307128906
2010-10-04,86.105575561523438,66.286720275878906,128.46000671386719,16.562480926513672,32.230560302734375
2010-10-05,87.83905029296875,65.888504028320312,130.99000549316406,16.952182769775391,32.814109802246094
2010-10-06,87.83148193359375,66.716468811035156,131.80999755859375,17.102752685546875,32.799873352050781
2010-10-07,87.725502014160156,66.160270690917969,130.3699951171875,17.01713752746582,32.508094787597656
2010-10-08,88.217559814453125,65.869575500488281,131.66000366210938,17.229698181152344,32.899494171142578
2010-10-11,88.300819396972656,65.882255554199219,132.28999328613281,17.276939392089844,32.878166198730469
2010-10-12,88.573310852050781,65.231224060058594,131.96000671386719,17.250373840332031,32.742938995361328
2010-10-13,89.262161254882812,65.130142211914062,134.07000732421875,17.459981918334961,33.347843170166016
2010-10-14,88.913932800292969,64.156814575195312,134.75,17.433414459228516,33.290904998779297
2010-10-15,89.095619201660156,63.373062133789062,133.67999267578125,17.480657577514648,33.248207092285156
2010-10-18,89.534675598144531,63.885009765625,134.27999877929688,17.527891159057617,33.262432098388672
2010-10-19,88.361358642578125,64.270553588867188,130.11000061035156,17.179515838623047,32.209194183349609
2010-10-20,89.224296569824219,64.409599304199219,131.32000732421875,17.40093994140625,32.721591949462891
2010-10-21,89.421142578125,63.644824981689453,129.47000122070312,17.392082214355469,32.721591949462891
2010-10-22,89.587677001953125,64.074607849121094,129.72999572753906,17.507221221923828,32.757167816162109
2010-10-25,89.852592468261719,64.257904052734375,130.85000610351562,17.554462432861328,33.112995147705078
2010-10-26,89.867713928222656,63.265625,130.8800048828125,17.589895248413086,33.084526062011719
2010-10-27,89.610343933105469,62.709499359130859,129.52000427246094,17.516073226928711,32.522331237792969
2010-10-28,89.625534057617188,62.880096435546875,131.24000549316406,17.477699279785156,32.728702545166016
2010-10-29,89.69366455078125,63.4678955078125,132.6199951171875,17.489503860473633,32.821216583251953
2010-11-01,89.72393798828125,63.194610595703125,131.91999816894531,17.510177612304688,33.184150695800781
2010-11-02,90.435447692871094,64.02520751953125,132.49000549316406,17.702068328857422,33.596912384033203
2010-11-03,90.798797607421875,62.719104766845703,131.57000732421875,17.740451812744141,33.803279876708984
2010-11-04,92.547416687011719,63.207298278808594,136.02999877929688,18.304346084594727,34.571880340576172
2010-11-05,92.895652770996094,62.123119354248047,136.3800048828125,18.395872116088867,34.507823944091797
2010-11-08,92.721527099609375,62.402076721191406,137.77999877929688,18.451959609985352,34.365493774414062
2010-11-09,92.055366516113281,61.026176452636719,135.58999633789062,18.416536331176758,33.931396484375
2010-11-10,92.426322937011719,61.108623504638672,137.24000549316406,18.652719497680664,34.180458068847656
2010-11-11,92.078102111816406,61.076942443847656,137.66000366210938,18.859384536743164,33.845993041992188
2010-11-12,90.988067626953125,60.747184753417969,133.69000244140625,18.581863403320312,33.027603149414062
2010-11-15,90.859382629394531,59.479091644287109,132.41999816894531,18.487390518188477,33.013370513916016
2010-11-16,89.443840026855469,60.956455230712891,130.97000122070312,18.1419677734375,32.145160675048828
2010-11-17,89.489242553710938,60.620410919189453,130.3800048828125,18.215778350830078,32.308837890625
2010-11-18,90.806404113769531,60.867702484130859,132.08999633789062,18.617288589477539,33.077404022216797
2010-11-19,91.056205749511719,61.241756439208984,132.19999694824219,18.773763656616211,33.098762512207031
2010-11-22,90.980491638183594,61.501712799072266,133.47999572753906,18.714719772338867,32.999130249023438
2010-11-23,89.663368225097656,61.806087493896484,134.41000366210938,18.348630905151367,31.953004837036133
2010-11-24,90.988067626953125,60.702835083007812,134.17999267578125,18.679290771484375,32.693115234375
2010-11-26,89.928321838378906,61.546100616455078,133.11000061035156,18.45490837097168,31.881847381591797
2010-11-29,90.200790405273438,62.072368621826172,133.50999450683594,18.578908920288086,32.13092041015625
2010-11-30,89.69366455078125,62.395759582519531,135.41999816894531,18.513956069946289,31.867609024047852
2010-12-01,91.601219177246094,61.008716583251953,135.3800048828125,19.063085556030273,32.778518676757812
2010-12-02,92.774528503417969,60.849639892578125,135.19999694824219,19.346511840820312,33.426124572753906
2010-12-03,93.024314880371094,60.37249755859375,138.07000732421875,19.432130813598633,33.547103881835938
2010-12-06,92.925918579101562,61.225067138671875,139.11000061035156,19.497077941894531,33.490169525146484
2010-12-07,92.978889465332031,59.914371490478516,136.5,19.423274993896484,33.333606719970703
2010-12-08,93.319534301757812,59.335407257080078,134.78999328613281,19.331752777099609,33.120121002197266
2010-12-09,93.682884216308594,59.628086090087891,135.3699951171875,19.37603759765625,33.006248474121094
2010-12-10,94.2279052734375,59.265407562255859,135.41000366210938,19.455745697021484,33.155693054199219
2010-12-13,94.288467407226562,59.488121032714844,136.05000305175781,19.62108039855957,33.369194030761719
2010-12-14,94.371742248535156,58.62286376953125,136.17999267578125,19.529552459716797,33.419002532958984
2010-12-15,93.94024658203125,57.859352111816406,134.69999694824219,19.423274993896484,32.878166198730469
2010-12-16,94.485282897949219,58.260173797607422,133.80999755859375,19.532512664794922,32.970661163330078
2010-12-17,94.58648681640625,59.322723388671875,134.19999694824219,19.539321899414062,33.020488739013672
2010-12-20,94.814773559570312,59.259109497070312,135.11000061035156,19.666841506958008,32.871021270751953
2010-12-21,95.415916442871094,59.672588348388672,135.32000732421875,19.865522384643555,33.350845336914062
2010-12-22,95.712715148925781,59.246368408203125,135.05000305175781,19.933736801147461,33.465614318847656
2010-12-23,95.575706481933594,59.125473022460938,134.66000366210938,19.990077972412109,33.429752349853516
2010-12-27,95.613761901855469,59.653530120849609,135.02000427246094,19.918907165527344,33.322162628173828
2010-12-28,95.750747680664062,58.485225677490234,137.22000122070312,19.9930419921875,33.350845336914062
2010-12-29,95.819221496582031,59.474761962890625,137.71000671386719,20.19172477722168,33.777828216552734
2010-12-30,95.667015075683594,59.430084228515625,137.02999877929688,20.209526062011719,33.950057983398438
2010-12-31,95.689857482910156,60.087654113769531,138.72000122070312,20.239173889160156,34.186859130859375
2011-01-03,96.679092407226562,59.634395599365234,138,20.390415191650391,34.516971588134766
2011-01-04,96.625839233398438,59.704578399658203,134.75,20.215457916259766,34.674839019775391
2011-01-05,97.128044128417969,58.38946533203125,134.3699951171875,20.295526504516602,34.588726043701172
2011-01-06,96.937835693359375,58.644855499267578,133.83000183105469,20.102766036987305,34.222751617431641
2011-01-07,96.747596740722656,58.957645416259766,133.58000183105469,20.248071670532227,33.906997680664062
2011-01-10,96.625839233398438,59.276889801025391,134.1199951171875,20.168010711669922,33.555374145507812
2011-01-11,96.968276977539062,58.944942474365234,134.91000366210938,20.503091812133789,33.914173126220703
2011-01-12,97.8433837890625,58.485225677490234,135.46000671386719,20.784818649291992,34.595905303955078
2011-01-13,97.683570861816406,59.008773803710938,134.05000305175781,20.725509643554688,34.294513702392578
2011-01-14,98.391265869140625,58.632076263427734,132.69000244140625,20.95088005065918,34.394985198974609
2011-01-18,98.558662414550781,58.357559204101562,133.42999267578125,21.081363677978516,34.344749450683594
2011-01-19,97.592254638671875,58.778919219970703,133.72000122070312,20.826333999633789,34.079238891601562
2011-01-20,97.462921142578125,57.968162536621094,131.19999694824219,20.678062438964844,33.706085205078125
2011-01-21,97.683570861816406,58.427742004394531,131.02999877929688,20.787776947021484,33.354438781738281
2011-01-24,98.239028930664062,58.453311920166016,130.36000061035156,20.86488151550293,33.612785339355469
2011-01-25,98.292343139648438,59.008773803710938,130.10000610351562,20.805576324462891,33.411853790283203
2011-01-26,98.672782897949219,58.114959716796875,131.16000366210938,21.303777694702148,33.706085205078125
2011-01-27,98.916297912597656,58.376682281494141,127.93000030517578,21.179218292236328,33.591255187988281
2011-01-28,97.188934326171875,58.683151245117188,130.27999877929688,21.087285995483398,32.529190063476562
2011-01-31,97.919448852539062,58.236251831054688,129.8699951171875,21.692243576049805,32.873645782470703
2011-02-01,99.487037658691406,57.947948455810547,130.80000305175781,22.045131683349609,33.670185089111328
2011-02-02,99.296798706054688,57.9608154296875,130.44999694824219,22.027338027954102,33.419033050537109
2011-02-03,99.5174560546875,57.480293273925781,132.19999694824219,22.039199829101562,33.375972747802734
2011-02-04,99.79901123046875,56.897285461425781,131.66000366210938,21.982856750488281,33.368789672851562
2011-02-07,100.42295074462891,57.191993713378906,131.67999267578125,22.110376358032227,33.411853790283203
2011-02-08,100.87958526611328,56.666652679443359,133.13999938964844,22.036235809326172,33.42620849609375
2011-02-09,100.65131378173828,57.159934997558594,133.07000732421875,21.757488250732422,32.658363342285156
2011-02-10,100.68932342529297,56.500057220458984,132.85000610351562,21.979900360107422,32.349796295166016
2011-02-11,101.29051971435547,57.313713073730469,132.32000732421875,21.976919174194336,32.744483947753906
2011-02-14,101.53397369384766,57.352165222167969,132.94999694824219,22.460300445556641,32.579429626464844
2011-02-15,101.21437835693359,57.608417510986328,133.97000122070312,22.226018905639648,32.644016265869141
2011-02-16,101.85356903076172,57.422603607177734,134.10000610351562,22.522571563720703,32.916709899902344
2011-02-17,102.157958984375,57.512287139892578,135.03999328613281,22.744976043701172,33.031524658203125
2011-02-18,102.37104034423828,57.332923889160156,135.41000366210938,22.839872360229492,33.232452392578125
2011-02-22,100.31645965576172,58.191432952880859,136.28999328613281,22.617467880249023,32.170391082763672
2011-02-23,99.700088500976562,58.402847290039062,137.50999450683594,23.077112197875977,32.199092864990234
2011-02-24,99.631576538085938,58.774402618408203,136.47999572753906,22.750913619995117,32.278030395507812
2011-02-25,100.69692993164062,59.120342254638672,137.3800048828125,23.112693786621094,32.665538787841797
2011-02-28,101.32091522216797,59.197238922119141,137.66000366210938,23.290622711181641,32.859283447265625
2011-03-01,99.631576538085938,59.368881225585938,140.02999877929688,22.854703903198242,32.522014617919922
2011-03-02,99.844673156738281,58.456157684326172,139.91999816894531,22.985177993774414,32.966930389404297
2011-03-03,101.56442260742188,57.884132385253906,138.08999633789062,23.379583358764648,33.619964599609375
2011-03-04,100.80347442626953,58.366191864013672,139.35000610351562,23.231306076049805,33.655841827392578
2011-03-07,100.01210784912109,57.993450164794922,139.72000122070312,23.068210601806641,33.182231903076172
2011-03-08,100.88716125488281,57.639904022216797,139.36000061035156,22.87841796875,33.627132415771484
2011-03-09,100.74258422851562,58.199089050292969,139.41000366210938,22.721267700195312,33.691730499267578
2011-03-10,98.87823486328125,59.176059722900391,137.77000427246094,21.893894195556641,32.694252014160156
2011-03-11,99.563102722167969,58.841827392578125,138.22000122070312,22.273471832275391,33.031524658203125
2011-03-14,98.961944580078125,58.816097259521484,138.86000061035156,22.395059585571289,33.225273132324219
2011-03-15,97.828140258789062,59.696666717529297,136.27000427246094,22.226018905639648,32.672714233398438
2011-03-16,96.017074584960938,60.37152099609375,136.24000549316406,21.870161056518555,32.005332946777344
2011-03-17,97.287849426269531,59.908809661865234,136.97000122070312,22.53740119934082,32.400028228759766
2011-03-18,97.641700744628906,60.069450378417969,138.3699951171875,22.431772232055664,32.457439422607422
2011-03-21,99.154960632324219,59.715934753417969,139.13999938964844,23.113140106201172,33.081760406494141
2011-03-22,98.811050415039062,59.915184020996094,139.05000305175781,23.062559127807617,33.182231903076172
2011-03-23,99.09381103515625,59.838047027587891,140.33999633789062,23.122072219848633,33.619964599609375
2011-03-24,100.04148864746094,59.388141632080078,139.22000122070312,23.205375671386719,34.007465362548828
2011-03-25,100.34719848632812,59.240322113037109,139.25999450683594,23.413665771484375,33.971588134765625
2011-03-28,100.10260772705078,59.323894500732422,138.53999328613281,23.357124328613281,33.799362182617188
2011-03-29,100.77519226074219,58.867546081542969,138.21000671386719,23.642768859863281,34.186859130859375
2011-03-30,101.47064208984375,59.336738586425781,138.66999816894531,23.806413650512695,34.624610900878906
2011-03-31,101.33309936523438,59.214626312255859,139.86000061035156,23.729070663452148,34.926010131835938
2011-04-01,101.76108551025391,59.502445220947266,139.19999694824219,23.800470352172852,35.485740661621094
2011-04-04,101.84517669677734,59.567024230957031,139.83999633789062,23.815340042114258,35.787136077880859
2011-04-05,101.82987213134766,59.328212738037109,142.05000305175781,23.886753082275391,35.715377807617188
2011-04-06,102.15080261230469,58.437526702880859,142.3800048828125,23.636817932128906,35.909141540527344
2011-04-07,101.89097595214844,58.321327209472656,142.50999450683594,23.636817932128906,35.873260498046875
2011-04-08,101.53945159912109,58.011486053466797,143.66000366210938,23.720125198364258,35.909141540527344
2011-04-11,101.23374176025391,58.063167572021484,142.63999938964844,23.252986907958984,35.485740661621094
2011-04-12,100.47713470458984,58.689239501953125,141.61000061035156,22.532934188842773,34.818363189697266
2011-04-13,100.46949768066406,59.057132720947266,141.89999389648438,22.625175476074219,35.105400085449219
2011-04-14,100.54587554931641,59.011920928955078,143.80999755859375,22.779901504516602,35.213050842285156
2011-04-15,100.91275024414062,59.812294006347656,145.05000305175781,22.967340469360352,35.256114959716797
2011-04-18,99.781631469726562,59.947811126708984,145.92999267578125,22.625175476074219,34.373451232910156
2011-04-19,100.35482025146484,60.206001281738281,145.92999267578125,22.854286193847656,34.868598937988281
2011-04-20,101.72287750244141,59.818706512451172,146.5,23.392829895019531,35.69384765625
2011-04-21,102.24254608154297,59.767097473144531,146.74000549316406,23.499937057495117,36.009597778320312
2011-04-25,102.13555908203125,59.992954254150391,146.8699951171875,23.377952575683594,35.715377807617188
2011-04-26,103.01442718505859,60.573898315429688,146.3800048828125,23.610040664672852,36.023948669433594
2011-04-27,103.68698120117188,59.954246520996094,149.19999694824219,23.598133087158203,35.959365844726562
2011-04-28,104.02328491210938,60.412548065185547,149.82000732421875,23.595155715942383,35.665149688720703
2011-04-29,104.26783752441406,60.599727630615234,152.3699951171875,23.946262359619141,35.880424499511719
2011-05-02,104.10736083984375,60.696933746337891,150.41000366210938,23.627893447875977,35.887603759765625
2011-05-03,103.73285675048828,61.040462493896484,149.8800048828125,23.03577995300293,35.091060638427734
2011-05-04,103.04502105712891,61.312713623046875,147.72999572753906,22.628162384033203,34.509792327880859
2011-05-05,102.11263275146484,61.896072387695312,143.47000122070312,22.158035278320312,34.179691314697266
2011-05-06,102.56351470947266,61.623870849609375,145.30000305175781,22.256214141845703,34.624610900878906
2011-05-09,102.96098327636719,61.559032440185547,147.3800048828125,22.645999908447266,34.689201354980469
2011-05-10,103.83988189697266,61.118274688720703,147.89999389648438,22.753118515014648,35.098236083984375
2011-05-11,102.7469482421875,61.468303680419922,146.53999328613281,22.095552444458008,34.323215484619141
2011-05-12,103.23606872558594,61.079334259033203,146.58999633789062,22.06281852722168,34.423679351806641
2011-05-13,102.44125366210938,61.630336761474609,145.6300048828125,21.955696105957031,33.670185089111328
2011-05-16,101.79163360595703,61.973892211914062,145.3699951171875,21.789070129394531,33.619964599609375
2011-05-17,101.7763671875,62.609066009521484,144.74000549316406,21.789070129394531,33.727607727050781
2011-05-18,102.68582916259766,61.779376983642578,145.60000610351562,22.229433059692383,34.272979736328125
2011-05-19,102.93038177490234,61.75347900390625,145.64999389648438,22.232418060302734,34.050529479980469
2011-05-20,102.11263275146484,61.785926818847656,147.49000549316406,22.205642700195312,33.777828216552734
2011-05-23,100.92803955078125,62.084091186523438,147.83000183105469,21.860483169555664,33.074573516845703
2011-05-24,100.84393310546875,62.317455291748047,148.58999633789062,22.169925689697266,33.404682159423828
2011-05-25,101.18021392822266,62.025730133056641,148.58000183105469,22.544837951660156,33.476444244384766
2011-05-26,101.64645385742188,62.557262420654297,148.22000122070312,22.657905578613281,33.906997680664062
2011-05-27,102.03620147705078,62.531299591064453,149.69999694824219,22.71442985534668,34.265811920166016
2011-05-31,103.09851837158203,62.673969268798828,149.63999938964844,22.943544387817383,34.825546264648438
2011-06-01,100.78282165527344,63.520980834960938,149.91000366210938,22.396060943603516,34.201225280761719
2011-06-02,100.67578125,62.310886383056641,149.5,22.387138366699219,34.524150848388672
2011-06-03,99.674629211425781,62.668727874755859,150.22000122070312,22.393091201782227,34.351924896240234
2011-06-06,98.619964599609375,62.193798065185547,150.47999572753906,21.887266159057617,33.799362182617188
2011-06-07,98.558853149414062,62.480033874511719,150.41999816894531,21.887266159057617,34.064872741699219
2011-06-08,98.146141052246094,62.967983245849609,149.80999755859375,21.952718734741211,33.820888519287109
2011-06-09,98.89508056640625,62.714282989501953,150.55999755859375,22.250268936157227,34.086402893066406
2011-06-10,97.519424438476562,63.195659637451172,149.24000549316406,21.81883430480957,33.347263336181641
2011-06-13,97.595840454101562,62.876895904541016,147.77000427246094,21.473682403564453,33.289863586425781
2011-06-14,98.833984375,61.927089691162109,148.66999816894531,21.931896209716797,33.792186737060547
2011-06-15,97.076171875,63.052600860595703,149.1199951171875,21.429048538208008,33.067398071289062
2011-06-16,97.290191650390625,63.338771820068359,148.97000122070312,21.461776733398438,32.816242218017578
2011-06-17,97.580482482910156,63.039585113525391,149.94000244140625,21.406539916992188,32.859283447265625
2011-06-20,98.079681396484375,63.11761474609375,150.02999877929688,21.466257095336914,32.809059143066406
2011-06-21,99.423789978027344,62.837844848632812,150.75999450683594,21.893310546875,33.411853790283203
2011-06-22,98.824729919433594,62.876895904541016,150.99000549316406,21.830598831176758,33.079174041748047
2011-06-23,98.540504455566406,63.358318328857422,148.33999633789062,21.591686248779297,33.035690307617188
2011-06-24,97.396148681640625,63.091621398925781,146.25999450683594,21.182550430297852,32.977710723876953
2011-06-27,98.264060974121094,62.226333618164062,145.72999572753906,21.29603385925293,33.361839294433594
2011-06-28,99.546676635742188,61.725399017333984,146.24000549316406,21.917207717895508,33.818466186523438
2011-06-29,100.39921569824219,61.315532684326172,147.17999267578125,22.174030303955078,34.130115509033203
2011-06-30,101.3592529296875,61.217933654785156,146,22.502532958984375,34.499748229980469
2011-07-01,102.85697174072266,61.120025634765625,144.92999267578125,22.714574813842773,34.905643463134766
2011-07-05,102.77247619628906,61.257133483886719,147.6300048828125,22.85493278503418,34.891139984130859
2011-07-06,102.89537048339844,61.570442199707031,148.91000366210938,22.813119888305664,34.659214019775391
2011-07-07,103.96294403076172,61.3876953125,149.14999389648438,23.156562805175781,35.137565612792969
2011-07-08,103.22562408447266,62.255905151367188,150.25,22.962442398071289,34.738933563232422
2011-07-11,101.3592529296875,63.189361572265625,151.58999633789062,22.418916702270508,33.767723083496094
2011-07-12,100.92150115966797,63.404792785644531,152.77000427246094,22.335302352905273,33.427078247070312
2011-07-13,101.25942230224609,63.581043243408203,154.13999938964844,22.502532958984375,33.970657348632812
2011-07-14,100.56050872802734,62.673671722412109,154.53999328613281,22.353219985961914,33.6082763671875
2011-07-15,101.14421081542969,62.778144836425781,155.19999694824219,22.953485488891602,33.818466186523438
2011-07-18,100.31474304199219,62.171031951904297,156.57000732421875,22.875839233398438,33.427078247070312
2011-07-19,101.94300842285156,63.463508605957031,154.66000366210938,23.293937683105469,33.912681579589844
2011-07-20,101.88155364990234,62.712856292724609,156.02000427246094,23.234210968017578,34.014144897460938
2011-07-21,103.29473114013672,62.229770660400391,154.83000183105469,23.691123962402344,34.557735443115234
2011-07-22,103.3638916015625,62.699771881103516,156.1199951171875,23.810581207275391,34.535999298095703
2011-07-25,102.78784942626953,62.014381408691406,157.33999633789062,23.715019226074219,34.463527679443359
2011-07-26,102.40382385253906,62.438663482666016,157.77000427246094,23.601533889770508,34.579479217529297
2011-07-27,100.30706787109375,62.445205688476562,157.19000244140625,23.156562805175781,33.970657348632812
2011-07-28,100.01517486572266,62.680198669433594,157.32000732421875,23.060993194580078,33.999652862548828
2011-07-29,99.3316650390625,63.920467376708984,158.28999328613281,22.831048965454102,34.144618988037109
2011-08-01,98.909194946289062,64.565582275390625,157.72000122070312,22.798192977905273,34.115619659423828
2011-08-02,96.382339477539062,66.504264831542969,161.52000427246094,22.162088394165039,33.064682006835938
2011-08-03,96.904617309570312,66.635269165039062,161.49000549316406,22.036655426025391,32.948715209960938
2011-08-04,92.365455627441406,69.006233215332031,160.63999938964844,20.525543212890625,31.06427001953125
2011-08-05,92.227210998535156,67.015190124511719,161.75,20.328437805175781,30.861347198486328
2011-08-08,86.221054077148438,69.130691528320312,167.1199951171875,18.599313735961914,28.288345336914062
2011-08-09,90.230255126953125,69.34027099609375,168.61000061035156,19.545999526977539,29.948110580444336
2011-08-10,86.244110107421875,71.403335571289062,174.58000183105469,18.871074676513672,28.360830307006836
2011-08-11,90.115036010742188,67.801101684570312,170.75,19.850618362426758,29.926361083984375
2011-08-12,90.721809387207031,69.143775939941406,169.97000122070312,19.9969482421875,29.911861419677734
2011-08-15,92.641937255859375,68.442939758300781,171.80000305175781,20.671875,30.607667922973633
2011-08-16,91.850845336914062,69.576026916503906,173.91999816894531,20.328437805175781,30.346744537353516
2011-08-17,91.912284851074219,70.794281005859375,174.41999816894531,20.409072875976562,30.564163208007812
2011-08-18,87.949134826660156,72.248268127441406,177.72000122070312,19.22645378112793,29.121854782104492
2011-08-19,86.51287841796875,72.831199645996094,179.94999694824219,18.886011123657227,28.759456634521484
2011-08-22,86.582054138183594,72.647789001464844,184.58999633789062,18.733701705932617,28.730476379394531
2011-08-23,89.431449890136719,71.645706176757812,177.66999816894531,19.578855514526367,29.737916946411133
2011-08-24,90.691078186035156,69.608779907226562,171.64999389648438,19.695323944091797,29.448009490966797
2011-08-25,89.308624267578125,70.361991882324219,172.36000061035156,19.280218124389648,28.875431060791016
2011-08-26,90.606590270996094,71.056228637695312,177.47000122070312,19.653509140014648,29.368289947509766
2011-08-29,93.210289001464844,70.073814392089844,173.88999938964844,20.226902008056641,30.317752838134766
2011-08-30,93.456069946289062,71.200332641601562,179.10000610351562,20.346355438232422,30.361232757568359
2011-08-31,93.870803833007812,70.10003662109375,177.72000122070312,20.498661041259766,30.984540939331055
2011-09-01,92.887680053710938,71.585968017578125,177.8699951171875,20.343376159667969,30.817850112915039
2011-09-02,90.514427185058594,73.911575317382812,183.24000549316406,19.775957107543945,30.12205696105957
2011-09-06,89.853927612304688,74.680191040039062,182.89999389648438,19.560934066772461,29.810396194458008
2011-09-07,92.388481140136719,73.254608154296875,177.08000183105469,20.277669906616211,30.69464111328125
2011-09-08,91.428436279296875,73.911575317382812,181.80999755859375,20.041746139526367,30.013339996337891
2011-09-09,89.032127380371094,74.6998291015625,180.69999694824219,19.378765106201172,28.99864387512207
2011-09-12,89.608161926269531,74.778724670410156,176.66999816894531,19.471342086791992,28.940656661987305
2011-09-13,90.429962158203125,73.714492797851562,178.53999328613281,19.525093078613281,28.984151840209961
2011-09-14,91.681869506835938,74.338539123535156,177.21000671386719,19.766994476318359,28.904422760009766
2011-09-15,93.264053344726562,73.202056884765625,174.39999389648438,20.158214569091797,29.324783325195312
2011-09-16,93.816047668457031,73.734184265136719,176.02999877929688,20.114446640014648,29.375516891479492
2011-09-19,92.88189697265625,75.140022277832031,173.30999755859375,19.796638488769531,28.50578498840332
2011-09-20,92.773841857910156,75.455307006835938,175.77999877929688,19.673715591430664,28.29559326171875
2011-09-21,90.040840148925781,77.951652526855469,173.58999633789062,18.855226516723633,27.244659423828125
2011-09-22,87.130332946777344,80.881568908691406,169.05000305175781,17.790895462036133,25.331226348876953
2011-09-23,87.655311584472656,79.377235412597656,159.80000305175781,17.599014282226562,26.005281448364258
2011-09-26,89.739753723144531,78.102775573730469,157.58000183105469,18.24061393737793,26.396663665771484
2011-09-27,90.743377685546875,76.90716552734375,160.6300048828125,18.507444381713867,27.23741340637207
2011-09-28,88.890571594238281,76.880836486816406,156.22000122070312,17.901828765869141,26.418405532836914
2011-09-29,89.593109130859375,77.412994384765625,157.69999694824219,18.072711944580078,26.780807495117188
2011-09-30,87.354232788085938,79.357574462890625,158.05999755859375,17.54203987121582,25.439945220947266
2011-10-03,84.868324279785156,81.541389465332031,160.96000671386719,16.945419311523438,24.903608322143555
2011-10-04,86.728874206542969,80.507400512695312,157.63999938964844,17.500076293945312,25.287742614746094
2011-10-05,88.334709167480469,79.927848815917969,159.46000671386719,18.144670486450195,25.874814987182617
2011-10-06,89.932792663574219,78.452606201171875,160.49000549316406,18.486457824707031,26.730064392089844
2011-10-07,89.330604553222656,77.873077392578125,159.17999267578125,18.258600234985352,26.411159515380859
2011-10-10,92.318328857421875,76.773162841796875,163.27000427246094,19.086086273193359,27.592554092407227
2011-10-11,92.410942077636719,76.516304016113281,162.10000610351562,19.125059127807617,27.6070556640625
2011-10-12,93.221611022949219,75.403289794921875,163.25999450683594,19.226999282836914,28.382572174072266
2011-10-13,93.036300659179688,76.154045104980469,162.30000305175781,19.20001220703125,28.128900527954102
2011-10-14,94.626663208007812,75.047607421875,163.39999389648438,19.967536926269531,28.694225311279297
2011-10-17,92.820137023925781,76.345039367675781,162.6199951171875,19.604759216308594,27.723018646240234
2011-10-18,94.634422302246094,75.870880126953125,161.83999633789062,20.234367370605469,28.462297439575195
2011-10-19,93.514915466308594,75.84454345703125,159.8699951171875,20.024496078491211,27.918704986572266
2011-10-20,93.924140930175781,75.304450988769531,157.77000427246094,20.180398941040039,27.38237190246582
2011-10-21,95.707496643066406,74.507598876953125,159.52000427246094,20.552169799804688,28.165134429931641
2011-10-24,96.880996704101562,74.632705688476562,161.02000427246094,20.822006225585938,29.266813278198242
2011-10-25,94.997283935546875,76.529434204101562,165.58999633789062,20.387271881103516,28.686986923217773
2011-10-26,95.962257385253906,75.192527770996094,167.39999389648438,20.828001022338867,29.216073989868164
2011-10-27,99.305122375488281,72.643684387207031,169.55000305175781,21.751424789428711,30.991798400878906
2011-10-28,99.281974792480469,73.407737731933594,169.6199951171875,21.89832878112793,30.730880737304688
2011-10-31,96.888671875,76.3187255859375,167.33999633789062,20.89995002746582,29.578475952148438
2011-11-01,94.186622619628906,78.873458862304688,167.3800048828125,20.225374221801758,28.860937118530273
2011-11-02,95.722915649414062,77.889533996582031,169.05999755859375,20.833988189697266,29.745172500610352
2011-11-03,97.467704772949219,76.819892883300781,171.72000122070312,21.382650375366211,30.049577713012695
2011-11-04,96.873252868652344,76.912368774414062,170.85000610351562,21.364656448364258,29.853878021240234
2011-11-07,97.475448608398438,77.401023864746094,174.97999572753906,21.481584548950195,30.107555389404297
2011-11-08,98.726104736328125,76.410514831542969,173.52999877929688,21.832366943359375,30.462701797485352
2011-11-09,95.082176208496094,77.995246887207031,172.07000732421875,20.866971969604492,28.679740905761719
2011-11-10,95.977691650390625,76.833099365234375,171.13999938964844,21.229747772216797,28.868181228637695
2011-11-11,97.784233093261719,76.364311218261719,173.96000671386719,21.664472579956055,29.563962936401367
2011-11-14,96.857826232910156,77.592460632324219,173.19999694824219,21.379653930664062,29.158092498779297
2011-11-15,97.33648681640625,77.486808776855469,173.36000061035156,21.355663299560547,29.339288711547852
2011-11-16,95.792427062988281,78.193328857421875,171.50999450683594,21.034870147705078,28.54926872253418
2011-11-17,94.27154541015625,78.820632934570312,167.10000610351562,20.555166244506836,27.824485778808594
2011-11-18,94.171195983886719,78.80084228515625,167.6199951171875,20.432243347167969,27.933206558227539
2011-11-21,92.380081176757812,79.269622802734375,163.5,20.066474914550781,27.034469604492188
2011-11-22,92.017250061035156,80.154434204101562,165.30999755859375,19.877588272094727,27.128690719604492
2011-11-23,89.986824035644531,80.940193176269531,164.83000183105469,19.274965286254883,26.251712799072266
2011-11-25,89.816986083984375,79.764877319335938,163.39999389648438,19.137054443359375,26.164730072021484
2011-11-28,92.418685913085938,79.725250244140625,166.6300048828125,19.853609085083008,27.418611526489258
2011-11-29,92.681182861328125,79.071502685546875,166.8800048828125,20.138427734375,27.295398712158203
2011-11-30,96.494941711425781,77.836784362792969,170.1300048828125,21.247730255126953,28.99864387512207
2011-12-01,96.479507446289062,77.446197509765625,169.6300048828125,21.130809783935547,28.911666870117188
2011-12-02,96.394599914550781,78.531791687011719,169.82000732421875,21.112815856933594,28.824684143066406
2011-12-05,97.444557189941406,78.372894287109375,167.32000732421875,21.373659133911133,29.295797348022461
2011-12-06,97.475448608398438,77.624961853027344,168.17999267578125,21.370656967163086,28.89716911315918
2011-12-07,97.838287353515625,77.9029541015625,169.39999389648438,21.166784286499023,29.01313591003418
2011-12-08,95.692062377929688,78.875984191894531,165.97999572753906,20.57615852355957,27.969444274902344
2011-12-09,97.313308715820312,77.254287719726562,166.39999389648438,21.043872833251953,28.534772872924805
2011-12-12,95.892768859863281,78.114776611328125,161.99000549316406,20.552169799804688,27.462095260620117
2011-12-13,94.997283935546875,78.842918395996094,158.44999694824219,20.360292434692383,27.208419799804688
2011-12-14,93.985908508300781,80.332252502441406,152.88999938964844,19.787641525268555,26.817037582397461
2011-12-15,94.325576782226562,80.034332275390625,152.33000183105469,19.703699111938477,26.990983963012695
2011-12-16,94.465408325195312,80.967704772949219,155.22999572753906,19.913547515869141,27.193931579589844
2011-12-19,93.4554443359375,81.993743896484375,154.8699951171875,19.564302444458008,26.490882873535156
2011-12-20,96.283424377441406,79.948341369628906,156.97999572753906,20.368183135986328,27.600929260253906
2011-12-21,96.469924926757812,78.836280822753906,157.16000366210938,20.593992233276367,27.688726425170898
2011-12-22,97.324493408203125,79.167228698730469,156.03999328613281,20.834863662719727,28.054592132568359
2011-12-23,98.194664001464844,78.286880493164062,156.30999755859375,20.955289840698242,28.164361953735352
2011-12-27,98.272293090820312,78.658737182617188,154.91000366210938,21.009490966796875,27.893606185913086
2011-12-28,96.982627868652344,80.113029479980469,151.02999877929688,20.609050750732422,27.425298690795898
2011-12-29,97.984855651855469,80.259140014648438,150.33999633789062,20.822820663452148,27.739950180053711
2011-12-30,97.503135681152344,80.518157958984375,151.99000549316406,20.813787460327148,27.761898040771484
2012-01-03,99.057029724121094,79.3095703125,155.91999816894531,21.391864776611328,28.6107177734375
2012-01-04,99.212394714355469,78.366554260253906,156.71000671386719,21.43702507019043,28.449724197387695
2012-01-05,99.476539611816406,78.227149963378906,157.77999877929688,21.334661483764648,28.325328826904297
2012-01-06,99.22015380859375,78.844680786132812,157.19999694824219,21.208202362060547,27.966785430908203
2012-01-09,99.461036682128906,78.705253601074219,156.5,21.31056022644043,28.259481430053711
2012-01-10,100.32339477539062,78.572395324707031,158.63999938964844,21.500261306762695,28.874134063720703
2012-01-11,100.37776947021484,79.595039367675781,159.66999816894531,21.211212158203125,28.896083831787109
2012-01-12,100.61861419677734,79.482192993164062,160.3800048828125,21.01249885559082,29.013164520263672
2012-01-13,100.09804534912109,80.272438049316406,159.25999450683594,20.90711784362793,28.749740600585938
2012-01-17,100.48655700683594,80.644271850585938,160.5,21.054653167724609,29.298547744750977
2012-01-18,101.5975341796875,79.668121337890625,161.60000610351562,21.400903701782227,30.037586212158203
2012-01-19,102.13362121582031,78.572395324707031,161.22000122070312,21.488203048706055,30.301006317138672
2012-01-20,102.51426696777344,77.682563781738281,162.07000732421875,21.49122428894043,30.279054641723633
2012-01-23,102.2501220703125,77.191207885742188,163.16000366210938,21.662837982177734,30.571743011474609
2012-01-24,102.13362121582031,77.330612182617188,162.00999450683594,21.599603652954102,30.615655899047852
2012-01-25,102.98817443847656,77.144660949707031,166.41999816894531,21.86456298828125,30.959573745727539
2012-01-26,102.45992279052734,78.167350769042969,167.27000427246094,21.566492080688477,30.835180282592773
2012-01-27,102.41330718994141,78.413078308105469,168.97000122070312,21.521331787109375,30.996150970458984
2012-01-30,102.06365966796875,79.336090087890625,168.02999877929688,21.418964385986328,30.549806594848633
2012-01-31,102.02484893798828,80.25250244140625,169.30999755859375,21.283477783203125,30.813217163085938
2012-02-01,102.91827392578125,79.333229064941406,169.55999755859375,21.367778778076172,31.493732452392578
2012-02-02,103.08145141601562,79.299934387207031,171.05000305175781,21.530364990234375,31.581546783447266
2012-02-03,104.52651214599609,77.595848083496094,167.63999938964844,21.909732818603516,32.108383178710938
2012-02-06,104.45655822753906,78.368064880371094,167.17999267578125,22.171663284301758,31.837642669677734
2012-02-07,104.72071838378906,77.396194458007812,169.69999694824219,22.28607177734375,31.903495788574219
2012-02-08,105.03150939941406,77.456077575683594,168.5,22.210798263549805,32.130340576171875
2012-02-09,105.16356658935547,76.876976013183594,168.02000427246094,22.213817596435547,32.115703582763672
2012-02-10,104.38666534423828,77.875442504882812,167.13999938964844,21.99101448059082,31.405929565429688
2012-02-13,105.16356658935547,77.975334167480469,167.50999450683594,22.165641784667969,31.918136596679688
2012-02-14,105.03150939941406,78.388015747070312,167.1199951171875,22.20478630065918,31.654708862304688
2012-02-15,104.54207611083984,78.248260498046875,168.11000061035156,22.168655395507812,31.742521286010742
2012-02-16,105.69966125488281,77.622512817382812,168,22.457695007324219,32.086433410644531
2012-02-17,105.97933197021484,77.602546691894531,167.35000610351562,22.542001724243164,32.144981384277344
2012-02-21,106.02596282958984,76.743850708007812,171.02000427246094,22.695558547973633,32.013256072998047
2012-02-22,105.68412780761719,77.709022521972656,172.94000244140625,22.746728897094727,32.071804046630859
2012-02-23,106.15026092529297,77.709022521972656,173.02000427246094,22.861146926879883,32.013256072998047
2012-02-24,106.38333129882812,78.214942932128906,172.22999572753906,22.951465606689453,32.335216522216797
2012-02-27,106.56208038330078,78.907249450683594,171.69999694824219,22.879213333129883,32.013256072998047
2012-02-28,106.87278747558594,78.647636413574219,173.49000549316406,22.803936004638672,32.459625244140625
2012-02-29,106.45329284667969,78.168327331542969,164.28999328613281,22.545001983642578,32.437675476074219
2012-03-01,107.00487518310547,77.432441711425781,166.61000061035156,22.761787414550781,32.744998931884766
2012-03-02,106.67859649658203,78.159683227539062,166.33999633789062,22.502853393554688,32.664508819580078
2012-03-05,106.24349212646484,77.539199829101562,165.64999389648438,22.358339309692383,32.101070404052734
2012-03-06,104.68962860107422,78.479911804199219,162.69999694824219,21.994029998779297,31.025430679321289
2012-03-07,105.41997528076172,77.999557495117188,163.6300048828125,22.177688598632812,31.398595809936523
2012-03-08,106.46881103515625,77.218978881835938,165.27999877929688,22.358339309692383,32.057170867919922
2012-03-09,106.88056945800781,77.37237548828125,166.3800048828125,22.337261199951172,32.042533874511719
2012-03-12,106.88834381103516,77.359092712402344,165.07000732421875,22.213817596435547,31.691305160522461
2012-03-13,108.81510925292969,75.998001098632812,162.30000305175781,22.481777191162109,32.554744720458984
2012-03-14,108.69854736328125,74.083236694335938,159.57000732421875,22.264999389648438,32.042533874511719
2012-03-15,109.32786560058594,74.196647644042969,161.08000183105469,22.301130294799805,32.29864501953125
2012-03-16,109.47925567626953,74.343391418457031,161.30000305175781,22.607917785644531,32.262054443359375
2012-03-19,109.908447265625,73.456100463867188,161.58999633789062,22.710672378540039,32.137653350830078
2012-03-20,109.58850860595703,73.749649047851562,160.1300048828125,22.369138717651367,31.581546783447266
2012-03-21,109.40899658203125,74.583633422851562,160.21000671386719,22.103158950805664,31.640090942382812
2012-03-22,108.620849609375,74.823753356933594,159.57000732421875,21.604459762573242,31.157146453857422
2012-03-23,108.97206115722656,75.530998229980469,161.52999877929688,21.840208053588867,31.391292572021484
2012-03-26,110.50145721435547,75.144004821777344,164.39999389648438,22.003421783447266,31.94007682800293
2012-03-27,110.15814971923828,75.684379577636719,163.24000549316406,21.78278923034668,31.771785736083984
2012-03-28,109.61190032958984,75.577682495117188,161.50999450683594,21.510763168334961,31.237628936767578
2012-03-29,109.42462921142578,76.144828796386719,161.27999877929688,21.510763168334961,31.201045989990234
2012-03-30,109.87721252441406,74.857131958007812,162.1199951171875,21.686061859130859,31.427873611450195
2012-04-02,110.68096923828125,75.271873474121094,162.94000244140625,21.897632598876953,31.859600067138672
2012-04-03,110.22836303710938,73.967514038085938,159.88999938964844,21.707221984863281,31.676660537719727
2012-04-04,109.13591766357422,74.984214782714844,157.21000671386719,21.429149627685547,31.105911254882812
2012-04-05,109.08126068115234,75.52606201171875,158.30999755859375,21.308259963989258,31.274215698242188
2012-04-09,107.856201171875,77.291984558105469,159.3699951171875,21.039257049560547,30.813217163085938
2012-04-10,106.04582977294922,78.168228149414062,161.10000610351562,20.625181198120117,30.213201522827148
2012-04-11,106.90419006347656,77.231773376464844,161.07000732421875,20.631223678588867,30.542490005493164
2012-04-12,108.30098724365234,76.910690307617188,162.69999694824219,21.081573486328125,31.325439453125
2012-04-13,107.01339721679688,78.154838562011719,160.85000610351562,20.764213562011719,30.849813461303711
2012-04-16,106.94320678710938,78.041183471679688,160.46000671386719,20.625181198120117,30.696142196655273
2012-04-17,108.52728271484375,77.994293212890625,160.25,20.96068000793457,31.047378540039062
2012-04-18,108.16051483154297,78.221733093261719,159.30999755859375,20.918365478515625,30.901035308837891
2012-04-19,107.46600341796875,78.295303344726562,159.42999267578125,20.891157150268555,30.762008666992188
2012-04-20,107.64546203613281,78.30865478515625,159.53999328613281,20.842803955078125,30.974206924438477
2012-04-23,106.74030303955078,78.877250671386719,159.07000732421875,20.821640014648438,30.381502151489258
2012-04-24,107.14609527587891,78.322097778320312,159.30000305175781,20.975791931152344,30.447351455688477
2012-04-25,108.61306762695312,77.920738220214844,159.6199951171875,21.184335708618164,30.725412368774414
2012-04-26,109.37002563476562,78.38897705078125,161.02999877929688,21.407999038696289,30.915664672851562
2012-04-27,109.54951477050781,78.455825805664062,161.3800048828125,21.398933410644531,30.959573745727539
2012-04-30,109.14369964599609,78.475936889648438,161.8800048828125,21.531917572021484,30.893709182739258
2012-05-01,109.82257843017578,78.068939208984375,161.32000732421875,21.840208053588867,31.098600387573242
2012-05-02,109.49485778808594,78.61871337890625,160.58999633789062,21.483558654785156,31.040063858032227
2012-05-03,108.659912109375,78.598648071289062,158.97000122070312,21.126901626586914,30.805904388427734
2012-05-04,106.90419006347656,79.21551513671875,159.47000122070312,20.643320083618164,30.264421463012695
2012-05-07,106.98222351074219,79.228958129882812,159.08000183105469,20.582864761352539,30.374187469482422
2012-05-08,106.55300903320312,79.651351928710938,156,20.516374588012695,29.891231536865234
2012-05-09,105.92098236083984,79.705032348632812,154.47000122070312,20.416637420654297,29.503435134887695
2012-05-10,106.13948059082031,79.470314025878906,154.77000427246094,20.504281997680664,29.627809524536133
2012-05-11,105.81955718994141,80.127426147460938,153.55999755859375,20.353164672851562,29.247323989868164
2012-05-14,104.6490478515625,81.247184753417969,151.33000183105469,20.014644622802734,28.581447601318359
2012-05-15,104.04818725585938,81.575759887695312,149.74000549316406,19.682184219360352,28.332649230957031
2012-05-16,103.65024566650391,81.810394287109375,149.46000671386719,19.570348739624023,27.930200576782227
2012-05-17,102.11301422119141,83.258758544921875,152.80000305175781,19.446435928344727,27.549703598022461
2012-05-18,101.23903656005859,83.27880859375,154.55000305175781,19.325532913208008,27.286272048950195
2012-05-21,102.97911834716797,83.104545593261719,154.64999389648438,19.769832611083984,27.937509536743164
2012-05-22,103.15863800048828,82.179222106933594,152.08000183105469,19.721477508544922,27.644821166992188
2012-05-23,103.21328735351562,82.749191284179688,151.6199951171875,19.794008255004883,27.454578399658203
2012-05-24,103.4161376953125,82.433998107910156,151.41000366210938,19.778903961181641,27.315549850463867
2012-05-25,103.08059692382812,82.742462158203125,152.67999267578125,19.685201644897461,27.183830261230469
2012-05-29,104.3291015625,82.487632751464844,151.02000427246094,20.014644622802734,27.952152252197266
2012-05-30,102.81529235839844,84.579681396484375,151.91000366210938,19.401096343994141,27.469211578369141
2012-05-31,102.58901977539062,85.558647155761719,151.6199951171875,19.231832504272461,27.586288452148438
2012-06-01,100.00615692138672,87.589859008789062,157.5,18.751264572143555,26.847230911254883
2012-06-04,99.959297180175781,86.897750854492188,157.32000732421875,18.736148834228516,26.964317321777344
2012-06-05,100.71620941162109,85.735366821289062,157.13999938964844,18.896345138549805,27.037494659423828
2012-06-06,102.97911834716797,84.021987915039062,157.21000671386719,19.479673385620117,27.827751159667969
2012-06-07,103.04160308837891,84.149650573730469,154.5,19.491767883300781,27.996057510375977
2012-06-08,103.86094665527344,84.129470825195312,154.72999572753906,19.494791030883789,27.754585266113281
2012-06-11,102.54219055175781,84.512496948242188,155.36000061035156,19.228811264038086,27.352134704589844
2012-06-12,103.72044372558594,83.73980712890625,156.46000671386719,19.500831604003906,27.922878265380859
2012-06-13,103.05717468261719,84.566268920898438,157.1199951171875,19.252996444702148,27.820440292358398
2012-06-14,104.14962768554688,84.458717346191406,157.75,19.55523681640625,28.018013000488281
2012-06-15,105.21482086181641,84.929084777832031,157.83999633789062,19.929096221923828,28.530214309692383
2012-06-18,105.41873931884766,85.385963439941406,157.92999267578125,19.749914169311523,28.588762283325195
2012-06-19,106.43844604492188,84.270606994628906,157.16000366210938,20.035388946533203,29.049751281738281
2012-06-20,106.265869140625,84.687149047851562,155.97000122070312,19.956436157226562,28.954631805419922
2012-06-21,103.88137817382812,85.137336730957031,152.02000427246094,19.139471054077148,27.894245147705078
2012-06-22,104.68147277832031,84.001853942871094,152.63999938964844,19.267023086547852,27.983097076416016
2012-06-25,103.00289154052734,85.224700927734375,153.75999450683594,18.835758209228516,27.464757919311523
2012-06-26,103.52057647705078,84.88873291015625,152.6199951171875,19.039249420166016,27.701725006103516
2012-06-27,104.45400238037109,85.023109436035156,152.83000183105469,19.434059143066406,27.879438400268555
2012-06-28,104.15589904785156,85.231468200683594,151.05000305175781,19.56768798828125,27.746145248413086
2012-06-29,106.752197265625,84.122764587402344,155.19000244140625,20.156871795654297,28.975358963012695
2012-07-02,107.07377624511719,84.990737915039062,155.08999633789062,20.165987014770508,28.975358963012695
2012-07-03,107.77965545654297,84.337562561035156,157.46000671386719,20.64887809753418,29.552947998046875
2012-07-05,107.29337310791016,84.768524169921875,155.67999267578125,20.378582000732422,29.241937637329102
2012-07-06,106.27371215820312,85.556327819824219,153.71000671386719,20.132583618164062,28.708784103393555
2012-07-09,106.14033508300781,86.310539245605469,154.03999328613281,20.041465759277344,28.605113983154297
2012-07-10,105.21482086181641,86.485572814941406,152.14999389648438,19.728654861450195,28.286706924438477
2012-07-11,105.23046875,86.59332275390625,152.99000549316406,19.995914459228516,28.434804916381836
2012-07-12,104.72065734863281,87.206077575683594,152.58999633789062,19.929096221923828,27.960893630981445
2012-07-13,106.47763061523438,86.97711181640625,154.13999938964844,20.278358459472656,28.501449584960938
2012-07-16,106.22665405273438,87.381111145019531,154.21000671386719,20.345170974731445,28.434804916381836
2012-07-17,106.95610809326172,86.694282531738281,153.47000122070312,20.600282669067383,28.81245231628418
2012-07-18,107.74829864501953,86.741493225097656,153.05000305175781,20.779472351074219,28.738397598266602
2012-07-19,108.03068542480469,86.519271850585938,153.3800048828125,20.843254089355469,29.004985809326172
2012-07-20,107.04238128662109,87.576393127441406,153.66999816894531,20.891845703125,28.575494766235352
2012-07-23,105.95993804931641,88.067970275878906,153.02999877929688,20.691389083862305,27.827606201171875
2012-07-24,105.05009460449219,88.761497497558594,153.52000427246094,20.360359191894531,27.70911979675293
2012-07-25,105.07363128662109,88.990470886230469,155.66999816894531,20.375541687011719,27.842411041259766
2012-07-26,106.80709075927734,88.175697326660156,156.77000427246094,20.955615997314453,28.471832275390625
2012-07-27,108.77581024169922,86.512496948242188,157.53999328613281,21.326133728027344,29.271551132202148
2012-07-30,108.77581024169922,87.158912658691406,157.42999267578125,21.386867523193359,29.101240158081055
2012-07-31,108.01497650146484,87.333999633789062,156.49000549316406,21.153026580810547,28.967954635620117
2012-08-01,107.92085266113281,86.897422790527344,155.13999938964844,21.256288528442383,29.019790649414062
2012-08-02,107.17573547363281,87.3900146484375,154.1300048828125,20.900951385498047,28.679159164428711
2012-08-03,109.30136108398438,85.979751586914062,155.55000305175781,21.392951965332031,29.567750930786133
2012-08-06,109.51313018798828,86.013450622558594,156.30000305175781,21.450649261474609,29.752872467041016
2012-08-07,110.06218719482422,84.906822204589844,156.27999877929688,21.772584915161133,29.834323883056641
2012-08-08,110.19551086425781,84.454742431640625,156.47999572753906,21.790811538696289,29.893571853637695
2012-08-09,110.28966522216797,84.393989562988281,156.99000549316406,21.939620971679688,30.019445419311523
2012-08-10,110.47006988525391,84.819114685058594,157.17999267578125,21.979099273681641,30.160137176513672
2012-08-13,110.41514587402344,84.677406311035156,155.99000549316406,21.897104263305664,29.893571853637695
2012-08-14,110.43086242675781,83.530303955078125,155.1300048828125,21.857624053955078,29.886161804199219
2012-08-15,110.55632019042969,82.356208801269531,155.6300048828125,21.854579925537109,29.841728210449219
2012-08-16,111.37210083007812,81.654449462890625,156.55999755859375,22.0489501953125,30.115716934204102
2012-08-17,111.52112579345703,82.052536010742188,156.72000122070312,22.03984260559082,29.967618942260742
2012-08-20,111.52896881103516,82.221275329589844,157.25999450683594,21.96392822265625,29.952802658081055
2012-08-21,111.19165802001953,82.585685729980469,158.83000183105469,21.894069671630859,29.908370971679688
2012-08-22,111.23871612548828,83.948661804199219,160.53999328613281,21.976068496704102,29.923191070556641
2012-08-23,110.32887268066406,84.299552917480469,161.88999938964844,21.733098983764648,29.649204254150391
2012-08-24,110.99559020996094,84.218582153320312,161.97000122070312,21.860658645629883,29.65660285949707
2012-08-27,111.01910400390625,84.711128234863281,161.36000061035156,21.869770050048828,29.353006362915039
2012-08-28,110.90927886962891,84.913581848144531,161.63999938964844,21.88494873046875,29.29376220703125
2012-08-29,110.99559020996094,84.542488098144531,160.58999633789062,21.739177703857422,29.153074264526367
2012-08-30,110.19551086425781,84.981117248535156,160.52000427246094,21.508363723754883,28.81245231628418
2012-08-31,110.72103118896484,86.182174682617188,164.22000122070312,21.723997116088867,29.08643913269043
2012-09-04,110.61909484863281,86.095619201660156,164.47999572753906,21.556953430175781,28.923530578613281
2012-09-05,110.52497863769531,85.689872741699219,164.30999755859375,21.474950790405273,28.775423049926758
2012-09-06,112.76829528808594,84.2630615234375,164.88999938964844,21.927471160888672,29.412250518798828
2012-09-07,113.20754241943359,83.870880126953125,168.44000244140625,22.307109832763672,30.093496322631836
2012-09-10,112.56431579589844,84.073707580566406,167.28999328613281,22.209918975830078,29.708433151245117
2012-09-11,112.87808227539062,83.546295166015625,167.89999389648438,22.446802139282227,30.063873291015625
2012-09-12,113.25455474853516,82.5048828125,167.91999816894531,22.583477020263672,30.197168350219727
2012-09-13,114.98016357421875,82.18035888671875,171.30999755859375,22.950958251953125,31.011709213256836
2012-09-14,115.49001312255859,79.996162414550781,171.80000305175781,23.254663467407227,31.374547958374023
2012-09-17,115.09783172607422,80.956413269042969,170.39999389648438,23.078527450561523,31.033924102783203
2012-09-18,115.00370025634766,81.362136840820312,171.72000122070312,22.914514541625977,31.048727035522461
2012-09-19,115.06645202636719,81.896324157714844,171.74000549316406,22.692813873291016,31.048727035522461
2012-09-20,115.07431030273438,82.099166870117188,171.47000122070312,22.756584167480469,30.863613128662109
2012-09-21,115.02619171142578,82.193893432617188,171.96000671386719,22.782211303710938,30.937658309936523
2012-09-24,114.85270690917969,82.836288452148438,171.05000305175781,22.666288375854492,30.908037185668945
2012-09-25,113.63048553466797,83.654487609863281,170.77000427246094,22.419187545776367,30.448930740356445
2012-09-26,112.99171447753906,84.553756713867188,169.80999755859375,22.205644607543945,30.308235168457031
2012-09-27,114.0562744140625,83.952049255371094,172.33999633789062,22.507656097412109,30.789560317993164
2012-09-28,113.52793121337891,83.999343872070312,171.88999938964844,22.400882720947266,30.604433059692383
2012-10-01,113.82760620117188,84.311058044433594,172.28999328613281,22.513751983642578,30.908037185668945
2012-10-02,113.94588470458984,84.195892333984375,172.10000610351562,22.553417205810547,30.952470779418945
2012-10-03,114.41111755371094,84.222946166992188,172.41000366210938,22.275802612304688,30.745136260986328
2012-10-04,115.23124694824219,83.172630310058594,173.61000061035156,22.498504638671875,31.063529968261719
2012-10-05,115.23912048339844,82.095207214355469,172.6199951171875,22.446643829345703,31.063529968261719
2012-10-08,114.84478759765625,82.786376953125,172.05000305175781,22.483245849609375,30.789560317993164
2012-10-09,113.70930480957031,82.637321472167969,170.99000549316406,22.513751983642578,30.560009002685547
2012-10-10,112.98382568359375,83.220046997070312,170.83999633789062,22.0927734375,30.3748779296875
2012-10-11,113.04690551757812,83.796066284179688,171.32000732421875,22.257497787475586,30.656272888183594
2012-10-12,112.67633056640625,84.006118774414062,170.05999755859375,22.135471343994141,30.560009002685547
2012-10-15,113.61469268798828,83.816390991210938,168.35000610351562,22.248355865478516,30.737722396850586
2012-10-16,114.76596832275391,82.657608032226562,169.41999816894531,22.602218627929688,31.056133270263672
2012-10-17,115.28643035888672,81.891914367675781,169.53999328613281,22.885936737060547,31.300506591796875
2012-10-18,114.98680114746094,81.390472412109375,168.78999328613281,22.882892608642578,31.211633682250977
2012-10-19,113.07057952880859,82.495002746582031,166.97000122070312,22.522912979125977,30.730321884155273
2012-10-22,113.08633422851562,81.966438293457031,167.58000183105469,22.410039901733398,31.026515960693359
2012-10-23,111.51717376708984,83.138809204101562,165.42999267578125,21.88838005065918,30.389692306518555
2012-10-24,111.20173645019531,82.318801879882812,164.86000061035156,21.720590591430664,30.419317245483398
2012-10-25,111.52503967285156,81.898696899414062,166.02000427246094,21.92498779296875,30.752536773681641
2012-10-26,111.46194458007812,83.104820251464844,165.92999267578125,21.952432632446289,30.515571594238281
2012-10-31,111.46194458007812,83.592750549316406,166.83000183105469,21.946340560913086,30.471149444580078
2012-11-01,112.62898254394531,82.908370971679688,166.07000732421875,22.040903091430664,30.967281341552734
2012-11-02,111.62750244140625,82.847396850585938,162.60000610351562,21.677881240844727,30.804361343383789
2012-11-05,111.85623931884766,83.314926147460938,163.22999572753906,21.842617034912109,30.952470779418945
2012-11-06,112.73149108886719,82.528892517089844,166.30000305175781,22.193437576293945,31.196826934814453
2012-11-07,110.17658996582031,84.026466369628906,166.49000549316406,21.613809585571289,30.685886383056641
2012-11-08,108.85181427001953,85.273277282714844,167.99000549316406,21.223333358764648,30.30084228515625
2012-11-09,108.94642639160156,85.3681640625,167.82000732421875,21.217227935791016,30.360078811645508
2012-11-12,109.03318786621094,85.510475158691406,167.44999694824219,21.259939193725586,30.471149444580078
2012-11-13,108.65468597412109,85.795074462890625,167.10000610351562,21.171478271484375,30.197168350219727
2012-11-14,107.18793487548828,85.876426696777344,167.13999938964844,20.915214538574219,29.730657577514648
2012-11-15,107.00662231445312,85.707015991210938,166.08999633789062,20.942672729492188,29.834323883056641
2012-11-16,107.53495025634766,85.632461547851562,165.8800048828125,21.025039672851562,29.923191070556641
2012-11-19,109.71133422851562,85.151321411132812,167.8699951171875,21.510097503662109,30.448930740356445
2012-11-20,109.75865173339844,84.297508239746094,167.38999938964844,21.424680709838867,30.389692306518555
2012-11-21,109.96363067626953,84.250099182128906,167.55999755859375,21.54060173034668,30.330451965332031
2012-11-23,111.46194458007812,84.168739318847656,169.61000061035156,21.845666885375977,30.826578140258789
2012-11-26,111.22537994384766,84.568580627441406,169.42999267578125,21.632116317749023,30.826578140258789
2012-11-27,110.65760040283203,84.900627136230469,168.71000671386719,21.452133178710938,30.567403793334961
2012-11-28,111.54869079589844,84.778602600097656,166.55000305175781,21.647377014160156,30.737722396850586
2012-11-29,112.06911468505859,84.792221069335938,167.17999267578125,21.69618034362793,30.959871292114258
2012-11-30,112.09275054931641,84.561775207519531,166.05000305175781,21.677881240844727,30.945064544677734
2012-12-03,111.54076385498047,84.639869689941406,166.1300048828125,21.558904647827148,30.93025016784668
2012-12-04,111.38307189941406,85.128746032714844,164.41999816894531,21.479593276977539,31.019105911254883
2012-12-05,111.58018493652344,85.087989807128906,164.1199951171875,21.629068374633789,31.352338790893555
2012-12-06,111.95874786376953,85.271324157714844,164.5,21.699237823486328,31.589284896850586
2012-12-07,112.29781341552734,84.48370361328125,165.16000366210938,21.830410003662109,31.685550689697266
2012-12-10,112.34512329101562,84.857124328613281,165.80000305175781,21.806009292602539,31.863273620605469
2012-12-11,113.11002349853516,84.212142944335938,165.64999389648438,21.934137344360352,32.026180267333984
2012-12-12,113.16521453857422,83.234428405761719,165.77000427246094,22.013450622558594,32.122440338134766
2012-12-13,112.47132110595703,83.295524597167969,164.3699951171875,21.809049606323242,31.981742858886719
2012-12-14,112.05332946777344,83.920158386230469,164.1300048828125,21.726688385009766,32.122440338134766
2012-12-17,113.37026977539062,82.664039611816406,164.44000244140625,21.92498779296875,32.203899383544922
2012-12-18,114.63192749023438,81.822189331054688,162.08000183105469,22.327669143676758,32.428871154785156
2012-12-19,113.78028106689453,82.093757629394531,161.69000244140625,22.175144195556641,32.413974761962891
2012-12-20,114.43476104736328,82.107315063476562,159.72999572753906,22.324613571166992,32.607677459716797
2012-12-21,113.39602661132812,83.003585815429688,160.33000183105469,22.098030090332031,32.235187530517578
2012-12-24,113.04661560058594,82.854156494140625,160.6199951171875,21.929388046264648,32.168140411376953
2012-12-26,112.57013702392578,83.1522216796875,160.77999877929688,21.831264495849609,32.264976501464844
2012-12-27,112.41921234130859,83.431205749511719,161.16000366210938,21.791406631469727,32.446807861328125
2012-12-28,111.20420837402344,83.907546997070312,160.53999328613281,21.411201477050781,32.566043853759766
2012-12-31,113.09427642822266,82.458206176757812,162.02000427246094,21.898721694946289,33.050449371337891
2013-01-02,115.99289703369141,81.355819702148438,163.16999816894531,22.383180618286133,33.698783874511719
2013-01-03,115.73084259033203,80.253448486328125,161.19999694824219,22.377052307128906,33.460319519042969
2013-01-04,116.23903656005859,80.566452026367188,160.44000244140625,22.625411987304688,33.527381896972656
2013-01-07,115.92144775390625,80.600494384765625,159.42999267578125,22.450637817382812,33.274002075195312
2013-01-08,115.587890625,81.131248474121094,160.55999755859375,22.377052307128906,32.975914001464844
2013-01-09,115.88167572021484,81.056449890136719,160.49000549316406,22.340255737304688,33.117515563964844
2013-01-10,116.80289459228516,80.83184814453125,161.97999572753906,22.542619705200195,33.408149719238281
2013-01-11,116.79500579833984,81.553153991699219,161.05999755859375,22.570219039916992,33.139873504638672
2013-01-14,116.71556091308594,81.32861328125,161.53999328613281,22.573284149169922,33.281459808349609
2013-01-15,116.79500579833984,81.702873229980469,162.55999755859375,22.674465179443359,33.139873504638672
2013-01-16,116.77909851074219,81.872970581054688,162.64999389648438,22.775646209716797,33.110057830810547
2013-01-17,117.53354644775391,81.056449890136719,163.35000610351562,22.919763565063477,33.296363830566406
2013-01-18,117.79560852050781,81.682449340820312,163.08999633789062,23.146661758422852,33.370876312255859
2013-01-22,118.430908203125,81.838920593261719,163.66999816894531,23.367429733276367,33.318721771240234
2013-01-23,118.62150573730469,81.7164306640625,163.21000671386719,23.287704467773438,33.139873504638672
2013-01-24,118.65326690673828,81.430694580078125,161.41999816894531,23.355161666870117,33.0206298828125
2013-01-25,119.32037353515625,80.314712524414062,160.64999389648438,23.575927734375,32.908847808837891
2013-01-28,119.17745971679688,80.022140502929688,160.28999328613281,23.536069869995117,32.677825927734375
2013-01-29,119.64599609375,79.579826354980469,160.99000549316406,23.916269302368164,33.042991638183594
2013-01-30,119.17745971679688,79.443702697753906,162.19000244140625,23.796693801879883,32.886497497558594
2013-01-31,118.88358306884766,79.831588745117188,161.19999694824219,23.716962814331055,32.953559875488281
2013-02-01,120.10657501220703,78.794998168945312,161.44999694824219,23.937736511230469,33.169670104980469
2013-02-04,118.75650787353516,79.804298400878906,162,23.710842132568359,32.729995727539062
2013-02-05,119.95565032958984,79.095054626464844,161.96000671386719,23.916269302368164,32.767253875732422
2013-02-06,120.04303741455078,79.742927551269531,162.38999938964844,23.931610107421875,32.729995727539062
2013-02-07,119.88423156738281,79.565628051757812,161.83999633789062,23.870294570922852,32.439369201660156
2013-02-08,120.55129241943359,79.872512817382812,161.57000732421875,24.094114303588867,32.677825927734375
2013-02-11,120.52745819091797,79.811103820800781,159.69999694824219,23.974531173706055,32.662933349609375
2013-02-12,120.72600555419922,79.6134033203125,159.88999938964844,24.038917541503906,32.752349853515625
2013-02-13,120.8292236328125,78.965507507324219,159.05000305175781,24.124771118164062,32.916301727294922
2013-02-14,120.94038391113281,79.681571960449219,158.35000610351562,24.333278656005859,32.901401519775391
2013-02-15,120.79747772216797,79.449691772460938,155.75999450683594,24.054250717163086,32.78216552734375
2013-02-19,121.70281219482422,79.054130554199219,155.33000183105469,24.333278656005859,32.849239349365234
2013-02-20,120.18594360351562,79.292869567871094,151.44000244140625,23.824291229248047,32.558597564697266
2013-02-21,119.45538330078125,79.756561279296875,152.6199951171875,23.658718109130859,32.111461639404297
2013-02-22,120.62275695800781,79.811103820800781,152.97000122070312,23.907070159912109,32.253055572509766
2013-02-25,118.32768249511719,81.379692077636719,154.33999633789062,23.281570434570312,31.820825576782227
2013-02-26,119.13768768310547,80.909103393554688,156.22000122070312,23.511528015136719,31.999687194824219
2013-02-27,120.63861083984375,80.670402526855469,154.57000732421875,23.870294570922852,32.349941253662109
2013-02-28,120.40042114257812,80.8204345703125,153,23.821226119995117,32.200901031494141
2013-03-01,120.79747772216797,81.260581970214844,152.44000244140625,23.851884841918945,32.275409698486328
2013-03-04,121.44075775146484,80.83001708984375,152.30000305175781,23.799758911132812,31.969881057739258
2013-03-05,122.52871704101562,80.597640991210938,152.3800048828125,23.953067779541016,32.357387542724609
2013-03-06,122.69548797607422,79.86639404296875,153.22999572753906,23.980663299560547,32.513885498046875
2013-03-07,122.91785430908203,79.251251220703125,152.69000244140625,24.103311538696289,32.603317260742188
2013-03-08,123.44196319580078,78.424331665039062,152.71000671386719,24.219829559326172,32.886497497558594
2013-03-11,123.91056823730469,78.499481201171875,152.99000549316406,24.232093811035156,32.707645416259766
2013-03-12,123.63257598876953,79.066703796386719,154.19000244140625,24.25969123840332,32.335037231445312
2013-03-13,123.80725860595703,78.984764099121094,153.66000366210938,24.204500198364258,32.029495239257812
2013-03-14,124.46641540527344,78.745574951171875,153.67999267578125,24.53564453125,32.16363525390625
2013-03-15,124.30209350585938,79.114570617675781,154,24.516242980957031,31.87299919128418
2013-03-18,123.61606597900391,79.716011047363281,155.3800048828125,24.319128036499023,31.515295028686523
2013-03-19,123.32889556884766,80.255943298339844,156.08000183105469,24.051164627075195,31.291719436645508
2013-03-20,124.19047546386719,79.360610961914062,155.3699951171875,24.186687469482422,31.470575332641602
2013-03-21,123.12954711914062,80.126075744628906,156.25,24.063491821289062,31.150131225585938
2013-03-22,124.11859893798828,80.187591552734375,155.55000305175781,24.254449844360352,31.269376754760742
2013-03-25,123.60015106201172,80.1124267578125,155.24000549316406,24.162050247192383,31.239557266235352
2013-03-26,124.58929443359375,80.208122253417969,154.72000122070312,24.417688369750977,31.686689376831055
2013-03-27,124.58929443359375,80.891548156738281,155.36000061035156,24.497756958007812,31.805929183959961
2013-03-28,124.97211456298828,80.481452941894531,154.44999694824219,24.426919937133789,31.87299919128418
2013-04-01,124.47760009765625,81.087631225585938,154.66999816894531,24.377643585205078,31.530197143554688
2013-04-02,125.09181213378906,80.758903503417969,152.42999267578125,24.239051818847656,31.54510498046875
2013-04-03,123.82351684570312,81.484870910644531,150.72999572753906,23.786300659179688,31.172494888305664
2013-04-04,124.32598876953125,82.457450866699219,150.28999328613281,23.755498886108398,31.083063125610352
2013-04-05,123.76767730712891,84.121788024902344,152.80999755859375,23.807857513427734,31.008544921875
2013-04-08,124.60525512695312,83.477989196777344,152.16000366210938,23.968009948730469,31.060707092285156
2013-04-09,125.03593444824219,83.272506713867188,153.33999633789062,24.171287536621094,31.366249084472656
2013-04-10,126.56752014160156,82.128684997558594,150.75,24.30064582824707,31.664333343505859
2013-04-11,126.9822998046875,82.286209106445312,151.05000305175781,24.405361175537109,31.694149017333984
2013-04-12,126.67123413085938,83.51220703125,143.94999694824219,24.023452758789062,31.209749221801758
2013-04-15,123.73575592041016,84.238258361816406,131.30999755859375,23.044040679931641,30.449626922607422
2013-04-16,125.56241607666016,83.546470642089844,132.80000305175781,23.327392578125,31.075614929199219
2013-04-17,123.72776031494141,84.101280212402344,132.8699951171875,22.816122055053711,30.583772659301758
2013-04-18,122.95404052734375,84.306709289550781,134.30000305175781,23.010152816772461,30.583772659301758
2013-04-19,124.02293395996094,84.128654479980469,135.47000122070312,22.963953018188477,31.030904769897461
2013-04-22,124.57329559326172,84.190269470214844,137.89999389648438,23.210348129272461,31.179946899414062
2013-04-23,125.85753631591797,83.895790100097656,136.8800048828125,23.478309631347656,31.328983306884766
2013-04-24,125.93731689453125,84.108123779296875,138.3699951171875,23.792455673217773,31.515295028686523
2013-04-25,126.44786834716797,83.745101928710938,141.6300048828125,23.810945510864258,31.798477172851562
2013-04-26,126.2244873046875,84.512229919433594,140.91000366210938,23.770893096923828,31.478034973144531
2013-04-29,127.07002258300781,84.203994750976562,142.30000305175781,24.011125564575195,31.805929183959961
2013-04-30,127.37310791015625,84.251945495605469,142.77000427246094,24.106611251831055,32.260513305664062
2013-05-01,126.25642395019531,85.117446899414062,141.11000061035156,23.730861663818359,31.910255432128906
2013-05-02,127.42903137207031,85.007659912109375,141.91999816894531,24.041934967041016,32.16363525390625
2013-05-03,128.72120666503906,83.003463745117188,142.08999633789062,24.476203918457031,32.431903839111328
2013-05-06,129.04829406738281,82.797523498535156,142.14999389648438,24.642522811889648,32.476619720458984
2013-05-07,129.70237731933594,82.47491455078125,140.3800048828125,24.833469390869141,32.707645416259766
2013-05-08,130.29263305664062,82.605354309082031,142.46000671386719,24.873517990112305,32.961025238037109
2013-05-09,129.92575073242188,82.392539978027344,140.80999755859375,24.851955413818359,32.722549438476562
2013-05-10,130.34852600097656,81.507118225097656,139.60000610351562,24.722587585449219,32.469173431396484
2013-05-13,130.45217895507812,80.882537841796875,138.42999267578125,24.719528198242188,32.171089172363281
2013-05-14,131.80032348632812,80.003982543945312,137.80999755859375,25.07063102722168,32.320137023925781
2013-05-15,132.51016235351562,80.539382934570312,134.6300048828125,24.999788284301758,32.327583312988281
2013-05-16,131.88800048828125,81.376716613769531,134.08999633789062,24.876594543457031,32.215797424316406
2013-05-17,133.16432189941406,80.347145080566406,131.07000732421875,25.292383193969727,32.357387542724609
2013-05-20,133.15628051757812,80.2510986328125,135.1199951171875,25.649652481079102,32.439369201660156
2013-05-21,133.34774780273438,80.882537841796875,132.8800048828125,25.597288131713867,32.372295379638672
2013-05-22,132.358642578125,79.681381225585938,131.94000244140625,25.3016357421875,32.014579772949219
2013-05-23,131.97579956054688,80.058891296386719,134.61000061035156,25.313943862915039,31.776123046875
2013-05-24,131.86408996582031,80.168701171875,133.75999450683594,25.166101455688477,31.500394821166992
2013-05-28,132.65379333496094,78.137016296386719,133.49000549316406,25.430986404418945,31.671785354614258
2013-05-29,131.792236328125,79.015579223632812,134.83000183105469,25.375539779663086,31.269376754760742
2013-05-30,132.27890014648438,78.823417663574219,136.69999694824219,25.317008972167969,31.269376754760742
2013-05-31,130.38046264648438,78.555671691894531,133.91999816894531,24.793441772460938,30.7030029296875
2013-06-03,131.09828186035156,78.971969604492188,136.50999450683594,25.033674240112305,31.157590866088867
2013-06-04,130.46815490722656,78.242660522460938,135.22999572753906,24.836555480957031,30.777521133422852
2013-06-05,128.64144897460938,79.322868347167969,135.52000427246094,24.54704475402832,30.226068496704102
2013-06-06,129.80615234375,79.27471923828125,136.52999877929688,24.731828689575195,30.479434967041016
2013-06-07,131.45724487304688,77.8572998046875,133.27999877929688,25.042909622192383,30.322938919067383
2013-06-10,131.45724487304688,77.485786437988281,133.94000244140625,24.972066879272461,29.913066864013672
2013-06-11,130.10125732421875,78.407791137695312,133.25,24.59324836730957,29.346700668334961
2013-06-12,129.02435302734375,77.286308288574219,134.25,24.442323684692383,29.14549446105957
2013-06-13,130.98667907714844,78.497230529785156,133.74000549316406,24.851955413818359,29.764030456542969
2013-06-14,130.16499328613281,78.31146240234375,134.42999267578125,24.611719131469727,29.294534683227539
2013-06-17,131.170166015625,77.898643493652344,133.77000427246094,24.965904235839844,29.562816619873047
2013-06-18,132.20704650878906,77.939903259277344,132.1300048828125,25.107587814331055,29.689498901367188
2013-06-19,130.38046264648438,77.134918212890625,130.58999633789062,24.876594543457031,28.77288818359375
2013-06-20,127.14984893798828,75.868934631347656,123.59999847412109,24.149734497070312,27.483667373657227
2013-06-21,127.55800628662109,74.58233642578125,125.05000305175781,24.191194534301758,27.878623962402344
2013-06-24,125.94614410400391,74.891952514648438,123.93000030517578,23.832210540771484,27.312265396118164
2013-06-25,127.15699005126953,74.224525451660156,123.47000122070312,24.138586044311523,27.893527984619141
2013-06-26,128.41603088378906,74.706207275390625,118.27999877929688,24.287137985229492,28.333208084106445
2013-06-27,129.16973876953125,75.46990966796875,115.94000244140625,24.333547592163086,28.901725769042969
2013-06-28,128.6405029296875,75.985946655273438,119.11000061035156,24.231424331665039,29.067831039428711
2013-07-01,129.394287109375,76.139022827148438,121.12999725341797,24.404731750488281,29.158430099487305
2013-07-02,129.27406311035156,76.090721130371094,120.05000305175781,24.457347869873047,28.637477874755859
2013-07-03,129.33012390136719,75.863189697265625,120.73999786376953,24.441865921020508,28.37322998046875
2013-07-05,130.72552490234375,73.277168273925781,118.08999633789062,24.745145797729492,28.192022323608398
2013-07-08,131.47129821777344,73.987457275390625,119.51000213623047,24.906072616577148,28.229770660400391
2013-07-09,132.41755676269531,74.063316345214844,120.62000274658203,25.159830093383789,28.599729537963867
2013-07-10,132.46559143066406,73.48406982421875,120.94999694824219,25.005105972290039,28.327926635742188
2013-07-11,134.26985168457031,74.346076965332031,124.23999786376953,25.206258773803711,29.717142105102539
2013-07-12,134.32598876953125,74.283935546875,124.12999725341797,25.348608016967773,29.4000244140625
2013-07-15,134.8392333984375,74.677047729492188,124.18000030517578,25.326946258544922,29.702037811279297
2013-07-16,134.33406066894531,74.932220458984375,124.88999938964844,25.172218322753906,29.822841644287109
2013-07-17,134.67886352539062,75.070152282714844,123.31999969482422,25.283622741699219,30.094644546508789
2013-07-18,135.41661071777344,74.13226318359375,124.01000213623047,25.552858352661133,29.739791870117188
2013-07-19,135.65718078613281,75.304618835449219,125.11000061035156,25.908760070800781,29.656736373901367
2013-07-22,135.9217529296875,75.4149169921875,128.83999633789062,25.825202941894531,29.95118522644043
2013-07-23,135.63308715820312,75.097709655761719,129.71000671386719,25.868513107299805,30.275840759277344
2013-07-24,135.13591003417969,74.14605712890625,127.48000335693359,25.580717086791992,29.966297149658203
2013-07-25,135.46469116210938,74.118484497070312,128.66999816894531,25.750921249389648,30.139942169189453
2013-07-26,135.60911560058594,74.573638916015625,128.77999877929688,25.685932159423828,30.071989059448242
2013-07-29,135.19203186035156,74.028823852539062,128.47000122070312,25.472402572631836,29.694484710693359
2013-07-30,135.19203186035156,74.001235961914062,128.1199951171875,25.42289924621582,29.626548767089844
2013-07-31,135.28826904296875,74.270164489746094,127.95999908447266,25.506439208984375,29.452884674072266
2013-08-01,136.85202026367188,72.839118957519531,126.61000061035156,25.921138763427734,29.98893928527832
2013-08-02,137.08448791503906,73.641082763671875,126.36000061035156,25.806632995605469,29.981395721435547
2013-08-05,136.88410949707031,73.074195861816406,125.69999694824219,25.744739532470703,29.792633056640625
2013-08-06,136.106201171875,73.288414001464844,123.97000122070312,25.586902618408203,29.415130615234375
2013-08-07,135.66513061523438,73.834678649902344,124.15000152587891,25.497158050537109,29.09803581237793
2013-08-08,136.16232299804688,74.035148620605469,126.86000061035156,25.636411666870117,29.656736373901367
2013-08-09,135.76943969726562,74.152694702148438,126.86000061035156,25.559038162231445,29.717142105102539
2013-08-12,135.60911560058594,73.647972106933594,129.1300048828125,25.450742721557617,29.996488571166992
2013-08-13,136.00999450683594,72.583351135253906,127.73999786376953,25.497158050537109,30.177700042724609
2013-08-14,135.31234741210938,72.693923950195312,129,25.379549026489258,30.275840759277344
2013-08-15,133.41986083984375,71.712234497070312,131.69000244140625,25.24029541015625,29.928548812866211
2013-08-16,132.97880554199219,71.463371276855469,132.58000183105469,25.138181686401367,29.671846389770508
2013-08-19,132.12876892089844,70.841178894042969,132.00999450683594,24.738958358764648,29.113136291503906
2013-08-20,132.77833557128906,71.387321472167969,132.44999694824219,24.890600204467773,29.060281753540039
2013-08-21,131.96038818359375,70.606117248535156,132.07000732421875,24.754440307617188,28.380777359008789
2013-08-22,133.1632080078125,71.325119018554688,132.80999755859375,25.122705459594727,28.841327667236328
2013-08-23,133.61233520507812,72.099388122558594,134.89999389648438,25.302190780639648,29.181081771850586
2013-08-26,133.11514282226562,72.458869934082031,135.44999694824219,25.258872985839844,28.863979339599609
2013-08-27,130.97402954101562,73.371490478515625,136.75,25.101030349731445,28.199567794799805
2013-08-28,131.43913269042969,72.776878356933594,136.71000671386719,25.518814086914062,28.259971618652344
2013-08-29,131.64765930175781,73.357650756835938,135.8699951171875,25.252683639526367,28.486478805541992
2013-08-30,131.23060607910156,73.274673461914062,134.6199951171875,25.243396759033203,28.70543098449707
2013-09-03,131.82405090332031,72.241134643554688,136.41999816894531,25.4290771484375,28.886625289916992
2013-09-04,132.91471862792969,72.081748962402344,134.66000366210938,25.565248489379883,29.4000244140625
2013-09-05,133.08306884765625,71.076614379882812,132.19999694824219,25.651882171630859,29.747341156005859
2013-09-06,133.147216796875,71.430160522460938,134.14999389648438,25.6488037109375,30.185243606567383
2013-09-09,134.42227172851562,71.464851379394531,133.91000366210938,25.936594009399414,30.977998733520508
2013-09-10,135.41661071777344,70.965744018554688,131.74000549316406,25.945884704589844,31.212060928344727
2013-09-11,135.84158325195312,71.596511840820312,131.69999694824219,26.143949508666992,31.234701156616211
2013-09-12,135.48072814941406,71.499542236328125,127.66999816894531,25.989213943481445,30.872306823730469
2013-09-13,135.78547668457031,71.776710510253906,127.81999969482422,25.979934692382812,31.076156616210938
2013-09-16,136.57127380371094,71.2984619140625,126.44999694824219,25.973743438720703,31.42344856262207
2013-09-17,137.18077087402344,71.887657165527344,126.5,26.091339111328125,31.355514526367188
2013-09-18,138.76856994628906,72.77490234375,132.00999450683594,26.407001495361328,32.669219970703125
2013-09-19,138.53598022460938,72.345138549804688,131.75,26.342010498046875,32.495574951171875
2013-09-20,137.5673828125,72.726341247558594,127.95999908447266,26.12841796875,31.770771026611328
2013-09-23,136.9307861328125,73.260116577148438,127.55000305175781,26.000949859619141,31.884008407592773
2013-09-24,136.60848999023438,74.050315856933594,127.66000366210938,26.025825500488281,31.612209320068359
2013-09-25,136.21357727050781,74.202812194824219,128.78999328613281,26.01960563659668,31.370609283447266
2013-09-26,136.73741149902344,73.682991027832031,127.79000091552734,26.066230773925781,31.498960494995117
2013-09-27,136.10890197753906,73.863121032714844,128.97000122070312,25.97607421875,31.129011154174805
2013-09-30,135.38360595703125,73.752227783203125,128.17999267578125,25.777095794677734,30.774154663085938
2013-10-01,136.45535278320312,73.528450012207031,124.58999633789062,25.94188117980957,31.385709762573242
2013-10-02,136.326416015625,73.6396484375,127.05999755859375,26.000949859619141,31.506507873535156
2013-10-03,135.06941223144531,73.521507263183594,127.18000030517578,25.773988723754883,31.385709762573242
2013-10-04,136.09271240234375,73.465919494628906,126.52999877929688,26.035154342651367,31.793413162231445
2013-10-07,134.91624450683594,73.764778137207031,127.63999938964844,25.820619583129883,31.521617889404297
2013-10-08,133.34489440917969,73.785591125488281,127.40000152587891,25.543914794921875,31.219608306884766
2013-10-09,133.44158935546875,73.194877624511719,126.11000061035156,25.453750610351562,31.453659057617188
2013-10-10,136.31842041015625,73.313041687011719,124.26999664306641,25.92633056640625,32.193576812744141
2013-10-11,137.19671630859375,73.292182922363281,122.59999847412109,26.206151962280273,32.337024688720703
2013-10-14,137.74472045898438,72.701484680175781,122.83000183105469,26.383354187011719,32.525772094726562
2013-10-15,136.7454833984375,72.652793884277344,123.73000335693359,26.286991119384766,32.208663940429688
2013-10-16,138.65525817871094,73.563255310058594,123.54000091552734,26.68182373046875,32.465377807617188
2013-10-17,139.58184814453125,74.230392456054688,127.41999816894531,26.737783432006836,32.669219970703125
2013-10-18,140.52464294433594,74.3902587890625,126.84999847412109,27.030040740966797,32.699420928955078
2013-10-21,140.53276062011719,74.153968811035156,126.98000335693359,26.908788681030273,32.646572113037109
2013-10-22,141.34669494628906,74.980964660644531,129.33999633789062,27.058021545410156,32.963676452636719
2013-10-23,140.66972351074219,75.272811889648438,128.69000244140625,26.635187149047852,32.193576812744141
2013-10-24,141.13711547851562,74.980964660644531,129.89999389648438,26.762664794921875,32.125617980957031
2013-10-25,141.78176879882812,75.258956909179688,130.46000671386719,26.924343109130859,32.276618957519531
2013-10-28,142.00740051269531,75.0018310546875,130.55999755859375,26.946100234985352,32.465377807617188
2013-10-29,142.764892578125,75.099098205566406,129.77000427246094,27.135749816894531,32.571079254150391
2013-10-30,142.05580139160156,74.647384643554688,129.60000610351562,26.952316284179688,32.389877319335938
2013-10-31,141.65280151367188,74.807220458984375,127.73999786376953,26.859043121337891,32.057670593261719
2013-11-01,141.99130249023438,73.997482299804688,126.94999694824219,26.762664794921875,32.072769165039062
2013-11-04,142.49085998535156,74.067207336425781,126.80999755859375,27.095329284667969,32.269065856933594
2013-11-05,142.03959655761719,73.182174682617188,126.55999755859375,26.849716186523438,31.619758605957031
2013-11-06,142.764892578125,73.217018127441406,127.19999694824219,26.930545806884766,31.717918395996094
2013-11-07,140.95988464355469,73.837181091308594,126.16000366210938,26.513933181762695,31.144102096557617
2013-11-08,142.86152648925781,72.060302734375,124.27999877929688,26.908788681030273,31.076156616210938
2013-11-11,142.8857421875,71.788543701171875,123.87000274658203,26.958534240722656,30.917606353759766
2013-11-12,142.59564208984375,72.122993469238281,122.44999694824219,26.709812164306641,30.751495361328125
2013-11-13,143.73988342285156,72.387809753417969,122.84999847412109,26.942991256713867,30.804338455200195
2013-11-14,144.45710754394531,72.833763122558594,124.26999664306641,27.104656219482422,31.302654266357422
2013-11-15,145.08560180664062,72.9801025390625,124.31999969482422,27.253894805908203,31.899114608764648
2013-11-18,144.57794189453125,73.419113159179688,122.90000152587891,27.045583724975586,32.186019897460938
2013-11-19,144.26362609863281,72.86163330078125,122.94999694824219,27.092220306396484,31.989717483520508
2013-11-20,143.81243896484375,71.621337890625,120.12000274658203,27.026937484741211,31.551813125610352
2013-11-21,144.97282409667969,71.739738464355469,119.94000244140625,27.28498649597168,31.521617889404297
2013-11-22,145.69793701171875,72.40869140625,119.91999816894531,27.431102752685547,31.748109817504883
2013-11-25,145.55293273925781,72.617782592773438,120.45999908447266,27.182382583618164,31.340414047241211
2013-11-26,145.59318542480469,72.889533996582031,119.81999969482422,27.113983154296875,31.446107864379883
2013-11-27,145.94778442382812,72.764091491699219,119.45999908447266,26.930545806884766,31.649961471557617
2013-11-29,145.85115051269531,72.784988403320312,120.69999694824219,26.874591827392578,31.974618911743164
2013-12-02,145.47236633300781,72.218887329101562,117.58000183105469,26.893238067626953,31.302654266357422
2013-12-03,144.8438720703125,72.48443603515625,117.95999908447266,26.958534240722656,31.19696044921875
2013-12-04,144.82771301269531,71.792564392089844,119.95999908447266,26.871477127075195,31.159202575683594
2013-12-05,144.19111633300781,71.589874267578125,118.30000305175781,26.781318664550781,30.977998733520508
2013-12-06,145.80278015136719,71.932319641113281,118.55000305175781,26.865268707275391,31.665058135986328
2013-12-09,146.17340087890625,72.100105285644531,119.72000122070312,26.902568817138672,31.710357666015625
2013-12-10,145.649658203125,72.617256164550781,121.81999969482422,26.821727752685547,31.725460052490234
2013-12-11,144.01387023925781,72.05810546875,120.86000061035156,26.44243049621582,31.023305892944336
2013-12-12,143.53843688964844,71.785591125488281,118.29000091552734,26.554361343383789,30.842100143432617
2013-12-13,143.5223388671875,72.135002136230469,119.37999725341797,26.467308044433594,30.917606353759766
2013-12-16,144.41676330566406,71.869422912597656,119.69000244140625,26.697383880615234,31.121465682983398
2013-12-17,143.95741271972656,72.19091796875,118.65000152587891,26.545026779174805,30.849649429321289
2013-12-18,146.41513061523438,71.827545166015625,117.61000061035156,26.946100234985352,31.46368408203125
2013-12-19,146.24595642089844,71.757553100585938,114.81999969482422,27.023818969726562,30.884700775146484
2013-12-20,147.09663391113281,72.861869812011719,115.94000244140625,27.071615219116211,30.838981628417969
2013-12-23,147.882568359375,72.449531555175781,115.56999969482422,27.099739074707031,31.067535400390625
2013-12-24,148.20660400390625,71.869422912597656,116.09999847412109,27.249650955200195,31.250381469726562
2013-12-26,148.96003723144531,71.592460632324219,116.73999786376953,27.443309783935547,30.983726501464844
2013-12-27,148.95195007324219,71.389106750488281,117.12000274658203,27.577629089355469,31.46368408203125
2013-12-30,148.92762756347656,71.879928588867188,115.38999938964844,27.38084602355957,31.60081672668457
2013-12-31,149.63247680664062,71.424171447753906,116.12000274658203,27.646347045898438,31.844602584838867
2014-01-02,148.19842529296875,71.641578674316406,118,27.252782821655273,30.618053436279297
2014-01-03,148.17417907714844,71.641578674316406,119.29000091552734,27.15283203125,30.564720153808594
2014-01-06,147.74473571777344,71.943061828613281,119.5,27.190313339233398,30.275236129760742
2014-01-07,148.65214538574219,72.125411987304688,118.81999969482422,27.396467208862305,30.404748916625977
2014-01-08,148.68453979492188,71.92901611328125,118.12000274658203,27.205926895141602,30.305696487426758
2014-01-09,148.78176879882812,72.349739074707031,118.45999908447266,27.121591567993164,30.145719528198242
2014-01-10,149.18690490722656,73.212188720703125,120.26000213623047,27.143466949462891,30.678998947143555
2014-01-13,147.20196533203125,73.576835632324219,121.01999664306641,26.603084564208984,30.313316345214844
2014-01-14,148.80610656738281,73.240249633789062,119.88999938964844,26.949808120727539,30.640913009643555
2014-01-15,149.60818481445312,73.163131713867188,119.66000366210938,26.871711730957031,30.633293151855469
2014-01-16,149.41374206542969,73.653976440429688,119.79000091552734,26.909183502197266,30.465688705444336
2014-01-17,148.78176879882812,73.962532043457031,120.93000030517578,26.865455627441406,30.313316345214844
2014-01-21,149.21926879882812,74.018608093261719,119.69999694824219,27.087230682373047,30.267604827880859
2014-01-22,149.31651306152344,73.836311340332031,119.19000244140625,27.212181091308594,30.671382904052734
2014-01-23,148.09312438964844,74.881095886230469,121.79000091552734,26.90294075012207,29.917169570922852
2014-01-24,144.93344116210938,75.364921569824219,122.29000091552734,26.340717315673828,29.132482528686523
2014-01-27,144.22048950195312,74.839042663574219,120.95999908447266,26.247007369995117,29.018205642700195
2014-01-28,145.07928466796875,75.021270751953125,120.94999694824219,26.446910858154297,29.201040267944336
2014-01-29,143.68572998046875,75.638343811035156,122.47000122070312,26.300113677978516,28.782032012939453
2014-01-30,145.20890808105469,75.420989990234375,119.76999664306641,26.384435653686523,29.048673629760742
2014-01-31,144.35820007324219,75.925849914550781,120.08999633789062,26.043968200683594,29.094388961791992
2014-02-03,141.109375,76.851036071777344,121.31999969482422,25.578567504882812,28.271614074707031
2014-02-04,142.09780883789062,76.035484313964844,120.98999786376953,25.8409423828125,28.842992782592773
2014-02-05,141.91960144042969,75.33251953125,121.29000091552734,25.587934494018555,28.736331939697266
2014-02-06,143.79110717773438,75.009162902832031,121.23999786376953,25.969011306762695,29.338176727294922
2014-02-07,145.57347106933594,75.0723876953125,122.16999816894531,26.250123977661133,29.505771636962891
2014-02-10,145.84083557128906,75.283302307128906,122.91999816894531,26.122064590454102,29.178182601928711
2014-02-11,147.4368896484375,74.84747314453125,124.36000061035156,26.462526321411133,29.810518264770508
2014-02-12,147.509765625,74.460807800292969,124.43000030517578,26.400058746337891,29.818134307861328
2014-02-13,148.27140808105469,74.882606506347656,125.48999786376953,26.524993896484375,29.848602294921875
2014-02-14,149.0897216796875,74.924774169921875,127.15000152587891,26.871711730957031,30.214273452758789
2014-02-18,149.26789855957031,75.093505859375,127.40000152587891,26.993524551391602,29.932392120361328
2014-02-19,148.27947998046875,74.777145385742188,126.26999664306641,27.027887344360352,29.726707458496094
2014-02-20,149.15452575683594,74.594383239746094,127.59999847412109,27.205926895141602,29.833364486694336
2014-02-21,148.98432922363281,74.988075256347656,127.58000183105469,26.990407943725586,30.039060592651367
2014-02-24,149.81076049804688,74.798248291015625,128.99000549316406,27.396467208862305,30.039060592651367
2014-02-25,149.75401306152344,75.466087341308594,129.21000671386719,27.383964538574219,29.696243286132812
2014-02-26,149.76213073730469,75.866844177246094,128.11000061035156,27.212181091308594,29.719091415405273
2014-02-27,150.54801940917969,76.281578063964844,128.19999694824219,27.240278244018555,30.282848358154297
2014-02-28,150.92880249023438,76.323745727539062,127.62000274658203,27.377727508544922,30.077152252197266
2014-03-03,149.86744689941406,76.83319091796875,130.28999328613281,27.202804565429688,29.543869018554688
2014-03-04,151.97386169433594,75.677528381347656,128.67999267578125,27.499530792236328,30.046676635742188
2014-03-05,152.11160278320312,75.839630126953125,128.88999938964844,27.243402481079102,30.069536209106445
2014-03-06,152.46002197265625,75.092628479003906,130.16999816894531,27.440187454223633,30.496166229248047
2014-03-07,152.52479553222656,74.620437622070312,129.08999633789062,27.493295669555664,30.107624053955078
2014-03-10,152.44383239746094,74.726203918457031,129.1300048828125,27.537019729614258,29.901935577392578
2014-03-11,151.69033813476562,74.923500061035156,129.86000061035156,27.22467041015625,29.566728591918945
2014-03-12,151.73086547851562,75.44500732421875,131.75999450683594,27.227785110473633,29.627676010131836
2014-03-13,150.02946472167969,76.45977783203125,132.21000671386719,26.956039428710938,29.094388961791992
2014-03-14,149.60818481445312,76.473861694335938,133.10000610351562,26.98103141784668,29.254379272460938
2014-03-17,150.96116638183594,75.90301513671875,131.63999938964844,27.124702453613281,29.612449645996094
2014-03-18,152.03875732421875,76.1778564453125,130.6199951171875,27.352741241455078,30.023820877075195
2014-03-19,151.22860717773438,75.585922241210938,128.08999633789062,27.146583557128906,29.383882522583008
2014-03-20,152.11160278320312,75.451988220214844,127.86000061035156,27.252782821655273,29.513399124145508
2014-03-21,151.52169799804688,76.269462585449219,128.47000122070312,27.327171325683594,29.696243286132812
2014-03-24,150.89506530761719,76.812118530273438,126.18000030517578,27.270673751831055,29.985733032226562
2014-03-25,151.61119079589844,76.523193359375,126.41000366210938,27.515504837036133,30.32855224609375
2014-03-26,150.520751953125,77.122200012207031,125.41000366210938,27.386812210083008,30.397117614746094
2014-03-27,150.20341491699219,77.509742736816406,124.58999633789062,27.609676361083984,30.79327392578125
2014-03-28,150.94395446777344,77.072883605957031,124.55999755859375,27.954936981201172,31.037071228027344
2014-03-31,152.18081665039062,76.882591247558594,123.61000061035156,27.954936981201172,31.242753982543945
2014-04-01,153.18989562988281,76.225578308105469,123.38999938964844,28.121309280395508,31.608440399169922
2014-04-02,153.70260620117188,75.787483215332031,124.31999969482422,28.221755981445312,31.669384002685547
2014-04-03,153.49908447265625,76.1195068359375,123.91999816894531,28.403804779052734,31.547496795654297
2014-04-04,151.68437194824219,76.628227233886719,125.56999969482422,28.300224304199219,31.46368408203125
2014-04-07,150.00814819335938,77.087486267089844,124.91000366210938,27.82624626159668,31.60081672668457
2014-04-08,150.62651062011719,77.271194458007812,126.08999633789062,28.105607986450195,31.966501235961914
2014-04-09,152.24598693847656,76.889625549316406,126.31999969482422,28.234306335449219,32.210285186767578
2014-04-10,149.04780578613281,77.603271484375,127.01000213623047,27.841951370239258,31.867465972900391
2014-04-11,147.70515441894531,78.232032775878906,126.93000030517578,27.763469696044922,31.867465972900391
2014-04-14,148.86883544921875,78.027137756347656,127.84999847412109,28.143289566040039,31.798896789550781
2014-04-15,149.89414978027344,78.514617919921875,125.48999786376953,28.519943237304688,31.318941116333008
2014-04-16,151.4647216796875,78.613533020019531,125.54000091552734,28.862087249755859,31.715097427368164
2014-04-17,151.67625427246094,77.751594543457031,124.75,29.125753402709961,32.004592895507812
2014-04-21,152.20523071289062,77.688018798828125,124.23999786376953,29.323505401611328,31.806510925292969
2014-04-22,152.89695739746094,77.949394226074219,123.77999877929688,29.276418685913086,31.722719192504883
2014-04-23,152.53886413574219,78.394538879394531,123.76000213623047,29.43022346496582,31.494165420532227
2014-04-24,152.84806823730469,78.542900085449219,124.55999755859375,29.439643859863281,31.524637222290039
2014-04-25,151.59494018554688,78.655868530273438,125.43000030517578,29.263858795166016,31.098005294799805
2014-04-28,152.07502746582031,78.274429321289062,124.87999725341797,29.314085006713867,31.250381469726562
2014-04-29,152.78297424316406,78.168418884277344,124.86000061035156,29.449058532714844,31.547496795654297
2014-04-30,153.23870849609375,78.493446350097656,124.22000122070312,29.423946380615234,31.486549377441406
2014-05-01,153.25502014160156,79.335517883300781,123.80000305175781,29.358022689819336,31.524637222290039
2014-05-02,153.03523254394531,79.824180603027344,125.05999755859375,29.417665481567383,31.699853897094727
2014-05-05,153.3282470703125,79.342605590820312,126.22000122070312,29.555778503417969,31.524637222290039
2014-05-06,151.99365234375,79.661285400390625,125.98000335693359,29.599727630615234,31.669384002685547
2014-05-07,152.88880920410156,79.378028869628906,124.16999816894531,29.857120513916016,31.836992263793945
2014-05-08,152.72602844238281,79.038040161132812,124.16999816894531,29.43022346496582,31.760801315307617
2014-05-09,152.95390319824219,78.783088684082031,124.09999847412109,29.401971817016602,31.707468032836914
2014-05-12,154.44308471679688,78.464393615722656,124.94000244140625,29.609127044677734,32.240753173828125
2014-05-13,154.5814208984375,79.144264221191406,124.59999847412109,29.719011306762695,32.362663269042969
2014-05-14,153.8489990234375,80.001243591308594,125.80999755859375,29.731559753417969,32.591197967529297
2014-05-15,152.49818420410156,80.638641357421875,124.76999664306641,29.392549514770508,32.286468505859375
2014-05-16,153.02714538574219,80.4119873046875,124.5,29.317226409912109,32.713096618652344
2014-05-19,153.58868408203125,79.817100524902344,124.58000183105469,29.40825080871582,32.713096618652344
2014-05-20,152.62025451660156,79.994148254394531,124.69000244140625,29.323505401611328,32.446460723876953
2014-05-21,153.90596008300781,79.505477905273438,124.38999938964844,29.640527725219727,32.697853088378906
2014-05-22,154.28033447265625,79.392127990722656,124.66999816894531,29.612283706665039,32.926414489746094
2014-05-23,154.89881896972656,79.817100524902344,124.51000213623047,29.552652359008789,32.865463256835938
2014-05-27,155.85090637207031,80.284507751464844,121.84999847412109,29.634256362915039,32.583580017089844
2014-05-28,155.73690795898438,81.27606201171875,121.19999694824219,29.684476852416992,32.774040222167969
2014-05-29,156.54255676269531,80.844032287597656,120.94000244140625,29.93873405456543,32.865463256835938
2014-05-30,156.79486083984375,80.808624267578125,120.43000030517578,29.916755676269531,32.415973663330078
2014-06-02,156.97384643554688,80.207939147949219,119.69999694824219,29.879085540771484,32.515022277832031
2014-06-03,156.89242553710938,79.220909118652344,120.01000213623047,29.982669830322266,32.697853088378906
2014-06-04,157.2098388671875,79.199661254882812,119.76000213623047,29.966976165771484,32.515022277832031
2014-06-05,158.23518371582031,79.23516845703125,120.66000366210938,30.139617919921875,32.857833862304688
2014-06-06,158.99200439453125,79.23516845703125,120.61000061035156,30.387588500976562,33.185432434082031
2014-06-09,159.1546630859375,79.121551513671875,120.65000152587891,30.434671401977539,33.307331085205078
2014-06-10,159.17100524902344,78.830413818359375,121.38999938964844,30.384441375732422,33.4825439453125
2014-06-11,158.61759948730469,78.972373962402344,121.41000366210938,30.500581741333008,33.368274688720703
2014-06-12,157.49468994140625,79.675384521484375,122.63999938964844,30.601024627685547,33.208282470703125
2014-06-13,157.97479248046875,79.632743835449219,122.95999908447266,30.892948150634766,33.2235107421875
2014-06-16,158.10494995117188,79.831558227539062,122.41999816894531,31.078145980834961,33.071159362792969
2014-06-17,158.54443359375,79.199661254882812,122.27999877929688,31.056175231933594,33.078777313232422
2014-06-18,159.70806884765625,79.810264587402344,122.66999816894531,31.291580200195312,33.4444580078125
2014-06-19,159.88711547851562,78.787803649902344,126.94000244140625,31.514453887939453,33.253990173339844
2014-06-20,160.21174621582031,79.384239196777344,126.5,31.827901840209961,33.185432434082031
2014-06-23,160.16264343261719,79.135726928710938,126.84999847412109,31.941421508789062,33.116870880126953
2014-06-24,159.19775390625,79.9381103515625,126.98000335693359,31.269742965698242,33.101627349853516
2014-06-25,159.91732788085938,80.14398193359375,126.98999786376953,31.506240844726562,33.171497344970703
2014-06-26,159.80288696289062,80.527481079101562,126.73000335693359,31.540935516357422,33.20989990234375
2014-06-27,160.11360168457031,80.406745910644531,126.66000366210938,31.540935516357422,33.286674499511719
2014-06-30,160.03181457519531,80.605506896972656,128.03999328613281,31.566165924072266,33.194541931152344
2014-07-01,161.10295104980469,79.930671691894531,127.69999694824219,31.5850830078125,33.509365081787109
2014-07-02,161.26649475097656,79.076408386230469,127.69999694824219,31.537786483764648,33.709014892578125
2014-07-03,162.05963134765625,78.791641235351562,127.16000366210938,31.657613754272461,33.908645629882812
2014-07-07,161.49540710449219,79.368263244628906,127.01999664306641,31.414800643920898,33.885608673095703
2014-07-08,160.45698547363281,80.258132934570312,127.06999969482422,31.364337921142578,33.732044219970703
2014-07-09,161.17652893066406,80.322181701660156,127.83999633789062,31.572471618652344,33.924007415771484
2014-07-10,160.53874206542969,80.343521118164062,128.53999328613281,31.269742965698242,33.739727020263672
2014-07-11,160.75950622558594,80.856117248535156,128.77999877929688,31.030071258544922,33.701332092285156
2014-07-14,161.56895446777344,80.507301330566406,125.72000122070312,31.298118591308594,33.962394714355469
2014-07-15,161.26649475097656,80.343521118164062,124.52999877929688,31.162521362304688,33.939373016357422
2014-07-16,161.86335754394531,80.770706176757812,124.97000122070312,31.635547637939453,34.023826599121094
2014-07-17,160.02365112304688,81.788681030273438,127.08999633789062,31.124677658081055,33.386505126953125
2014-07-18,161.65895080566406,81.525276184082031,126.12999725341797,31.21612548828125,33.908645629882812
2014-07-21,161.35638427734375,81.931083679199219,126.33999633789062,31.263427734375,34.023826599121094
2014-07-22,162.05963134765625,82.101905822753906,125.73999786376953,31.487337112426758,34.338645935058594
2014-07-23,162.41932678222656,81.995132446289062,125.62000274658203,31.68914794921875,34.369358062744141
2014-07-24,162.42753601074219,81.382949829101562,124.34999847412109,31.717533111572266,34.522926330566406
2014-07-25,161.66712951660156,82.343948364257812,125.79000091552734,31.484176635742188,34.384719848632812
2014-07-28,161.7325439453125,82.230094909667969,125.58000183105469,31.408485412597656,34.622753143310547
2014-07-29,161.03753662109375,82.529037475585938,125.19999694824219,31.329658508300781,34.415439605712891
2014-07-30,161.06210327148438,81.382949829101562,124.83000183105469,31.143592834472656,34.246505737304688
2014-07-31,157.88139343261719,81.140892028808594,123.38999938964844,30.47191047668457,33.647567749023438
2014-08-01,157.39894104003906,81.768974304199219,124.37999725341797,30.225950241088867,33.831863403320312
2014-08-04,158.53547668457031,81.554862976074219,123.98999786376953,30.733640670776367,34.146682739257812
2014-08-05,156.998291015625,81.819000244140625,123.87000274658203,30.061967849731445,33.624549865722656
2014-08-06,157.04736328125,81.868934631347656,125.66999816894531,30.150257110595703,33.394176483154297
2014-08-07,156.19699096679688,82.632682800292969,126.18000030517578,29.961057662963867,33.263648986816406
2014-08-08,158.00404357910156,82.454139709472656,126.19000244140625,30.462448120117188,33.563106536865234
2014-08-11,158.46186828613281,82.447105407714844,125.95999908447266,30.465610504150391,33.993110656738281
2014-08-12,158.24110412597656,81.911720275878906,125.98999786376953,30.241703033447266,34.031505584716797
2014-08-13,159.31230163574219,82.447105407714844,126.19999694824219,30.339473724365234,34.215789794921875
2014-08-14,160.06459045410156,83.110870361328125,126.30999755859375,30.166011810302734,34.269550323486328
2014-08-15,160.03181457519531,84.017356872558594,125.48000335693359,30.389926910400391,34.177394866943359
2014-08-18,161.37283325195312,83.182258605957031,124.95999908447266,30.47191047668457,34.507575988769531
2014-08-19,162.2149658203125,82.925270080566406,124.68000030517578,30.705272674560547,34.668827056884766
2014-08-20,162.64834594726562,82.789680480957031,124.22000122070312,30.771488189697266,34.599727630615234
2014-08-21,163.12255859375,83.253623962402344,122.87999725341797,30.796716690063477,34.453830718994141
2014-08-22,162.86911010742188,83.717529296875,123.19000244140625,30.591743469238281,34.361679077148438
2014-08-25,163.69491577148438,84.031661987304688,122.73999786376953,30.862934112548828,34.615077972412109
2014-08-26,163.80123901367188,83.760391235351562,123.34999847412109,31.020608901977539,34.822402954101562
2014-08-27,163.73579406738281,84.474212646484375,123.31999969482422,30.957542419433594,34.999004364013672
2014-08-28,163.6458740234375,84.916717529296875,124,30.963865280151367,34.653476715087891
2014-08-29,164.11192321777344,84.973846435546875,123.86000061035156,31.137300491333008,34.599727630615234
2014-09-02,164.03016662597656,83.507949829101562,121.65000152587891,30.743110656738281,34.545967102050781
2014-09-03,163.94020080566406,83.972969055175781,122.15000152587891,30.825096130371094,34.999004364013672
2014-09-04,163.70310974121094,82.949966430664062,121.48000335693359,30.408842086791992,34.906875610351562
2014-09-05,164.43898010253906,82.792564392089844,122.05999755859375,30.613826751708984,35.206333160400391
2014-09-08,164.01385498046875,82.828346252441406,120.73000335693359,30.137638092041016,34.79168701171875
2014-09-09,162.97532653808594,82.763961791992188,120.87000274658203,30.005203247070312,34.361679077148438
2014-09-10,163.58865356445312,82.241683959960938,120.26000213623047,29.932670593261719,34.215789794921875
2014-09-11,163.77668762207031,81.969841003417969,119.47000122070312,29.951593399047852,33.985439300537109
2014-09-12,162.82005310058594,81.11138916015625,118.37999725341797,29.503801345825195,33.624549865722656
2014-09-15,162.69740295410156,81.232986450195312,118.63999938964844,29.711925506591797,33.455619812011719
2014-09-16,163.92387390136719,80.903907775878906,118.83000183105469,30.071422576904297,33.893291473388672
2014-09-17,164.14463806152344,80.69647216796875,117.54000091552734,29.907447814941406,33.578479766845703
2014-09-18,165.01951599121094,80.954017639160156,117.77999877929688,29.752923965454102,33.624549865722656
2014-09-19,164.87086486816406,81.984153747558594,117.08999633789062,29.728515625,33.371135711669922
2014-09-22,163.59756469726562,82.084304809570312,116.84999847412109,29.291109085083008,32.864360809326172
2014-09-23,162.66105651855469,82.592201232910156,117.59999847412109,29.205516815185547,32.680072784423828
2014-09-24,163.93437194824219,82.134391784667969,117.05000305175781,29.230880737304688,33.148479461669922
2014-09-25,161.28919982910156,83.107353210449219,117.38999938964844,28.783946990966797,32.426685333251953
2014-09-26,162.57070922851562,82.985725402832031,117.05999755859375,29.154811859130859,32.572574615478516
2014-09-29,162.27496337890625,83.651046752929688,117.02999877929688,29.088230133056641,31.912208557128906
2014-09-30,161.84783935546875,83.178871154785156,116.20999908447266,28.723726272583008,31.912208557128906
2014-10-01,159.65444946289062,84.791824340820312,116.76999664306641,28.137338638305664,31.259536743164062
2014-10-02,159.6790771484375,84.053169250488281,116.73999786376953,27.991525650024414,31.428459167480469
2014-10-03,161.43707275390625,84.411727905273438,114.61000061035156,27.947154998779297,31.69721794128418
2014-10-06,161.24815368652344,84.4619140625,116.02999877929688,27.978849411010742,32.111858367919922
2014-10-07,158.75901794433594,85.602180480957031,116.36000061035156,27.614343643188477,31.827749252319336
2014-10-08,161.53567504882812,85.623741149902344,117.47000122070312,27.883764266967773,32.303821563720703
2014-10-09,158.33189392089844,85.250778198242188,117.63999938964844,26.859951019287109,31.797027587890625
2014-10-10,156.524658203125,86.097076416015625,117.58999633789062,26.482757568359375,31.10595703125
2014-10-13,153.953369140625,86.62060546875,118.51999664306641,25.664983749389648,31.420787811279297
2014-10-14,154.19155883789062,87.18719482421875,118.58999633789062,25.341657638549805,31.605072021484375
2014-10-15,153.1483154296875,87.875640869140625,118.98999786376953,25.535017013549805,31.205780029296875
2014-10-16,153.01690673828125,87.316268920898438,119.22000122070312,25.991455078125,30.921674728393555
2014-10-17,154.82415771484375,86.82861328125,118.98999786376953,26.213329315185547,31.267215728759766
2014-10-20,156.32748413085938,87.144149780273438,119.80000305175781,26.441551208496094,31.359354019165039
2014-10-21,159.42442321777344,86.448486328125,120.01999664306641,27.246650695800781,31.489891052246094
2014-10-22,158.29081726074219,86.541725158691406,119.33999633789062,26.729997634887695,31.28257942199707
2014-10-23,160.13087463378906,85.774322509765625,118.51999664306641,27.227630615234375,31.274892807006836
2014-10-24,161.36314392089844,85.860382080078125,118.34999847412109,27.132535934448242,31.497577667236328
2014-10-27,161.14134216308594,86.018119812011719,118.05999755859375,26.561996459960938,31.251861572265625
2014-10-28,162.98966979980469,85.4803466796875,118.09999847412109,27.167413711547852,31.881494522094727
2014-10-29,162.74319458007812,85.67388916015625,116.41000366210938,27.256160736083984,31.927576065063477
2014-10-30,163.7864990234375,85.745635986328125,115.19000244140625,27.15789794921875,32.227035522460938
2014-10-31,165.65946960449219,85.523361206054688,112.66000366210938,27.709430694580078,32.365245819091797
2014-11-03,165.74981689453125,85.52337646484375,112.15000152587891,27.272006988525391,32.096504211425781
2014-11-04,165.17475891113281,85.789314270019531,112.22000122070312,26.710973739624023,32.127216339111328
2014-11-05,166.2181396484375,85.667137145996094,109.79000091552734,27.180078506469727,31.843114852905273
2014-11-06,166.88349914550781,85.113594055175781,109.87999725341797,27.522411346435547,31.451492309570312
2014-11-07,167.03947448730469,86.091278076171875,112.97000122070312,27.826711654663086,31.651144027709961
2014-11-10,167.56529235839844,85.30047607421875,110.45999908447266,27.576297760009766,31.735605239868164
2014-11-11,167.72958374023438,85.35797119140625,112.04000091552734,27.658712387084961,31.70489501953125
2014-11-12,167.54890441894531,85.286094665527344,111.5,27.414632797241211,31.643463134765625
2014-11-13,167.73783874511719,85.487380981445312,111.66999816894531,27.050119400024414,31.558998107910156
2014-11-14,167.77890014648438,85.904373168945312,114.47000122070312,27.325897216796875,31.820058822631836
2014-11-17,167.88566589355469,85.688713073730469,114.05000305175781,27.183254241943359,31.482223510742188
2014-11-18,168.85501098632812,85.925926208496094,115.05000305175781,27.205451965332031,31.651144027709961
2014-11-19,168.58396911621094,85.3795166015625,113.68000030517578,27.348079681396484,31.635782241821289
2014-11-20,168.87969970703125,85.82525634765625,114.86000061035156,27.690404891967773,31.582038879394531
2014-11-21,169.78326416015625,86.342941284179688,115.38999938964844,28.051752090454102,32.587936401367188
2014-11-24,170.259765625,86.414764404296875,115.11000061035156,27.836219787597656,32.319179534912109
2014-11-25,170.13652038574219,87.133705139160156,115.37999725341797,27.382942199707031,32.111858367919922
2014-11-26,170.57192993164062,87.3709716796875,115.16000366210938,27.037448883056641,32.518821716308594
2014-11-28,170.21044921875,88.061172485351562,112.11000061035156,25.300464630126953,31.866140365600586
2014-12-01,169.02755737304688,87.547370910644531,116.58000183105469,25.389215469360352,31.320960998535156
2014-12-02,170.12014770507812,86.697151184082031,115.13999938964844,25.664983749389648,31.313285827636719
2014-12-03,170.77731323242188,87.035812377929688,116.33000183105469,25.97877311706543,31.397762298583984
2014-12-04,170.58830261230469,87.763557434082031,115.87999725341797,25.753725051879883,31.451492309570312
2014-12-05,170.86764526367188,87.251930236816406,114.43000030517578,25.446264266967773,31.390069961547852
2014-12-08,169.72579956054688,88.318412780761719,115.77999877929688,24.416114807128906,30.929351806640625
2014-12-09,169.61074829101562,88.772323608398438,118.19000244140625,24.682378768920898,30.637565612792969
2014-12-10,166.89167785644531,89.420822143554688,117.95999908447266,23.921648025512695,30.184530258178711
2014-12-11,167.73783874511719,89.788299560546875,117.69000244140625,23.905797958374023,29.931140899658203
2014-12-12,165.02688598632812,91.006065368652344,117.41000366210938,23.462032318115234,29.439712524414062
2014-12-15,163.89332580566406,90.818695068359375,114.38999938964844,23.252832412719727,29.017387390136719
2014-12-16,162.578857421875,91.942756652832031,114.94999694824219,23.458873748779297,28.9713134765625
2014-12-17,165.76628112792969,91.114097595214844,114.26999664306641,24.431970596313477,29.637279510498047
2014-12-18,169.86541748046875,89.492889404296875,115.15000152587891,24.901084899902344,30.042314529418945
2014-12-19,170.58821105957031,90.696197509765625,114.76999664306641,25.696817398071289,30.252614974975586
2014-12-22,171.37290954589844,90.818695068359375,112.55000305175781,25.435302734375,30.673221588134766
2014-12-23,171.60421752929688,89.017265319824219,112.73999786376953,25.744672775268555,30.392812728881836
2014-12-24,171.6207275390625,89.501823425292969,112.76999664306641,25.556497573852539,30.462913513183594
2014-12-26,172.17413330078125,89.833953857421875,114.83000183105469,25.55012321472168,30.704380035400391
2014-12-29,172.4053955078125,90.505500793457031,113.66999816894531,25.642608642578125,30.517431259155273
2014-12-30,171.4803466796875,90.751060485839844,115.19999694824219,25.438486099243164,30.579755783081055
2014-12-31,169.7786865234375,90.924331665039062,113.58000183105469,25.247129440307617,30.603120803833008
2015-01-02,169.68782043457031,91.935234069824219,114.08000183105469,25.365137100219727,30.198091506958008
2015-01-05,166.62333679199219,93.379425048828125,115.80000305175781,24.315826416015625,29.660642623901367
2015-01-06,165.05390930175781,95.061805725097656,117.12000274658203,23.9586181640625,29.536020278930664
2015-01-07,167.11068725585938,94.87408447265625,116.43000030517578,24.009649276733398,30.174734115600586
2015-01-08,170.07608032226562,93.617660522460938,115.94000244140625,24.548652648925781,30.688800811767578
2015-01-09,168.71318054199219,94.643028259277344,117.26000213623047,24.354103088378906,30.587541580200195
2015-01-12,167.39155578613281,95.184616088867188,118.55999755859375,23.652439117431641,30.338293075561523
2015-01-13,166.920654296875,95.184616088867188,118.16000366210938,23.464256286621094,30.603120803833008
2015-01-14,165.9129638671875,95.906669616699219,117.97000122070312,23.537618637084961,30.431755065917969
2015-01-15,164.39312744140625,97.415847778320312,120.94000244140625,23.237821578979492,30.501859664916992
2015-01-16,166.54904174804688,96.173851013183594,122.51999664306641,23.993705749511719,30.758895874023438
2015-01-20,166.90419006347656,97.451896667480469,124.19999694824219,24.022409439086914,30.712167739868164
2015-01-21,167.74673461914062,96.325477600097656,124.23000335693359,24.510377883911133,31.38981819152832
2015-01-22,170.24124145507812,95.978874206542969,125.23000335693359,24.62519645690918,31.989570617675781
2015-01-23,169.307861328125,97.314697265625,124.23000335693359,24.449790954589844,31.748102188110352
2015-01-26,169.70436096191406,97.018699645996094,122.98999786376953,24.80061149597168,31.763683319091797
2015-01-27,167.46583557128906,97.170318603515625,124.40000152587891,24.784664154052734,31.592338562011719
2015-01-28,165.31826782226562,98.758918762207031,123.41999816894531,23.808712005615234,31.249603271484375
2015-01-29,166.84634399414062,98.108985900878906,120.76000213623047,23.888448715209961,31.249603271484375
2015-01-30,164.748291015625,99.849220275878906,123.44999694824219,24.09576416015625,30.392812728881836
2015-02-02,166.78854370117188,99.472251892089844,122.41999816894531,24.83250617980957,30.938047409057617
2015-02-03,169.20051574707031,97.36676025390625,121.05000305175781,25.511842727661133,31.52223014831543
2015-02-04,168.55624389648438,97.533149719238281,121.58000183105469,25.090847015380859,31.366445541381836
2015-02-05,170.25776672363281,96.462333679199219,121.79000091552734,25.451250076293945,31.553382873535156
2015-02-06,169.78697204589844,94.754791259765625,118.63999938964844,25.457630157470703,31.015932083129883
2015-02-09,169.02705383300781,94.602867126464844,119.16999816894531,25.483144760131836,30.969203948974609
2015-02-10,170.8277587890625,93.850334167480469,118.47000122070312,25.470380783081055,30.89130973815918
2015-02-11,170.9268798828125,94.024040222167969,117.06999969482422,25.291778564453125,30.665422439575195
2015-02-12,172.57064819335938,93.712852478027344,117.33999633789062,25.623472213745117,31.319705963134766
2015-02-13,173.28099060058594,92.750602722167969,117.98000335693359,26.16566276550293,31.678005218505859
2015-02-17,173.55355834960938,91.354133605957031,116.01000213623047,26.245401382446289,31.607904434204102
2015-02-18,173.57008361816406,91.8968505859375,116.33999633789062,25.932834625244141,31.600112915039062
2015-02-19,173.44619750976562,91.289047241210938,115.94000244140625,25.811653137207031,31.467704772949219
2015-02-20,174.48701477050781,91.556716918945312,115.27999877929688,25.687259674072266,31.678005218505859
2015-02-23,174.46217346191406,92.605850219726562,115.43000030517578,25.58201789855957,31.358659744262695
2015-02-24,174.95783996582031,93.821418762207031,115.26000213623047,25.652177810668945,31.810413360595703
2015-02-25,174.80912780761719,94.226608276367188,115.69999694824219,25.792503356933594,31.748102188110352
2015-02-26,174.60260009765625,92.938629150390625,116.06999969482422,25.314107894897461,31.755903244018555
2015-02-27,174.00788879394531,93.720069885253906,116.16000366210938,25.202470779418945,31.732536315917969
2015-03-02,175.1064453125,91.974441528320312,115.68000030517578,25.027061462402344,31.685787200927734
2015-03-03,174.38783264160156,91.640968322753906,115.47000122070312,25.119556427001953,31.444332122802734
2015-03-04,173.65264892578125,91.669960021972656,115.11000061035156,25.084463119506836,31.101612091064453
2015-03-05,173.84269714355469,91.553970336914062,115,24.934562683105469,31.054878234863281
2015-03-06,171.39768981933594,89.531356811523438,111.86000061035156,24.488054275512695,30.579755783081055
2015-03-09,172.10810852050781,90.357810974121094,111.97000122070312,24.312641143798828,30.462913513183594
2015-03-10,169.316162109375,91.546707153320312,111.41999816894531,23.974565505981445,29.785272598266602
2015-03-11,168.91963195800781,92.213653564453125,110.75,24.044727325439453,30.011154174804688
2015-03-12,171.06729125976562,92.148429870605469,110.72000122070312,23.891641616821289,30.198091506958008
2015-03-13,170.01823425292969,91.865707397460938,110.87999725341797,23.802337646484375,29.831996917724609
2015-03-16,172.28977966308594,92.750167846679688,110.80999755859375,24.12446403503418,30.190298080444336
2015-03-17,171.77763366699219,93.518585205078125,110.20999908447266,24.031976699829102,30.540809631347656
2015-03-18,173.84269714355469,95.323707580566406,112.37000274658203,24.730447769165039,31.288549423217773
2015-03-19,173.04972839355469,94.837959289550781,112.29000091552734,24.338151931762695,30.758895874023438
2015-03-20,174.57725524902344,95.338157653808594,113.56999969482422,24.696191787719727,31.218456268310547
2015-03-23,174.23704528808594,95.222221374511719,114.29000091552734,24.609485626220703,31.311922073364258
2015-03-24,173.25799560546875,96.142906188964844,114.56999969482422,24.44572639465332,31.436546325683594
2015-03-25,170.71903991699219,95.3309326171875,114.73000335693359,24.763618469238281,30.938047409057617
2015-03-26,170.31251525878906,93.844833374023438,115.48000335693359,24.734718322753906,30.649856567382812
2015-03-27,170.70248413085938,95.011940002441406,115.05999755859375,24.532421112060547,30.735530853271484
2015-03-30,172.78498840332031,94.540740966796875,113.75,25.059030532836914,31.327503204345703
2015-03-31,171.27499389648438,94.743728637695312,113.66000366210938,24.91132926940918,31.257396697998047
2015-04-01,170.66935729980469,95.988212585449219,115.59999847412109,24.904901504516602,31.646844863891602
2015-04-02,171.28330993652344,94.971145629882812,115.27999877929688,24.956277847290039,32.121978759765625
2015-04-06,172.43658447265625,94.440818786621094,116.69000244140625,25.405830383300781,32.534809112548828
2015-04-07,171.98020935058594,95.232681274414062,116.11000061035156,25.421886444091797,32.371227264404297
2015-04-08,172.56106567382812,95.261703491210938,115.47000122070312,25.216373443603516,33.048877716064453
2015-04-09,173.3243408203125,94.026718139648438,114.66999816894531,25.6209716796875,33.376010894775391
2015-04-10,174.27024841308594,94.16473388671875,115.97000122070312,25.733352661132812,33.399387359619141
2015-04-13,173.48199462890625,94.295509338378906,115.13999938964844,25.476470947265625,33.204662322998047
2015-04-14,173.81387329101562,94.963882446289062,114.44000244140625,25.935657501220703,33.352645874023438
2015-04-15,174.59379577636719,94.884002685546875,115.43000030517578,26.555377960205078,33.586311340332031
2015-04-16,174.54399108886719,94.411781311035156,115.02999877929688,26.494377136230469,33.851142883300781
2015-04-17,172.53611755371094,95.49420166015625,115.59999847412109,26.301712036132812,33.259178161621094
2015-04-20,174.11259460449219,94.651504516601562,114.72000122070312,26.401262283325195,33.228019714355469
2015-04-21,173.9051513671875,94.222885131835938,115.37999725341797,26.121894836425781,33.422752380371094
2015-04-22,174.75975036621094,92.784431457519531,113.83000183105469,26.295289993286133,33.781051635742188
2015-04-23,175.19944763183594,93.184028625488281,114.66000366210938,26.475107192993164,34.030296325683594
2015-04-24,175.60603332519531,93.765213012695312,113.05000305175781,26.324188232421875,34.154914855957031
2015-04-27,174.87594604492188,93.765213012695312,115.33000183105469,26.295289993286133,34.287330627441406
2015-04-28,175.43177795410156,92.472099304199219,116.33000183105469,26.426946640014648,34.34185791015625
2015-04-29,174.70993041992188,91.338790893554688,115.51000213623047,26.632452011108398,33.913459777832031
2015-04-30,172.95928955078125,91.498626708984375,113.47000122070312,26.548965454101562,33.399387359619141
2015-05-01,174.83445739746094,90.266891479492188,113.08000183105469,26.60997200012207,33.601909637451172
2015-05-04,175.33222961425781,89.415199279785156,114.09999847412109,26.54254150390625,33.796615600585938
2015-05-05,173.3243408203125,89.29144287109375,114.41999816894531,26.215021133422852,33.430538177490234
2015-05-06,172.61083984375,87.762741088867188,114.36000061035156,26.112255096435547,33.017723083496094
2015-05-07,173.29946899414062,88.942031860351562,113.41999816894531,25.829689025878906,32.970989227294922
2015-05-08,175.58114624023438,89.182258605957031,113.97000122070312,26.253549575805664,33.391597747802734
2015-05-11,174.7431640625,87.012969970703125,113.52999877929688,25.759050369262695,33.072238922119141
2015-05-12,174.22039794921875,87.238594055175781,114.5,25.877843856811523,32.963199615478516
2015-05-13,174.25364685058594,86.539749145507812,116.55000305175781,25.8104248046875,33.025508880615234
2015-05-14,176.0706787109375,86.772697448730469,117.18000030517578,25.800785064697266,33.352645874023438
2015-05-15,176.26148986816406,88.512557983398438,117.52999877929688,25.903530120849609,33.609683990478516
2015-05-18,176.80909729003906,87.02752685546875,117.51999664306641,25.926017761230469,33.2669677734375
2015-05-19,176.75100708007812,86.255805969238281,115.88999938964844,25.556751251220703,33.321491241455078
2015-05-20,176.6265869140625,86.401420593261719,116.08000183105469,25.604917526245117,33.298122406005859
2015-05-21,177.1409912109375,87.60986328125,115.69000244140625,25.845743179321289,33.181293487548828
2015-05-22,176.71783447265625,87.646247863769531,115.59999847412109,25.752616882324219,33.290336608886719
2015-05-26,174.81782531738281,89.145866394042969,113.91000366210938,25.344820022583008,32.760684967041016
2015-05-27,176.47718811035156,89.349716186523438,113.88999938964844,25.29986572265625,32.768466949462891
2015-05-28,176.27810668945312,89.131301879882812,114.01999664306641,25.2003173828125,32.340068817138672
2015-05-29,175.18287658691406,89.327812194824219,114.09999847412109,25.171411514282227,32.028507232666016
2015-06-01,175.53962707519531,88.367828369140625,114,25.107204437255859,31.903877258300781
2015-06-02,175.36544799804688,87.1348876953125,114.45999908447266,25.280597686767578,32.028507232666016
2015-06-03,175.830078125,85.734176635742188,113.63999938964844,25.107204437255859,31.86494255065918
2015-06-04,174.34490966796875,86.850349426269531,112.83999633789062,24.766830444335938,31.382024765014648
2015-06-05,174.04621887207031,85.792572021484375,112.23999786376953,24.940225601196289,31.241813659667969
2015-06-08,172.97589111328125,85.697677612304688,112.56999969482422,24.798942565917969,31.234031677246094
2015-06-09,172.95095825195312,85.019279479980469,112.81999969482422,24.795724868774414,31.047096252441406
2015-06-10,175.02525329589844,84.275123596191406,113.77999877929688,25.100778579711914,31.498859405517578
2015-06-11,175.58943176269531,86.047874450683594,113.26000213623047,24.988391876220703,31.343074798583984
2015-06-12,174.24531555175781,86.047874450683594,113.23000335693359,24.709028244018555,31.343074798583984
2015-06-15,173.49856567382812,86.186500549316406,113.73000335693359,24.651226043701172,30.992561340332031
2015-06-16,174.44438171386719,86.864974975585938,113.31999969482422,24.843894958496094,31.000356674194336
2015-06-17,174.72654724121094,86.193794250488281,113.84999847412109,24.782878875732422,31.187294006347656
2015-06-18,176.54362487792969,85.7706298828125,115.31999969482422,24.766830444335938,31.475490570068359
2015-06-19,175.75987243652344,86.872230529785156,115.12000274658203,24.537014007568359,31.202863693237305
2015-06-22,176.66035461425781,85.099525451660156,113.63999938964844,24.837619781494141,31.654634475708008
2015-06-23,176.785400390625,84.588836669921875,112.88999938964844,24.918430328369141,31.96619987487793
2015-06-24,175.50140380859375,85.318336486816406,112.58999633789062,24.763280868530273,31.740316390991211
2015-06-25,174.96781921386719,85.019279479980469,112.44000244140625,24.511152267456055,31.631248474121094
2015-06-26,174.93447875976562,84.063568115234375,112.55999755859375,24.59196662902832,31.333057403564453
2015-06-29,171.26603698730469,86.288604736328125,113.06999969482422,24.126489639282227,30.634672164916992
2015-06-30,171.62458801269531,85.690414428710938,112.37000274658203,24.294576644897461,31.08979606628418
2015-07-01,173.00022888183594,84.533721923828125,111.98000335693359,23.984270095825195,31.066261291503906
2015-07-02,172.84181213378906,84.811599731445312,111.76000213623047,24.090940475463867,31.215353012084961
2015-07-06,172.34991455078125,86.383529663085938,112.05999755859375,23.774168014526367,30.344333648681641
2015-07-07,173.43380737304688,87.195121765136719,110.76000213623047,23.990734100341797,29.88920783996582
2015-07-08,170.52398681640625,87.948127746582031,111.08999633789062,23.50587272644043,28.861255645751953
2015-07-09,170.83245849609375,86.215354919433594,111.36000061035156,23.62547492980957,29.418392181396484
2015-07-10,172.98355102539062,84.848182678222656,111.48999786376953,23.754776000976562,30.163856506347656
2015-07-13,174.89276123046875,84.5849609375,110.98999786376953,23.922855377197266,30.367877960205078
2015-07-14,175.6514892578125,84.862777709960938,110.73999786376953,24.094171524047852,30.422800064086914
2015-07-15,175.59312438964844,85.762062072753906,110.16000366210938,23.670738220214844,30.077535629272461
2015-07-16,177.00215148925781,86.354316711425781,109.76000213623047,23.703048706054688,30.454191207885742
2015-07-17,177.15219116210938,86.800247192382812,108.65000152587891,23.415369033813477,30.414953231811523
2015-07-20,177.24392700195312,86.434677124023438,105.69999694824219,23.105066299438477,30.218782424926758
2015-07-21,176.54362487792969,86.902641296386719,105.37000274658203,23.114765167236328,30.226633071899414
2015-07-22,176.22676086425781,87.443672180175781,104.80000305175781,22.927276611328125,29.795049667358398
2015-07-23,175.23463439941406,88.53302001953125,104.33000183105469,22.907888412475586,29.504709243774414
2015-07-24,173.41714477539062,88.752449035644531,105.34999847412109,22.468284606933594,29.080976486206055
2015-07-27,172.40826416015625,89.227622985839844,104.86000061035156,22.145042419433594,28.531682968139648
2015-07-28,174.52590942382812,88.576942443847656,105.01999664306641,22.778598785400391,28.822013854980469
2015-07-29,175.7265625,88.247901916503906,105.16999816894531,23.088895797729492,29.104509353637695
2015-07-30,175.76823425292969,88.927886962890625,104.26999664306641,22.927276611328125,28.814174652099609
2015-07-31,175.50140380859375,89.585884094238281,104.93000030517578,22.426265716552734,29.128055572509766
2015-08-03,174.90943908691406,90.528923034667969,104.09999847412109,21.954334259033203,28.641534805297852
2015-08-04,174.567626953125,89.810859680175781,104.30999755859375,21.879989624023438,28.743551254272461
2015-08-05,175.14289855957031,89.136756896972656,103.93000030517578,21.715133666992188,28.751398086547852
2015-08-06,173.70893859863281,89.928108215332031,104.38999938964844,22.060998916625977,28.50029182434082
2015-08-07,173.37541198730469,91.107803344726562,104.65000152587891,21.666656494140625,28.484590530395508
2015-08-10,175.559814453125,89.9793701171875,105.72000122070312,22.358379364013672,28.96327018737793
2015-08-11,173.9757080078125,91.408187866210938,106.26000213623047,22.40040397644043,28.327659606933594
2015-08-12,174.18412780761719,90.909942626953125,107.75,22.807680130004883,27.88823127746582
2015-08-13,173.96739196777344,90.616828918457031,106.86000061035156,22.461820602416992,27.841142654418945
2015-08-14,174.60099792480469,90.829322814941406,106.84999847412109,22.413335800170898,27.88038444519043
2015-08-17,175.57646179199219,91.239646911621094,107.12999725341797,22.461820602416992,27.574344635009766
2015-08-18,175.06788635253906,90.521614074707031,107.11000061035156,22.377769470214844,27.276163101196289
2015-08-19,173.68389892578125,91.415542602539062,108.55000305175781,21.760387420654297,26.938739776611328
2015-08-20,170.05712890625,92.338790893554688,110.44000244140625,21.269071578979492,26.514999389648438
2015-08-21,164.93801879882812,92.617210388183594,111.12999725341797,20.525617599487305,25.69891357421875
2015-08-24,157.99298095703125,92.587890625,110.52999877929688,19.423381805419922,24.576793670654297
2015-08-25,156.13371276855469,91.100471496582031,109.16000366210938,19.142160415649414,24.890668869018555
2015-08-26,162.1282958984375,89.341896057128906,107.66999816894531,19.801567077636719,25.714611053466797
2015-08-27,166.13851928710938,89.393157958984375,107.73000335693359,20.780981063842773,26.852426528930664
2015-08-28,166.14697265625,89.656982421875,108.69999694824219,21.252914428710938,26.507158279418945
2015-08-31,164.80464172363281,88.968208312988281,108.81999969482422,21.472707748413086,26.554239273071289
2015-09-01,159.88555908203125,89.609298706054688,109.19999694824219,20.716333389282227,25.526283264160156
2015-09-02,162.9202880859375,88.8382568359375,108.62000274658203,20.90704345703125,25.895092010498047
2015-09-03,163.03704833984375,89.271492004394531,107.83999633789062,20.965229034423828,25.997102737426758
2015-09-04,160.56922912597656,90.086601257324219,107.48999786376953,20.619361877441406,25.220249176025391
2015-09-08,164.60447692871094,88.757484436035156,107.51999664306641,20.942598342895508,26.020639419555664
2015-09-09,162.40341186523438,89.183364868164062,106.12999725341797,20.548248291015625,25.887247085571289
2015-09-10,163.28721618652344,88.58123779296875,106.37999725341797,20.6678466796875,26.154041290283203
2015-09-11,164.02920532226562,89.139358520507812,106.16000366210938,20.483602523803711,26.256046295166016
2015-09-14,163.42056274414062,89.27880859375,106.22000122070312,20.305820465087891,26.216817855834961
2015-09-15,165.46324157714844,87.567863464355469,105.90000152587891,20.532089233398438,26.467922210693359
2015-09-16,166.89729309082031,87.237434387207031,107.30999755859375,21.113914489746094,27.111373901367188
2015-09-17,166.5220947265625,88.302154541015625,108.41000366210938,21.100986480712891,27.048593521118164
2015-09-18,163.8009033203125,89.660682678222656,109.20999908447266,20.546775817871094,26.546392440795898
2015-09-21,164.64735412597656,88.199371337890625,108.52999877929688,20.664005279541016,26.499311447143555
2015-09-22,162.51026916503906,89.425689697265625,107.79000091552734,20.445833206176758,26.004949569702148
2015-09-23,162.25045776367188,89.418342590332031,108.22000122070312,20.182083129882812,25.589054107666016
2015-09-24,161.66374206542969,90.027854919433594,110.48999786376953,20.269994735717773,25.479196548461914
2015-09-25,161.62190246582031,89.249488830566406,109.80999755859375,20.309070587158203,25.424276351928711
2015-09-28,157.56561279296875,90.776847839355469,108.41999816894531,19.498271942138672,24.882827758789062
2015-09-29,157.65780639648438,91.033889770507812,107.98000335693359,19.468969345092773,25.000530242919922
2015-09-30,160.59939575195312,90.718093872070312,106.86000061035156,19.928092956542969,25.722450256347656
2015-10-01,161.01846313476562,91.10516357421875,106.73000335693359,19.967172622680664,25.863697052001953
2015-10-02,163.42373657226562,91.657066345214844,108.98999786376953,20.790990829467773,26.554239273071289
2015-10-05,166.33181762695312,90.413482666015625,108.76999664306641,21.41944694519043,27.127067565917969
2015-10-06,165.76193237304688,90.803482055664062,109.86000061035156,21.894853591918945,27.079986572265625
2015-10-07,167.11965942382812,90.501762390136719,109.69999694824219,22.171634674072266,27.801910400390625
2015-10-08,168.628173828125,89.743843078613281,109.13999938964844,22.594940185546875,28.100091934204102
2015-10-09,168.72879028320312,89.979316711425781,110.87000274658203,22.448413848876953,28.202106475830078
2015-10-12,168.887939453125,90.66363525390625,111.30999755859375,22.158603668212891,27.990234375
2015-10-13,167.8236083984375,90.818183898925781,111.86000061035156,21.92741584777832,27.535114288330078
2015-10-14,167.01905822753906,91.612899780273438,113.80999755859375,22.116275787353516,27.746980667114258
2015-10-15,169.58357238769531,91.164031982421875,113.29000091552734,22.513530731201172,28.421825408935547
2015-10-16,170.35455322265625,91.193466186523438,112.48999786376953,22.542835235595703,28.445365905761719
2015-10-19,170.43836975097656,90.943244934082031,112.01999664306641,22.096742630004883,28.155027389526367
2015-10-20,170.220458984375,90.384033203125,112.73000335693359,22.158603668212891,28.147186279296875
2015-10-21,169.16450500488281,91.281723022460938,111.73000335693359,21.885086059570312,27.739130020141602
2015-10-22,172.02232360839844,91.436325073242188,111.69000244140625,22.279088973999023,28.311965942382812
2015-10-23,173.90798950195312,90.656280517578125,111.5,22.226993560791016,28.476751327514648
2015-10-26,173.48057556152344,91.25970458984375,111.43000030517578,21.683197021484375,28.217796325683594
2015-10-27,173.1453857421875,91.487800598144531,111.68000030517578,21.422702789306641,27.896078109741211
2015-10-28,175.11482238769531,91.119873046875,110.77999877929688,21.898109436035156,27.574344635009766
2015-10-29,175.01423645019531,89.670249938964844,109.72000122070312,22.008821487426758,27.315395355224609
2015-10-30,174.25999450683594,90.347236633300781,109.30000305175781,22.152091979980469,27.36247444152832
2015-11-02,176.32162475585938,89.932060241699219,108.58999633789062,22.669830322265625,27.903921127319336
2015-11-03,176.83283996582031,89.194587707519531,106.98000335693359,23.249439239501953,28.272731781005859
2015-11-04,176.29646301269531,89.297828674316406,105.97000122070312,23.041044235229492,28.045166015625
2015-11-05,176.12049865722656,89.061851501464844,105.63999938964844,22.845670700073242,28.092248916625977
2015-11-06,176.02833557128906,87.756599426269531,104.09999847412109,22.728446960449219,27.699899673461914
2015-11-09,174.38569641113281,87.262527465820312,104.40000152587891,22.503768920898438,27.009361267089844
2015-11-10,174.7879638671875,87.520606994628906,104.18000030517578,22.552614212036133,26.891658782958984
2015-11-11,174.10073852539062,87.336250305175781,103.83000183105469,22.073945999145508,26.946588516235352
2015-11-12,171.67034912109375,87.756599426269531,103.84999847412109,21.572492599487305,26.68763542175293
2015-11-13,169.74278259277344,88.258064270019531,103.55999755859375,21.484565734863281,26.318828582763672
2015-11-16,172.32398986816406,88.176933288574219,103.70999908447266,22.200935363769531,26.828880310058594
2015-11-17,172.19837951660156,88.324440002441406,102.33999633789062,21.95671272277832,26.75041389465332
2015-11-18,174.93043518066406,88.508766174316406,102.43000030517578,22.318164825439453,27.040748596191406
2015-11-19,174.77958679199219,89.098770141601562,103.55999755859375,22.018592834472656,27.284004211425781
2015-11-20,175.41651916503906,88.825859069824219,103.08999633789062,21.784151077270508,27.558658599853516
2015-11-23,175.21539306640625,89.098770141601562,102.26000213623047,21.940439224243164,27.299703598022461
2015-11-24,175.45005798339844,89.09136962890625,102.94000244140625,22.409339904785156,27.440944671630859
2015-11-25,175.42489624023438,89.297828674316406,102.45999908447266,22.226993560791016,27.229076385498047
2015-11-27,175.62602233886719,89.209342956542969,101.25,22.067434310913086,26.632709503173828
2015-11-30,174.89689636230469,89.5633544921875,101.91999816894531,22.148838043212891,26.671943664550781
2015-12-01,176.56471252441406,90.773094177246094,102.27999877929688,22.324680328369141,26.875961303710938
2015-12-02,174.76283264160156,90.802650451660156,100.69000244140625,21.634355545043945,26.554239273071289
2015-12-03,172.31568908691406,88.3343505859375,101.76000213623047,21.20128059387207,26.405139923095703
2015-12-04,175.67633056640625,89.110305786132812,104.01999664306641,21.067770004272461,26.585624694824219
2015-12-07,174.61198425292969,89.974960327148438,102.66999816894531,20.266744613647461,26.14619255065918
2015-12-08,173.43867492675781,90.019294738769531,102.83999633789062,20.058343887329102,25.855859756469727
2015-12-09,172.08937072753906,89.923248291015625,102.63999938964844,20.32209587097168,25.643989562988281
2015-12-10,172.53353881835938,90.041481018066406,102.55000305175781,20.45234489440918,25.471349716186523
2015-12-11,169.18965148925781,91.460395812988281,103.11000061035156,19.687135696411133,24.757274627685547
2015-12-14,170.04447937011719,90.2779541015625,101.79000091552734,19.79133415222168,25.157472610473633
2015-12-15,171.82957458496094,89.745864868164062,101.51999664306641,20.289533615112305,25.541973114013672
2015-12-16,174.34381103515625,89.5537109375,102.75,20.156030654907227,26.044174194335938
2015-12-17,171.6871337890625,90.566169738769531,100.5,19.661087036132812,25.706760406494141
2015-12-18,168.62849426269531,91.068687438964844,102.04000091552734,19.316741943359375,25.620445251464844
2015-12-21,170.01957702636719,91.046524047851562,103.15000152587891,19.336448669433594,25.820480346679688
2015-12-22,171.5623779296875,90.3887939453125,102.61000061035156,19.56317138671875,26.027677536010742
2015-12-23,173.68685913085938,89.708930969238281,102.30999755859375,20.41417121887207,26.394262313842773
2015-12-24,173.40019226074219,90.22283935546875,103.05000305175781,20.230167388916016,26.298633575439453
2015-12-28,173.00396728515625,90.489471435546875,102.26999664306641,19.86216926574707,26.115339279174805
2015-12-29,174.85020446777344,88.986122131347656,102.19999694824219,20.000171661376953,26.139244079589844
2015-12-30,173.61099243164062,88.897239685058594,101.41999816894531,19.730741500854492,25.732810974121094
2015-12-31,171.87428283691406,89.297157287597656,101.45999908447266,19.819454193115234,25.653118133544922
2016-01-04,169.47160339355469,89.941452026367188,102.88999938964844,19.812889099121094,24.951822280883789
2016-01-05,169.75819396972656,89.578590393066406,103.18000030517578,19.888454437255859,25.007606506347656
2016-01-06,167.61685180664062,90.785697937011719,104.66999816894531,19.122882843017578,24.529449462890625
2016-01-07,163.59541320800781,90.948585510253906,106.15000152587891,18.656307220458984,23.772369384765625
2016-01-08,161.79972839355469,91.355903625488281,105.68000030517578,18.416452407836914,23.517349243164062
2016-01-11,161.95993041992188,90.356155395507812,104.73999786376953,18.02216911315918,23.509380340576172
2016-01-12,163.26664733886719,91.659561157226562,104.20999908447266,18.064882278442383,23.557199478149414
2016-01-13,159.1947021484375,92.563056945800781,104.72000122070312,17.63116455078125,23.310150146484375
2016-01-14,161.80816650390625,91.696578979492188,103.01999664306641,18.390167236328125,23.612983703613281
2016-01-15,158.33477783203125,93.125900268554688,104.08000183105469,17.857875823974609,22.680578231811523
2016-01-19,158.54551696777344,92.837066650390625,103.98000335693359,17.473453521728516,23.015285491943359
2016-01-20,156.51377868652344,93.814552307128906,105.37000274658203,17.010162353515625,22.513223648071289
2016-01-21,157.39054870605469,93.177711486816406,105.48999786376953,17.539165496826172,22.60087776184082
2016-01-22,160.61947631835938,92.822212219238281,105,18.314596176147461,23.373905181884766
2016-01-25,158.19145202636719,93.325843811035156,106.08000183105469,17.460311889648438,22.975442886352539
2016-01-26,160.34962463378906,93.370277404785156,107.29000091552734,18.120742797851562,23.310150146484375
2016-01-27,158.60453796386719,93.348037719726562,107.69000244140625,18.035312652587891,23.230457305908203
2016-01-28,159.43074035644531,93.481338500976562,106.54000091552734,18.584028244018555,23.597042083740234
2016-01-29,163.31723022460938,94.273712158203125,106.94999694824219,19.126167297363281,24.362092971801758
2016-02-01,163.25823974609375,93.985099792480469,108.05000305175781,18.807449340820312,24.130987167358398
2016-02-02,160.31594848632812,95.728752136230469,108.08999633789062,18.179876327514648,23.349994659423828
2016-02-03,161.2769775390625,94.934844970703125,109.25,18.827163696289062,24.011447906494141
2016-02-04,161.52987670898438,95.394844055175781,110.56999969482422,18.817314147949219,24.194738388061523
2016-02-05,158.45277404785156,95.50616455078125,112.31999969482422,18.380308151245117,23.915815353393555
2016-02-08,156.31982421875,97.561363220214844,113.83000183105469,18.285026550292969,23.589075088500977
2016-02-09,156.3282470703125,97.665306091308594,113.58000183105469,17.844736099243164,23.262334823608398
2016-02-10,156.19337463378906,98.525962829589844,114.45999908447266,17.772451400756836,23.357967376708984
2016-02-11,154.16163635253906,99.21600341796875,119.05999755859375,17.696887969970703,22.967470169067383
2016-02-12,157.3399658203125,97.568778991699219,118.36000061035156,18.163446426391602,23.365938186645508
2016-02-16,159.99554443359375,96.537467956542969,114.76999664306641,18.344169616699219,23.883939743041992
2016-02-17,162.60908508300781,95.943885803222656,115.48000335693359,18.945449829101562,24.3541259765625
2016-02-18,161.94303894042969,97.1236572265625,118.29000091552734,18.708879470825195,24.210681915283203
2016-02-19,161.86720275878906,97.205230712890625,117.58000183105469,18.666166305541992,24.099113464355469
2016-02-22,164.2108154296875,97.1533203125,115.48999786376953,19.142597198486328,24.696804046630859
2016-02-23,162.13691711425781,97.54656982421875,117.22000122070312,18.488737106323242,24.170835494995117
2016-02-24,162.87884521484375,97.353660583496094,117.61000061035156,18.676031112670898,24.115049362182617
2016-02-25,164.85159301757812,97.702369689941406,117.91999816894531,18.692449569702148,24.194738388061523
2016-02-26,164.47221374511719,96.76007080078125,117.11000061035156,18.804166793823242,23.955663681030273
2016-02-29,163.18235778808594,97.182998657226562,118.63999938964844,18.590595245361328,24.162862777709961
2016-03-01,167.01828002929688,95.471755981445312,117.76999664306641,19.076881408691406,25.023548126220703
2016-03-02,167.76853942871094,95.865760803222656,118.68000030517578,19.543453216552734,25.358259201049805
2016-03-03,168.4261474609375,96.215072631835938,120.73000335693359,19.839170455932617,25.645147323608398
2016-03-04,168.97412109375,95.598129272460938,120.54000091552734,20.029739379882812,26.155187606811523
2016-03-07,169.1090087890625,95.568382263183594,121.13999938964844,20.499597549438477,26.115339279174805
2016-03-08,167.26274108886719,96.623970031738281,120.58000183105469,19.638738632202148,25.669052124023438
2016-03-09,168.08888244628906,96.03668212890625,119.58000183105469,19.957456588745117,25.828441619873047
2016-03-10,168.22386169433594,95.642745971679688,121.5,19.973886489868164,25.868288040161133
2016-03-11,170.93841552734375,94.676345825195312,119.41000366210938,20.489738464355469,26.410202026367188
2016-03-14,170.71919250488281,94.973670959472656,117.87000274658203,20.355031967163086,26.250814437866211
2016-03-15,170.44105529785156,95.062904357910156,117.95999908447266,20.315597534179688,25.876256942749023
2016-03-16,171.42745971679688,95.345375061035156,120.58999633789062,20.66717529296875,26.394262313842773
2016-03-17,172.51498413085938,95.739372253417969,120.12999725341797,20.949739456176758,26.976016998291016
2016-03-18,173.19291687011719,95.940032958984375,119.80000305175781,21.009967803955078,27.119464874267578
2016-03-21,173.43867492675781,95.204139709472656,118.95999908447266,20.937166213989258,27.175249099731445
2016-03-22,173.34541320800781,95.181808471679688,119.30999755859375,20.821344375610352,27.111499786376953
2016-03-23,172.20146179199219,96.259735107421875,116.61000061035156,20.364679336547852,26.649282455444336
2016-03-24,172.12521362304688,96.296867370605469,116.33000183105469,20.463954925537109,26.58552360534668
2016-03-28,172.22685241699219,96.423233032226562,116.59999847412109,20.35474967956543,26.673185348510742
2016-03-29,173.82003784179688,97.434257507324219,118.76000213623047,20.450714111328125,27.039772033691406
2016-03-30,174.58268737792969,96.408439636230469,117.09999847412109,20.490428924560547,27.318698883056641
2016-03-31,174.15896606445312,97.092353820800781,117.63999938964844,20.480501174926758,27.294788360595703
2016-04-01,175.34535217285156,97.3455810546875,116.93000030517578,20.205839157104492,27.215097427368164
2016-04-04,174.77751159667969,97.405174255371094,116.15000152587891,20.056922912597656,26.888362884521484
2016-04-05,173.03189086914062,98.470390319824219,117.66000366210938,19.921249389648438,26.362386703491211
2016-04-06,174.92158508300781,97.755279541015625,116.94000244140625,20.351444244384766,26.681156158447266
2016-04-07,172.82852172851562,98.962013244628906,118.61000061035156,20.232311248779297,26.147220611572266
2016-04-08,173.29460144042969,98.336296081542969,118.43000030517578,20.639337539672852,26.601461410522461
2016-04-11,172.88783264160156,98.209648132324219,120.02999877929688,20.553300857543945,26.94413948059082
2016-04-12,174.4979248046875,97.531768798828125,120.05000305175781,21.165500640869141,27.358545303344727
2016-04-13,176.26051330566406,97.874488830566406,118.76999664306641,21.2647705078125,27.844675064086914
2016-04-14,176.26899719238281,97.405174255371094,117.11000061035156,21.314416885375977,27.709190368652344
2016-04-15,176.0740966796875,98.239501953125,117.91999816894531,21.026512145996094,27.549806594848633
2016-04-18,177.31137084960938,97.814865112304688,117.73999786376953,21.373973846435547,27.677312850952148
2016-04-19,177.87059020996094,97.509483337402344,119.58000183105469,21.800868988037109,28.099687576293945
2016-04-20,178.04006958007812,96.436798095703125,118.97000122070312,21.996105194091797,27.972179412841797
2016-04-21,177.08250427246094,95.863204956054688,119.41999816894531,21.867050170898438,27.693258285522461
2016-04-22,177.08250427246094,95.617401123046875,117.88999938964844,22.184726715087891,27.525903701782227
2016-04-25,176.77749633789062,95.222549438476562,118.23000335693359,21.93653678894043,27.350568771362305
2016-04-26,177.04010009765625,94.790550231933594,118.69999694824219,22.287307739257812,27.645435333251953
2016-04-27,177.40452575683594,95.736564636230469,119.04000091552734,22.710884094238281,27.812793731689453
2016-04-28,175.79438781738281,96.131340026855469,121.29000091552734,22.373350143432617,27.525903701782227
2016-04-29,174.84536743164062,96.377212524414062,123.65000152587891,22.336948394775391,27.406360626220703
2016-05-02,176.23504638671875,95.406875610351562,123.23999786376953,22.313783645629883,27.334632873535156
2016-05-03,174.70127868652344,96.608535766601562,122.95999908447266,21.787624359130859,26.561616897583008
2016-05-04,173.726806640625,97.138542175292969,122.20999908447266,21.473251342773438,26.131275177001953
2016-05-05,173.69290161132812,97.78790283203125,122.06999969482422,21.648641586303711,26.123300552368164
2016-05-06,174.32847595214844,97.369926452636719,123.18000030517578,21.5989990234375,26.163156509399414
2016-05-09,174.47251892089844,97.675941467285156,120.65000152587891,21.284631729125977,25.828441619873047
2016-05-10,176.64187622070312,97.6834716796875,120.98000335693359,21.658567428588867,26.322538375854492
2016-05-11,174.98939514160156,98.235763549804688,122.12000274658203,21.724756240844727,26.2587890625
2016-05-12,175.04023742675781,97.78790283203125,121.16000366210938,21.78431510925293,26.187063217163086
2016-05-13,173.51493835449219,98.73583984375,121.70999908447266,21.506341934204102,25.716873168945312
2016-05-16,175.22666931152344,97.884941101074219,121.80000305175781,21.870355606079102,26.027677536010742
2016-05-17,173.5911865234375,98.049125671386719,122.22000122070312,21.972936630249023,25.908134460449219
2016-05-18,173.64205932617188,96.653358459472656,120.09999847412109,21.761159896850586,25.653118133544922
2016-05-19,173.04039001464844,97.071380615234375,119.87000274658203,21.764457702636719,25.414041519165039
2016-05-20,174.13352966308594,97.145980834960938,119.70999908447266,21.893516540527344,25.669052124023438
2016-05-23,173.89625549316406,97.36248779296875,119.37000274658203,21.837261199951172,25.621242523193359
2016-05-24,176.15034484863281,96.929534912109375,117.30000305175781,21.946462631225586,25.884225845336914
2016-05-25,177.34521484375,96.563796997070312,116.98000335693359,22.293928146362305,26.195026397705078
2016-05-26,177.39599609375,97.063873291015625,116.58000183105469,22.201272964477539,26.370353698730469
2016-05-27,178.15869140625,96.922065734863281,115.62000274658203,22.214504241943359,26.362386703491211
2016-05-31,177.81977844238281,97.153480529785156,116.05999755859375,22.128475189208984,26.394262313842773
2016-06-01,178.18408203125,97.547607421875,115.94000244140625,22.135086059570312,26.378324508666992
2016-06-02,178.72650146484375,98.250663757324219,115.66999816894531,22.105308532714844,26.593496322631836
2016-06-03,178.19265747070312,99.649368286132812,118.87999725341797,22.019264221191406,26.999927520751953
2016-06-06,179.09930419921875,98.908889770507812,118.91999816894531,22.505718231201172,27.286823272705078
2016-06-07,179.37895202636719,99.148170471191406,118.81999969482422,23.015327453613281,27.533868789672852
2016-06-08,179.96369934082031,99.679298400878906,120.58000183105469,22.962381362915039,27.733098983764648
2016-06-09,179.71797180175781,100.32250213623047,121.25,22.786998748779297,27.414331436157227
2016-06-10,178.01463317871094,100.80866241455078,121.73999786376953,22.293928146362305,26.721004486083984
2016-06-13,176.64187622070312,101.25745391845703,122.63999938964844,22.227745056152344,26.346445083618164
2016-06-14,176.29446411132812,101.18269348144531,122.76999664306641,22.214504241943359,26.2587890625
2016-06-15,176.04866027832031,101.57157135009766,123.68000030517578,22.161563873291016,26.53770637512207
2016-06-16,176.57405090332031,102.06528472900391,122.37999725341797,22.055673599243164,26.442075729370117
2016-06-17,175.91645812988281,101.42950439453125,123.94999694824219,22.280839920043945,26.513799667358398
2016-06-20,177.04934692382812,100.344970703125,123.20999908447266,22.474031448364258,26.983987808227539
2016-06-21,177.55194091796875,99.881248474121094,120.83999633789062,22.740516662597656,27.191192626953125
2016-06-22,177.2623291015625,100.04574584960938,120.90000152587891,22.613937377929688,27.260265350341797
2016-06-23,179.57073974609375,98.901405334472656,120.11000061035156,22.987010955810547,27.918880462646484
2016-06-24,173.12258911132812,101.55659484863281,126,22.24420166015625,26.224151611328125
2016-06-27,170.02195739746094,104.09221649169922,126.68000030517578,21.531370162963867,25.886808395385742
2016-06-28,173.08843994140625,104.30915069580078,125.31999969482422,22.130949020385742,26.649837493896484
2016-06-29,176.03570556640625,103.50876617431641,125.83999633789062,22.550647735595703,27.324520111083984
2016-06-30,178.43780517578125,103.89025115966797,126.47000122070312,22.730522155761719,27.597602844238281
2016-07-01,178.8126220703125,105.33268737792969,128.41000366210938,22.850437164306641,27.862653732299805
2016-07-05,177.52644348144531,106.65152740478516,129.47000122070312,22.390771865844727,27.268299102783203
2016-07-06,178.59120178222656,106.8238525390625,130.22999572753906,22.487363815307617,27.196008682250977
2016-07-07,178.48042297363281,106.81637573242188,129.74000549316406,22.257522583007812,27.123723983764648
2016-07-08,181.13810729980469,107.60314178466797,130.52000427246094,22.553985595703125,27.710046768188477
2016-07-11,181.77696228027344,106.65904235839844,129.28999328613281,22.597284317016602,27.975105285644531
2016-07-12,183.09722900390625,104.90557098388672,127.15000152587891,23.156887054443359,28.368663787841797
2016-07-13,183.07171630859375,106.14189147949219,128.32000732421875,22.957027435302734,28.320472717285156
2016-07-14,184.09385681152344,104.59834289550781,127.33000183105469,23.073612213134766,28.7301025390625
2016-07-15,183.84686279296875,103.69918823242188,126.83999633789062,23.060295104980469,28.665840148925781
2016-07-18,184.34089660644531,103.60171508789062,127.04000091552734,23.076940536499023,28.92286491394043
2016-07-19,184.15348815917969,104.18621826171875,127.20999908447266,22.947036743164062,28.625690460205078
2016-07-20,184.92015075683594,103.61676025390625,125.38999938964844,22.913734436035156,28.770259857177734
2016-07-21,184.22166442871094,103.82656097412109,127.30000305175781,22.687219619750977,28.681911468505859
2016-07-22,185.04791259765625,104.00637817382812,126.34999847412109,22.757169723510742,28.890735626220703
2016-07-25,184.54534912109375,103.93146514892578,125.47000122070312,22.304161071777344,28.601594924926758
2016-07-26,184.63052368164062,104.09635162353516,126,22.434062957763672,28.826482772827148
2016-07-27,184.43461608886719,105.39261627197266,128.02999877929688,22.214218139648438,28.92286491394043
2016-07-28,184.64756774902344,105.19779205322266,127.66000366210938,22.217546463012695,28.930900573730469
2016-07-29,184.9456787109375,106.07456970214844,128.97999572753906,22.444063186645508,29.083507537841797
2016-08-01,184.7923583984375,104.92451477050781,129.22000122070312,21.704586029052734,29.02728271484375
2016-08-02,183.60836791992188,103.84347534179688,130.27000427246094,21.901119232177734,28.818456649780273
2016-08-03,184.14497375488281,103.90354156494141,129.64999389648438,22.32414436340332,28.914831161499023
2016-08-04,184.34089660644531,104.6842041015625,129.8699951171875,22.290828704833984,29.075473785400391
2016-08-05,185.84861755371094,103.59577941894531,127.55000305175781,22.494029998779297,29.412813186645508
2016-08-08,185.73789978027344,103.79088592529297,127.44000244140625,22.793806076049805,29.621641159057617
2016-08-09,185.84861755371094,104.81186676025391,127.95999908447266,22.673892974853516,29.822437286376953
2016-08-10,185.38859558105469,105.21724700927734,128.55999755859375,22.427404403686523,29.830472946166992
2016-08-11,186.24891662597656,104.27885437011719,127.66999816894531,22.757169723510742,30.21600341796875
2016-08-12,186.08712768554688,105.15721130371094,127.40000152587891,22.883745193481445,30.103551864624023
2016-08-15,186.62374877929688,104.16626739501953,127.83999633789062,23.066947937011719,30.416793823242188
2016-08-16,185.66120910644531,103.88849639892578,128.47000122070312,23.10359001159668,30.28026008605957
2016-08-17,186.01046752929688,104.51161956787109,128.5,23.173540115356445,30.087493896484375
2016-08-18,186.42781066894531,104.67673492431641,129.11000061035156,23.649866104125977,30.368612289428711
2016-08-19,186.15525817871094,104.12870788574219,127.97000122070312,23.453346252441406,30.19993782043457
2016-08-22,186.14674377441406,105.00700378417969,127.77999877929688,23.183534622192383,29.798347473144531
2016-08-23,186.52153015136719,105.11967468261719,127.76000213623047,23.346744537353516,29.677864074707031
2016-08-24,185.56752014160156,104.87192535400391,126.33999633789062,23.253482818603516,29.7581787109375
2016-08-25,185.43972778320312,104.47405242919922,126.23000335693359,23.19019889831543,29.782279968261719
2016-08-26,185.09053039550781,103.86595916748047,126.05000305175781,23.110252380371094,29.525257110595703
2016-08-29,186.00192260742188,105.25476837158203,126.30000305175781,23.266807556152344,29.750152587890625
2016-08-30,185.69529724121094,104.849365234375,125.02999877929688,23.186861038208008,29.669837951660156
2016-08-31,185.16716003417969,104.99953460693359,124.77999877929688,22.820459365844727,29.340522766113281
2016-09-01,185.17568969726562,105.11534881591797,125.29000091552734,22.753841400146484,29.565420150756836
2016-09-02,186.01046752929688,104.25798034667969,126.56999969482422,23.010324478149414,30.047340393066406
2016-09-06,186.5726318359375,105.01757049560547,128.71000671386719,23.356744766235352,30.689889907836914
2016-09-07,186.55560302734375,104.9423828125,128.27000427246094,23.489986419677734,30.593498229980469
2016-09-08,186.12971496582031,103.62624359130859,127.58999633789062,23.92967414855957,30.513185501098633
2016-09-09,181.67474365234375,101.91904449462891,126.75,23.216840744018555,29.485095977783203
2016-09-12,184.28126525878906,101.97171783447266,126.58999633789062,23.446676254272461,29.685895919799805
2016-09-13,181.63212585449219,100.81357574462891,125.75,22.777154922485352,28.938932418823242
2016-09-14,181.56394958496094,100.96398162841797,126.18000030517578,22.507345199584961,29.02728271484375
2016-09-15,183.37840270996094,100.52777099609375,125.37000274658203,22.787149429321289,29.525257110595703
2016-09-16,182.66950988769531,101.34000396728516,125.05999755859375,22.603172302246094,29.324464797973633
2016-09-19,182.70370483398438,101.00913238525391,125.31999969482422,22.589765548706055,29.557388305664062
2016-09-20,182.71229553222656,101.36252593994141,125.44000244140625,22.425565719604492,29.573442459106445
2016-09-21,184.76701354980469,102.18229675292969,127.26999664306641,22.944990158081055,30.400737762451172
2016-09-22,185.93128967285156,102.99452972412109,127.56999969482422,22.971796035766602,30.617591857910156
2016-09-23,184.91252136230469,102.89681243896484,127.65000152587891,22.666843414306641,30.224031448364258
2016-09-26,183.41432189941406,103.55107116699219,127.55000305175781,22.566307067871094,29.782279968261719
2016-09-27,184.55293273925781,104.31059265136719,126.62000274658203,22.41551399230957,30.207965850830078
2016-09-28,185.468994140625,104.08502960205078,126.22000122070312,23.383975982666016,30.481060028076172
2016-09-29,183.79096984863281,104.34823608398438,126.06999969482422,23.343767166137695,29.950948715209961
2016-09-30,185.17790222167969,103.41569519042969,125.63999938964844,23.662124633789062,30.079458236694336
2016-10-03,184.73269653320312,103.07442474365234,125.31999969482422,23.645362854003906,30.288290023803711
2016-10-04,183.79096984863281,101.86892700195312,120.97000122070312,23.404079437255859,29.950948715209961
2016-10-05,184.60432434082031,101.394287109375,120.77999877929688,23.762659072875977,30.384672164916992
2016-10-06,184.73269653320312,100.82924652099609,119.66000366210938,23.799514770507812,30.408771514892578
2016-10-07,184.09916687011719,100.89702606201172,119.73999786376953,23.662124633789062,30.272232055664062
2016-10-10,185.05807495117188,100.30186462402344,120.16000366210938,24.034093856811523,30.601533889770508
2016-10-11,182.7208251953125,100.07579803466797,119.55000305175781,23.759305953979492,29.894725799560547
2016-10-12,182.96058654785156,100.17378234863281,119.73999786376953,23.658771514892578,29.838504791259766
2016-10-13,182.36128234863281,100.55046081542969,120.02999877929688,23.528078079223633,29.573442459106445
2016-10-14,182.45545959472656,99.141609191894531,119.36000061035156,23.390682220458984,29.621641159057617
2016-10-17,181.82192993164062,99.774452209472656,119.68000030517578,23.276744842529297,29.589521408081055
2016-10-18,182.96058654785156,100.09839630126953,120.41999816894531,23.370574951171875,30.111587524414062
2016-10-19,183.44853210449219,100.18132019042969,121.11000061035156,23.702341079711914,30.296323776245117
2016-10-20,183.10610961914062,100.28673553466797,120.73999786376953,23.675529479980469,30.207965850830078
2016-10-21,183.19171142578125,100.43745422363281,120.83000183105469,23.521371841430664,30.19993782043457
2016-10-24,183.97077941894531,100.00046539306641,120.55999755859375,23.451005935668945,30.328447341918945
2016-10-25,183.35440063476562,100.26416778564453,121.47000122070312,23.343767166137695,30.360570907592773
2016-10-26,182.9862060546875,99.5860595703125,120.79000091552734,23.397384643554688,30.039300918579102
2016-10-27,182.49830627441406,98.501182556152344,121.01000213623047,23.310258865356445,29.782279968261719
2016-10-28,181.95887756347656,98.282737731933594,121.58000183105469,23.246589660644531,29.661806106567383
2016-10-31,181.96748352050781,98.885406494140625,121.94000244140625,22.99525260925293,29.830472946166992
2016-11-01,180.64907836914062,98.893013000488281,122.73000335693359,22.998605728149414,29.589521408081055
2016-11-02,179.56178283691406,99.323219299316406,123.63999938964844,22.743921279907227,29.236114501953125
2016-11-03,178.73991394042969,98.560836791992188,124.30000305175781,22.834402084350586,29.155784606933594
2016-11-04,178.54298400878906,99.444023132324219,124.38999938964844,22.710412979125977,28.858617782592773
2016-11-07,182.48114013671875,98.598587036132812,122.15000152587891,23.199670791625977,29.902759552001953
2016-11-08,183.30299377441406,98.198532104492188,121.63999938964844,23.229835510253906,30.095527648925781
2016-11-09,185.24635314941406,94.031707763671875,121.55999755859375,23.608497619628906,29.115633010864258
2016-11-10,185.70869445800781,92.642799377441406,119.75,23.709037780761719,28.28834342956543
2016-11-11,185.2806396484375,92.121986389160156,117.09999847412109,23.276744842529297,27.750207901000977
2016-11-14,185.4261474609375,91.570938110351562,116.11000061035156,23.407438278198242,27.549407958984375
2016-11-15,186.87303161621094,92.023849487304688,117.12000274658203,24.067604064941406,28.103614807128906
2016-11-16,186.52198791503906,92.854194641113281,116.76999664306641,23.900049209594727,27.870685577392578
2016-11-17,187.48085021972656,91.487869262695312,116.16999816894531,23.739194869995117,27.910852432250977
2016-11-18,187.06134033203125,91.223670959472656,115.15000152587891,23.836380004882812,27.782342910766602
2016-11-21,188.47398376464844,91.45013427734375,115.58000183105469,24.402717590332031,28.055423736572266
2016-11-22,188.842041015625,91.419998168945312,115.54000091552734,24.389312744140625,28.481105804443359
2016-11-23,188.94483947753906,91.065200805664062,113.25,24.489843368530273,28.175909042358398
2016-11-25,189.64683532714844,91.2010498046875,112.61000061035156,24.369207382202148,28.312446594238281
2016-11-28,188.75645446777344,91.872871398925781,113.80000305175781,24.030746459960938,28.424888610839844
2016-11-29,189.1246337890625,92.257865905761719,113.26999664306641,23.735841751098633,28.465049743652344
2016-11-30,188.67083740234375,90.763236999511719,111.75,24.942237854003906,28.513238906860352
2016-12-01,187.97740173339844,89.804885864257812,111.54000091552734,25.002561569213867,28.175909042358398
2016-12-02,188.07160949707031,90.462944030761719,112.13999938964844,25.076295852661133,28.208034515380859
2016-12-05,189.20166015625,90.364631652832031,111.54000091552734,25.297458648681641,28.440952301025391
2016-12-06,189.80094909667969,90.296562194824219,111.43000030517578,25.250539779663086,28.593559265136719
2016-12-07,192.28370666503906,91.068046569824219,111.83000183105469,25.451604843139648,29.075473785400391
2016-12-08,192.75454711914062,89.994026184082031,111.56999969482422,25.589010238647461,29.203989028930664
2016-12-09,193.91885375976562,88.874534606933594,110.40000152587891,25.66943359375,29.051368713378906
2016-12-12,193.69630432128906,89.040985107421875,110.81999969482422,25.790071487426758,28.858617782592773
2016-12-13,194.98892211914062,89.358634948730469,110.44999694824219,26.081613540649414,29.179891586303711
2016-12-14,193.37950134277344,88.360214233398438,108.83000183105469,25.558847427368164,28.312446594238281
2016-12-15,194.1756591796875,88.806495666503906,107.33999633789062,25.615821838378906,28.360633850097656
2016-12-16,193.79592895507812,88.602287292480469,108.05000305175781,25.774820327758789,28.232122421264648
2016-12-19,194.21788024902344,89.555335998535156,108.58999633789062,25.656913757324219,28.039360046386719
2016-12-20,194.96705627441406,89.109054565429688,107.79000091552734,25.599645614624023,28.135740280151367
2016-12-21,194.42457580566406,89.502342224121094,107.84999847412109,25.640066146850586,28.018760681152344
2016-12-22,194.08869934082031,89.342338562011719,107.58999633789062,25.7445068359375,27.685688018798828
2016-12-23,194.37290954589844,89.524375915527344,107.93000030517578,25.720918655395508,27.848161697387695
2016-12-27,194.85516357421875,89.236167907714844,108.55999755859375,25.778190612792969,27.970016479492188
2016-12-28,193.24478149414062,89.888320922851562,108.86000061035156,25.49858283996582,28.181234359741211
2016-12-29,193.20167541503906,90.206886291503906,110.29000091552734,25.448041915893555,28.644285202026367
2016-12-30,192.49560546875,90.343368530273438,109.61000061035156,25.373926162719727,28.441190719604492
2017-01-03,193.96817016601562,90.730125427246094,110.47000122070312,25.660287857055664,28.782390594482422
2017-01-04,195.12210083007812,91.078987121582031,110.86000061035156,25.606380462646484,29.001733779907227
2017-01-05,194.96705627441406,92.504730224609375,112.58000183105469,25.542375564575195,29.318557739257812
2017-01-06,195.6646728515625,91.655326843261719,111.75,25.565952301025391,29.196699142456055
2017-01-09,195.018798828125,92.39093017578125,112.66999816894531,25.195381164550781,29.172323226928711
2017-01-10,195.018798828125,92.33026123046875,113.15000152587891,24.966306686401367,29.342927932739258
2017-01-11,195.56990051269531,92.6412353515625,113.5,25.235813140869141,29.692245483398438
2017-01-12,195.07901000976562,92.436470031738281,113.91000366210938,25.131378173828125,29.822225570678711
2017-01-13,195.52685546875,91.996604919433594,114.20999908447266,25.057262420654297,29.797861099243164
2017-01-17,194.83798217773438,92.959732055664062,115.84999847412109,25.212221145629883,29.781610488891602
2017-01-18,195.26852416992188,91.769073486328125,114.87000274658203,25.154966354370117,29.61912727355957
2017-01-19,194.54515075683594,91.139656066894531,114.76999664306641,25.016838073730469,29.529777526855469
2017-01-20,195.25990295410156,90.957656860351562,115.05000305175781,25.111169815063477,29.586639404296875
2017-01-23,194.7518310546875,91.867691040039062,115.79000091552734,24.845022201538086,30.025321960449219
2017-01-24,196.00047302246094,91.238182067871094,115.26999664306641,25.117898941040039,30.212167739868164
2017-01-25,197.69703674316406,90.093093872070312,114.31999969482422,25.249282836914062,30.545242309570312
2017-01-26,197.49034118652344,90.396408081054688,113.26000213623047,25.269493103027344,30.415262222290039
2017-01-27,197.18022155761719,90.722602844238281,113.48999786376953,25.006732940673828,30.43963623046875
2017-01-30,195.95745849609375,90.449531555175781,113.97000122070312,24.548578262329102,30.277158737182617
2017-01-31,195.94021606445312,91.078987121582031,115.55000305175781,24.558679580688477,30.334018707275391
2017-02-01,196.01773071289062,90.515830993652344,115.19999694824219,24.376760482788086,30.350278854370117
2017-02-02,196.1468505859375,90.477798461914062,115.83999633789062,24.514875411987305,30.480257034301758
2017-02-03,197.49894714355469,90.439842224121094,116.12999725341797,24.727119445800781,30.667097091674805
2017-02-06,197.14582824707031,90.98699951171875,117.69999694824219,24.518253326416016,30.59398078918457
2017-02-07,197.15449523925781,91.655769348144531,117.45999908447266,24.1712646484375,30.43963623046875
2017-02-08,197.41279602050781,92.902191162109375,118.19000244140625,24.228536605834961,30.62647819519043
2017-02-09,198.583984375,91.830635070800781,117.29000091552734,24.501413345336914,30.764577865600586
2017-02-10,199.36763000488281,91.777450561523438,117.59999847412109,24.686691284179688,31.048913955688477
2017-02-13,200.45265197753906,91.488609313964844,116.80000305175781,24.733860015869141,31.146404266357422
2017-02-14,201.25350952148438,90.827430725097656,116.93000030517578,24.814714431762695,31.17889404296875
2017-02-15,202.30418395996094,90.40936279296875,117.44999694824219,24.717025756835938,31.430727005004883
2017-02-16,202.13194274902344,90.903427124023438,118.08000183105469,24.380128860473633,31.316991806030273
2017-02-17,202.45060729980469,91.443000793457031,117.68000030517578,24.245378494262695,31.187021255493164
2017-02-21,203.65620422363281,91.283447265625,117.75,24.410453796386719,31.528209686279297
2017-02-22,203.47538757324219,91.435409545898438,117.91000366210938,24.039873123168945,31.625694274902344
2017-02-23,203.61311340332031,91.709030151367188,118.94000244140625,24.140945434570312,31.633819580078125
2017-02-24,203.87152099609375,92.727409362792969,119.69999694824219,23.915233612060547,31.260129928588867
2017-02-27,204.19010925292969,92.180183410644531,119.12000274658203,24.120731353759766,31.162635803222656
2017-02-28,203.63900756835938,92.522193908691406,119.23000335693359,24.046613693237305,30.862070083618164
2017-03-01,206.48947143554688,90.971870422363281,119.05999755859375,24.528354644775391,31.341367721557617
2017-03-02,205.18910217285156,90.644462585449219,117.58000183105469,24.295907974243164,30.788955688476562
2017-03-03,205.31828308105469,90.8804931640625,117.51000213623047,24.252111434936523,31.024539947509766
2017-03-06,204.70686340332031,90.44647216796875,116.72000122070312,24.306015014648438,31.040794372558594
2017-03-07,204.09539794921875,90.172325134277344,115.77999877929688,24.090412139892578,31.073282241821289
2017-03-08,203.71649169921875,89.685020446777344,115.05999755859375,23.463809967041016,30.780828475952148
2017-03-09,203.97483825683594,88.96923828125,114.47000122070312,23.618782043457031,30.537120819091797
2017-03-10,204.68962097167969,89.281425476074219,114.72000122070312,23.585090637207031,30.87830924987793
2017-03-13,204.79296875,88.71795654296875,114.73999786376953,23.588462829589844,31.308868408203125
2017-03-14,204.00927734375,89.144378662109375,114.12000274658203,23.32232666015625,31.130144119262695
2017-03-15,205.774658203125,90.233238220214844,116.25,23.841115951538086,31.942522048950195
2017-03-16,205.36993408203125,89.776390075683594,116.73000335693359,23.67268180847168,32.137493133544922
2017-03-17,205.00924682617188,90.339851379394531,116.98999786376953,23.655399322509766,32.080631256103516
2017-03-20,204.78440856933594,90.728202819824219,117.51000213623047,23.621501922607422,32.454311370849609
2017-03-21,202.15505981445312,91.482040405273438,118.54000091552734,23.4554443359375,32.096874237060547
2017-03-22,202.63079833984375,91.8475341796875,118.83000183105469,23.421554565429688,32.251224517822266
2017-03-23,202.41455078125,91.718086242675781,118.66999816894531,23.326663970947266,32.259353637695312
2017-03-24,202.26750183105469,92.045494079589844,118.86000061035156,23.235153198242188,32.340583801269531
2017-03-27,202.0599365234375,92.464363098144531,119.52999877929688,23.126705169677734,32.251224517822266
2017-03-28,203.53025817871094,91.8475341796875,119.04000091552734,23.4554443359375,32.340583801269531
2017-03-29,203.72050476074219,92.395782470703125,119.33000183105469,23.777400970458984,32.397457122802734
2017-03-30,204.36921691894531,91.649559020996094,118.47000122070312,23.770627975463867,32.226856231689453
2017-03-31,203.89356994628906,91.916084289550781,118.72000122070312,23.689285278320312,31.9993896484375
2017-04-03,203.53889465332031,92.843231201171875,119.34999847412109,23.648612976074219,32.178104400634766
2017-04-04,203.66868591308594,92.339576721191406,119.62000274658203,23.821460723876953,32.194355010986328
2017-04-05,203.06327819824219,92.621910095214844,119.62000274658203,23.746902465820312,32.096874237060547
2017-04-06,203.634033203125,92.484603881835938,119.18000030517578,23.936681747436523,32.040008544921875
2017-04-07,203.42645263671875,92.110687255859375,119.45999908447266,23.845182418823242,31.983135223388672
2017-04-10,203.54757690429688,92.537986755371094,119.45999908447266,24.024799346923828,31.853164672851562
2017-04-11,203.30537414550781,93.415512084960938,121.19000244140625,24.02818489074707,31.780046463012695
2017-04-12,202.41455078125,93.926788330078125,122.01999664306641,23.926521301269531,31.93440055847168
2017-04-13,201.099853515625,94.216781616210938,122.59999847412109,23.489330291748047,31.796297073364258
2017-04-17,202.881591796875,93.926788330078125,122.23999786376953,23.540166854858398,32.129364013671875
2017-04-18,202.27613830566406,95.15533447265625,122.81999969482422,23.319881439208984,31.723180770874023
2017-04-19,201.90425109863281,94.636428833007812,121.73000335693359,22.977598190307617,31.528209686279297
2017-04-20,203.54757690429688,94.27020263671875,121.95999908447266,23.089426040649414,31.918149948120117
2017-04-21,202.89891052246094,94.27020263671875,122.30999755859375,22.97419548034668,31.918149948120117
2017-04-24,205.13035583496094,93.804718017578125,121.48000335693359,23.109762191772461,32.373073577880859
2017-04-25,206.323974609375,92.675376892089844,120.25,23.306329727172852,32.657417297363281
2017-04-26,206.19416809082031,93.186607360839844,120.83999633789062,23.228372573852539,32.535552978515625
2017-04-27,206.36723327636719,93.156097412109375,120.38999938964844,22.97419548034668,32.494941711425781
2017-04-28,205.91738891601562,93.362136840820312,120.76999664306641,22.991147994995117,32.543674468994141
2017-05-01,206.43638610839844,92.585960388183594,119.66999816894531,22.926761627197266,32.730533599853516
2017-05-02,206.51420593261719,93.060035705566406,119.65000152587891,22.811529159545898,32.966114044189453
2017-05-03,206.26339721679688,93.121292114257812,117.98000335693359,22.875919342041016,32.746768951416016
2017-05-04,206.50555419921875,92.662452697753906,116.79000091552734,22.455686569213867,32.381210327148438
2017-05-05,207.31858825683594,92.746566772460938,117.01000213623047,22.811529159545898,32.649280548095703
2017-05-08,207.28395080566406,92.241889953613281,116.75,22.97419548034668,32.641166687011719
2017-05-09,207.09368896484375,92.234222412109375,116.05000305175781,22.784412384033203,33.055473327636719
2017-05-10,207.465576171875,92.127174377441406,116.04000091552734,23.086042404174805,33.274803161621094
2017-05-11,207.04177856445312,92.127174377441406,116.5,23.038589477539062,33.347934722900391
2017-05-12,206.69583129882812,92.823020935058594,116.83000183105469,22.960639953613281,33.486034393310547
2017-05-15,207.83746337890625,92.570716857910156,117.13999938964844,23.140260696411133,33.827236175537109
2017-05-16,207.64723205566406,92.914810180664062,117.65000152587891,23.025039672851562,33.859725952148438
2017-05-17,203.96273803710938,94.268287658691406,119.79000091552734,22.7979736328125,33.282943725585938
2017-05-18,204.78440856933594,94.375312805175781,118.80999755859375,22.791193008422852,32.730533599853516
2017-05-19,206.11631774902344,94.597061157226562,119.40000152587891,23.072481155395508,33.429172515869141
2017-05-22,207.16285705566406,94.337074279785156,119.90000152587891,23.021650314331055,33.461662292480469
2017-05-23,207.62132263183594,93.702407836914062,119.13999938964844,23.075876235961914,33.494155883789062
2017-05-24,208.10560607910156,94.23004150390625,119.61000061035156,22.953868865966797,33.624137878417969
2017-05-25,209.10031127929688,94.260566711425781,119.48000335693359,22.537017822265625,33.786613464355469
2017-05-26,209.05703735351562,94.421180725097656,120.54000091552734,22.574298858642578,33.908477783203125
2017-05-30,208.87539672851562,94.887603759765625,120.13999938964844,22.272676467895508,33.729740142822266
2017-05-31,208.82353210449219,95.12469482421875,120.62000274658203,22.177780151367188,33.469779968261719
2017-06-01,210.48416137695312,95.134674072265625,120.72000122070312,22.316732406616211,33.754116058349609
2017-06-02,211.18473815917969,96.261077880859375,121.61000061035156,22.059162139892578,33.924709320068359
2017-06-05,211.02900695800781,95.663360595703125,121.73000335693359,22.099832534790039,33.884090423583984
2017-06-06,210.35444641113281,96.1844482421875,123.09999847412109,22.360794067382812,33.900341033935547
2017-06-07,210.74359130859375,95.7247314453125,122.44999694824219,22.045610427856445,33.859725952148438
2017-06-08,210.84739685058594,95.471817016601562,121.65000152587891,21.981218338012695,34.062812805175781
2017-06-09,210.52738952636719,95.32623291015625,120.54000091552734,22.509904861450195,33.802860260009766
2017-06-12,210.48416137695312,95.295562744140625,120.36000061035156,22.669191360473633,33.624137878417969
2017-06-13,211.51338195800781,95.310928344726562,120.48000335693359,22.838644027709961,33.786613464355469
2017-06-14,211.24520874023438,96.782173156738281,119.81999969482422,22.425176620483398,33.778491973876953
2017-06-15,210.83871459960938,96.628913879394531,119.31999969482422,22.255720138549805,33.429172515869141
2017-06-16,210.88484191894531,96.820533752441406,119.33999633789062,22.623918533325195,33.486034393310547
2017-06-19,212.64044189453125,96.682525634765625,118.43000030517578,22.48060417175293,33.819099426269531
2017-06-20,211.20637512207031,97.548446655273438,118.18000030517578,22.193964004516602,33.4453125
2017-06-21,211.15423583984375,97.7476806640625,118.51999664306641,21.835668563842773,33.518772125244141
2017-06-22,211.05857849121094,97.96221923828125,118.91999816894531,21.822015762329102,33.690158843994141
2017-06-23,211.31071472167969,97.916328430175781,119.43000030517578,21.968748092651367,33.869705200195312
2017-06-26,211.44976806640625,98.284080505371094,118.36000061035156,21.920974731445312,34.196174621582031
2017-06-27,209.74626159667969,97.23431396484375,118.80999755859375,21.886852264404297,33.796260833740234
2017-06-28,211.62356567382812,96.912399291992188,118.90000152587891,22.006284713745117,34.057418823242188
2017-06-29,209.76365661621094,96.100151062011719,118.31999969482422,22.054059982299805,33.624874114990234
2017-06-30,210.15473937988281,95.877975463867188,118.01999664306641,22.153017044067383,33.779930114746094
2017-07-03,210.51107788085938,95.569244384765625,116.08999633789062,22.579559326171875,33.975803375244141
2017-07-05,210.99778747558594,95.592292785644531,116.51999664306641,22.122304916381836,33.910514831542969
2017-07-06,209.06837463378906,94.801368713378906,116.47000122070312,21.876613616943359,33.502452850341797
2017-07-07,210.42417907714844,94.233169555664062,115.27999877929688,21.842496871948242,33.567729949951172
2017-07-10,210.65013122558594,94.371406555175781,115.47000122070312,21.914150238037109,33.886032104492188
2017-07-11,210.49371337890625,94.532630920410156,115.62000274658203,22.033584594726562,34.163524627685547
2017-07-12,212.07550048828125,95.185333251953125,116.02999877929688,22.095003128051758,34.824581146240234
2017-07-13,212.431884765625,94.586402893066406,115.81999969482422,22.183731079101562,34.995986938476562
2017-07-14,213.42268371582031,94.701545715332031,116.76999664306641,22.316808700561523,35.436691284179688
2017-07-17,213.39662170410156,94.962638854980469,117.29000091552734,22.289510726928711,35.273468017578125
2017-07-18,213.50955200195312,95.791938781738281,118.11000061035156,22.183731079101562,35.379558563232422
2017-07-19,214.66552734375,95.830375671386719,118.08000183105469,22.507894515991211,35.673370361328125
2017-07-20,214.7611083984375,96.106727600097656,118.23999786376953,22.439655303955078,35.632560729980469
2017-07-21,214.56990051269531,96.51373291015625,119.26000213623047,22.217849731445312,35.608085632324219
2017-07-24,214.51774597167969,96.137519836425781,119.30999755859375,22.176902770996094,35.71417236328125
2017-07-25,215.03923034667969,94.885848999023438,118.91999816894531,22.456716537475586,35.624408721923828
2017-07-26,215.04788208007812,95.039443969726562,119.87999725341797,22.48060417175293,35.918209075927734
2017-07-27,214.84805297851562,94.571037292480469,119.79000091552734,22.709226608276367,35.722339630126953
2017-07-28,214.59596252441406,95.131584167480469,120.69000244140625,22.681928634643555,35.706020355224609
2017-07-31,214.47430419921875,95.246788024902344,120.75,22.733116149902344,35.746826171875
2017-08-01,214.95231628417969,95.915443420410156,120.65000152587891,22.729700088500977,35.852916717529297
2017-08-02,215.05661010742188,95.969383239746094,120.40000152587891,22.64439582824707,35.885566711425781
2017-08-03,214.63941955566406,96.962043762207031,120.58999633789062,22.327049255371094,35.738662719726562
2017-08-04,215.03056335449219,96.138648986816406,119.65000152587891,22.398704528808594,35.869239807128906
2017-08-07,215.43037414550781,96.246391296386719,119.51000213623047,22.228092193603516,36.114082336425781
2017-08-08,214.900146484375,95.900108337402344,119.86000061035156,22.176902770996094,36.122245788574219
2017-08-09,214.89151000976562,96.423377990722656,121.30999755859375,22.19737434387207,35.795795440673828
2017-08-10,211.85826110839844,97.246803283691406,122.20999908447266,21.961929321289062,34.947002410888672
2017-08-11,212.17111206054688,97.29296875,122.79000091552734,21.818609237670898,35.028617858886719
2017-08-14,214.27438354492188,96.792724609375,121.91999816894531,21.753763198852539,35.387725830078125
2017-08-15,214.248291015625,96.384895324707031,120.98000335693359,21.671871185302734,35.428535461425781
2017-08-16,214.62210083007812,96.738906860351562,121.87000274658203,21.463720321655273,35.795795440673828
2017-08-17,211.27590942382812,97.462257385253906,122.48999786376953,21.16002082824707,35.338752746582031
2017-08-18,210.94566345214844,97.439178466796875,122.30000305175781,21.26580810546875,35.640727996826172
2017-08-21,211.11076354980469,97.677742004394531,122.76000213623047,21.156606674194336,35.771308898925781
2017-08-22,213.31834411621094,97.300643920898438,122.20999908447266,21.296512603759766,36.171215057373047
2017-08-23,212.55354309082031,97.962432861328125,122.66999816894531,21.388650894165039,36.342605590820312
2017-08-24,212.05812072753906,97.600761413574219,122.29000091552734,21.40229606628418,36.456867218017578
2017-08-25,212.55354309082031,97.977897644042969,122.73999786376953,21.497846603393555,36.669059753417969
2017-08-28,212.56222534179688,97.916282653808594,124.69000244140625,21.40229606628418,36.538475036621094
2017-08-29,212.80558776855469,98.231803894042969,124.41999816894531,21.374998092651367,36.473186492919922
2017-08-30,213.81381225585938,98.201004028320312,124.36000061035156,21.38524055480957,36.530319213867188
2017-08-31,215.10008239746094,98.493438720703125,125.81999969482422,21.487604141235352,36.587440490722656
2017-09-01,215.40423583984375,97.740036010742188,126.05999755859375,21.695758819580078,36.856777191162109
2017-09-05,213.85723876953125,99.290031433105469,127.45999908447266,21.815193176269531,36.375244140625
2017-09-06,214.58729553222656,98.68084716796875,126.80999755859375,22.170080184936523,36.611934661865234
2017-09-07,214.56120300292969,99.691009521484375,128.1300048828125,22.211021423339844,36.881252288818359
2017-09-08,214.30915832519531,99.475120544433594,127.97000122070312,21.975576400756836,36.636417388916016
2017-09-11,216.594970703125,98.287551879882812,126.19000244140625,22.183731079101562,37.1260986328125
2017-09-12,217.32504272460938,97.770904541015625,126.55999755859375,22.320222854614258,37.085285186767578
2017-09-13,217.42935180664062,97.3853759765625,125.61000061035156,22.600034713745117,36.889423370361328
2017-09-14,217.35978698730469,97.786331176757812,126.16000366210938,22.709226608276367,36.987346649169922
2017-09-15,217.65240478515625,97.82489013671875,125.52999877929688,22.7628173828125,37.207706451416016
2017-09-18,218.11529541015625,97.261970520019531,124.36000061035156,22.859622955322266,37.338291168212891
2017-09-19,218.33370971679688,97.022911071777344,124.62000274658203,22.952974319458008,37.419898986816406
2017-09-20,218.41232299804688,97.092315673828125,123.62000274658203,23.108543395996094,37.248523712158203
2017-09-21,217.82708740234375,97.038322448730469,122.68000030517578,23.115459442138672,37.248523712158203
2017-09-22,217.87077331542969,97.315956115722656,123.23999786376953,23.233009338378906,37.036327362060547
2017-09-25,217.42536926269531,97.925094604492188,124.52999877929688,23.568368911743164,36.40789794921875
2017-09-26,217.55638122558594,97.747764587402344,123.13999938964844,23.55799674987793,36.309955596923828
2017-09-27,218.40357971191406,96.274955749511719,121.98000335693359,23.658256530761719,36.17938232421875
2017-09-28,218.66555786132812,95.989578247070312,122.20999908447266,23.679004669189453,36.154888153076172
2017-09-29,219.43417358398438,96.205520629882812,121.58000183105469,23.675552368164062,36.571117401123047
2017-10-02,220.38632202148438,96.029342651367188,120.76999664306641,23.668630599975586,36.57928466796875
2017-10-03,220.85789489746094,96.122077941894531,120.83000183105469,23.644428253173828,37.158740997314453
2017-10-04,221.11993408203125,96.129798889160156,121.16999816894531,23.627145767211914,37.15057373046875
2017-10-05,222.43013000488281,95.766670227050781,120.51999664306641,23.734321594238281,37.428066253662109
2017-10-06,222.17680358886719,95.496177673339844,121.08999633789062,23.533790588378906,37.2403564453125
2017-10-09,221.80995178222656,95.797554016113281,122.08000183105469,23.58220100402832,37.215869903564453
2017-10-10,222.39520263671875,95.952064514160156,122.40000152587891,23.602941513061523,37.5831298828125
2017-10-11,222.74462890625,96.137481689453125,122.79000091552734,23.658256530761719,37.754528045654297
2017-10-12,222.41265869140625,96.547042846679688,122.88999938964844,23.571817398071289,37.738201141357422
2017-10-13,222.68339538574219,97.242416381835938,123.81999969482422,23.55799674987793,38.080978393554688
2017-10-16,222.9803466796875,97.172935485839844,122.97000122070312,23.609855651855469,38.056491851806641
2017-10-17,223.13761901855469,97.296546936035156,122.12999725341797,23.623682022094727,37.860626220703125
2017-10-18,223.35597229003906,96.655197143554688,121.66999816894531,23.457733154296875,37.950401306152344
2017-10-19,223.4171142578125,96.825202941894531,122.38999938964844,23.385133743286133,37.615779876708984
2017-10-20,224.57005310058594,95.797554016113281,121.61000061035156,23.430074691772461,37.754528045654297
2017-10-23,223.69660949707031,95.967544555664062,121.80000305175781,23.309072494506836,37.452548980712891
2017-10-24,224.08966064453125,95.372573852539062,121.33000183105469,23.354015350341797,37.452548980712891
2017-10-25,222.9803466796875,94.916694641113281,121.34999847412109,23.191524505615234,37.370929718017578
2017-10-26,223.26861572265625,94.599876403808594,120.33000183105469,23.23992919921875,37.117938995361328
2017-10-27,225.09410095214844,95.225784301757812,120.90000152587891,23.281410217285156,37.656585693359375
2017-10-30,224.25559997558594,96.137481689453125,121.12999725341797,23.40241813659668,37.419898986816406
2017-10-31,224.60501098632812,96.168388366699219,120.66999816894531,23.478483200073242,37.770839691162109
2017-11-01,224.9019775390625,96.596626281738281,121.11000061035156,23.744691848754883,37.966728210449219
2017-11-02,224.98931884765625,97.022483825683594,121.19000244140625,23.675552368164062,38.01568603515625
2017-11-03,225.74046325683594,97.285774230957031,120.62000274658203,23.744691848754883,37.819812774658203
2017-11-06,226.08985900878906,97.649696350097656,121.65000152587891,24.287483215332031,38.244205474853516
2017-11-07,225.93263244628906,98.06011962890625,121.20999908447266,24.256362915039062,37.999370574951172
2017-11-08,226.31690979003906,97.843292236328125,121.62999725341797,24.138820648193359,38.178916931152344
2017-11-09,225.49592590332031,97.564552307128906,122.12999725341797,24.211414337158203,37.942237854003906
2017-11-10,225.42599487304688,96.093299865722656,121.12999725341797,24.083505630493164,37.779003143310547
2017-11-13,225.63566589355469,96.294631958007812,121.30999755859375,23.945213317871094,37.697383880615234
2017-11-14,225.11158752441406,96.945106506347656,121.55999755859375,23.55799674987793,37.444389343261719
2017-11-15,223.98489379882812,97.998184204101562,121.41000366210938,23.291786193847656,37.248523712158203
2017-11-16,225.88896179199219,97.14642333984375,121.40000152587891,23.19843864440918,38.023845672607422
2017-11-17,225.22508239746094,97.866493225097656,122.86000061035156,23.312530517578125,38.211559295654297
2017-11-20,225.60943603515625,97.827789306640625,121.30999755859375,23.257207870483398,38.407436370849609
2017-11-21,227.08554077148438,98.137496948242188,121.51000213623047,23.309072494506836,38.921592712402344
2017-11-22,226.88467407226562,98.455009460449219,122.62999725341797,23.40241813659668,39.019538879394531
2017-11-24,227.40876770019531,98.183982849121094,122.31999969482422,23.468109130859375,38.93792724609375
2017-11-27,227.29519653320312,98.044593811035156,122.83000183105469,23.22955322265625,38.366622924804688
2017-11-28,229.60102844238281,98.176246643066406,122.80999755859375,23.409332275390625,38.652278900146484
2017-11-29,229.46134948730469,97.208351135253906,122.04000091552734,23.537254333496094,38.040168762207031
2017-11-30,231.47029113769531,96.883110046386719,121.09999847412109,23.889894485473633,37.623935699462891
2017-12-01,230.98980712890625,98.190521240234375,121.58999633789062,24.090417861938477,37.411739349365234
2017-12-04,230.71035766601562,98.237129211425781,121.18000030517578,24.080047607421875,37.485195159912109
2017-12-05,229.88056945800781,98.72589111328125,120.31999969482422,23.976329803466797,37.460712432861328
2017-12-06,229.92422485351562,99.067306518554688,120.06999969482422,23.665176391601562,36.954704284667969
2017-12-07,230.64923095703125,98.291366577148438,118.48999786376953,23.734321594238281,37.060802459716797
2017-12-08,231.90692138671875,98.299140930175781,118.48000335693359,23.952125549316406,37.493358612060547
2017-12-11,232.60568237304688,98.097427368164062,118.01000213623047,24.124992370605469,37.681068420410156
2017-12-12,233.01618957519531,98.058586120605469,118.15000152587891,24.059299468994141,37.428066253662109
2017-12-13,232.99000549316406,98.795745849609375,119.16999816894531,24.024724960327148,37.876937866210938
2017-12-14,232.03800964355469,99.214744567871094,118.93000030517578,23.938295364379883,37.599456787109375
2017-12-15,233.97027587890625,99.587181091308594,119.18000030517578,23.916719436645508,37.681068420410156
2017-12-18,235.45388793945312,98.679336547851562,119.73000335693359,24.101177215576172,38.105461120605469
2017-12-19,234.54963684082031,97.399116516113281,119.81999969482422,24.135978698730469,37.904132843017578
2017-12-20,234.4267578125,96.32061767578125,120.13999938964844,24.477054595947266,37.953849792480469
2017-12-21,234.90957641601562,96.881950378417969,120.30999755859375,24.995620727539062,38.202392578125
2017-12-22,234.84808349609375,97.01416015625,120.94000244140625,25.047821044921875,38.5255126953125
2017-12-26,234.56719970703125,97.301864624023438,121.76999664306641,25.267082214355469,38.49237060546875
2017-12-27,234.68135070800781,98.569244384765625,122.23000335693359,25.183557510375977,38.591793060302734
2017-12-28,235.16419982910156,98.483726501464844,122.84999847412109,25.221834182739258,38.856918334960938
2017-12-29,234.27752685546875,98.639236450195312,123.65000152587891,25.148748397827148,39.039180755615234
2018-01-02,235.95428466796875,97.574028015136719,125.15000152587891,25.562904357910156,39.776557922363281
2018-01-03,237.44673156738281,98.040542602539062,124.81999969482422,25.945743560791016,40.157669067382812
2018-01-04,238.44758605957031,98.024986267089844,125.45999908447266,26.102350234985352,40.356513977050781
2018-01-05,240.03651428222656,97.745063781738281,125.33000183105469,26.0919189453125,40.704486846923828
2018-01-08,240.47554016113281,97.682884216308594,125.30999755859375,26.248525619506836,40.704486846923828
2018-01-09,241.019775390625,96.376602172851562,124.73000335693359,26.182413101196289,40.638202667236328
2018-01-10,240.65107727050781,96.259925842285156,125.02999877929688,26.151081085205078,40.381366729736328
2018-01-11,242.40695190429688,96.656494140625,125.44000244140625,26.687057495117188,40.629920959472656
2018-01-12,243.987060546875,96.819831848144531,126.95999908447266,26.944595336914062,41.019306182861328
2018-01-16,243.153076171875,97.224105834960938,127.16999816894531,26.603525161743164,40.861892700195312
2018-01-17,245.47073364257812,97.091903686523438,126.13999938964844,26.836708068847656,41.400428771972656
2018-01-18,245.0582275390625,96.189971923828125,125.86000061035156,26.617454528808594,41.450138092041016
2018-01-19,246.17308044433594,95.684593200683594,126.41999816894531,26.5826416015625,41.789825439453125
2018-01-22,248.17469787597656,95.777870178222656,126.65000152587891,27.156890869140625,42.030097961425781
2018-01-23,248.70146179199219,96.189971923828125,127.27999877929688,27.115133285522461,42.228927612304688
2018-01-24,248.60494995117188,95.669036865234375,128.83000183105469,27.04203987121582,42.585189819335938
2018-01-25,248.71022033691406,96.454338073730469,127.97000122070312,26.829734802246094,42.560333251953125
2018-01-26,251.58970642089844,96.096641540527344,128.07000732421875,26.975921630859375,43.148574829101562
2018-01-29,249.9217529296875,95.427970886230469,127.34999847412109,26.568716049194336,42.494052886962891
2018-01-30,247.35830688476562,94.868133544921875,126.80000305175781,26.032752990722656,41.914096832275391
2018-01-31,247.48117065429688,95.427970886230469,127.65000152587891,26.050149917602539,42.278644561767578
2018-02-01,247.20025634765625,94.044944763183594,128.07000732421875,26.318138122558594,41.706974029541016
2018-02-02,241.81864929199219,93.172332763671875,126.38999938964844,25.218353271484375,40.638202667236328
2018-02-05,231.70524597167969,94.052772521972656,126.70999908447266,24.160346984863281,39.213172912597656
2018-02-06,236.27030944824219,93.468376159667969,125.37999725341797,24.351755142211914,40.489063262939453
2018-02-07,234.98857116699219,92.580146789550781,124.79000091552734,23.94456672668457,39.213172912597656
2018-02-08,226.17442321777344,92.478851318359375,124.98000335693359,23.220657348632812,37.854423522949219
2018-02-09,229.57194519042969,91.894508361816406,124.76999664306641,23.20326042175293,38.459232330322266
2018-02-12,232.94306945800781,92.299636840820312,125.37000274658203,23.582611083984375,39.064044952392578
2018-02-13,233.52252197265625,92.712554931640625,126.08000183105469,23.485164642333984,39.362297058105469
2018-02-14,236.67414855957031,91.684127807617188,128.22999572753906,23.82623291015625,40.348232269287109
2018-02-15,239.69415283203125,91.995765686035156,128.3800048828125,23.767066955566406,41.176734924316406
2018-02-16,239.76443481445312,92.494438171386719,127.95999908447266,23.707906723022461,41.044170379638672
2018-02-20,238.26319885253906,92.089279174804688,126.23999786376953,23.579128265380859,40.480789184570312
2018-02-21,237.07798767089844,90.959510803222656,125.66000366210938,23.182367324829102,40.447647094726562
2018-02-22,237.38523864746094,91.232177734375,126.30000305175781,23.436435699462891,40.472503662109375
2018-02-23,241.16908264160156,92.042533874511719,126.13999938964844,23.94456672668457,41.193294525146484
2018-02-26,243.96955871582031,92.073661804199219,126.44999694824219,24.087251663208008,41.574420928955078
2018-02-27,240.92324829101562,91.941230773925781,125.12999725341797,23.774030685424805,40.364791870117188
2018-02-28,238.48269653320312,92.525627136230469,125,23.227617263793945,39.784847259521484
2018-03-01,235.01496887207031,93.157218933105469,124.72000122070312,23.192813873291016,39.710277557373047
2018-03-02,236.22645568847656,92.39990234375,125.38999938964844,23.300701141357422,39.875980377197266
2018-03-05,238.95668029785156,92.150054931640625,125.18000030517578,23.547805786132812,39.933979034423828
2018-03-06,239.56243896484375,92.235977172851562,126.52999877929688,23.561729431152344,40.306797027587891
2018-03-07,239.47463989257812,92.134468078613281,125.72000122070312,23.384233474731445,40.348232269287109
2018-03-08,240.63351440429688,92.665336608886719,125.41999816894531,23.377273559570312,40.356513977050781
2018-03-09,244.82109069824219,92.056365966796875,125.54000091552734,23.822755813598633,41.218166351318359
2018-03-12,244.5137939453125,92.587257385253906,125.54000091552734,23.815792083740234,41.317569732666016
2018-03-13,242.93365478515625,93.05572509765625,125.77999877929688,23.645256042480469,40.944740295410156
2018-03-14,241.68699645996094,93.875480651855469,125.69999694824219,23.506040573120117,41.011032104492188
2018-03-15,241.42362976074219,93.875480651855469,124.90000152587891,23.384233474731445,40.861892700195312
2018-03-16,241.6854248046875,93.539749145507812,124.59999847412109,23.592781066894531,40.770755767822266
2018-03-19,238.41529846191406,93.243095397949219,124.87000274658203,23.228252410888672,40.331661224365234
2018-03-20,238.82081604003906,92.86834716796875,124.30999755859375,23.424541473388672,40.779045104980469
2018-03-21,238.36248779296875,92.969841003417969,126.48000335693359,24.037929534912109,41.019306182861328
2018-03-22,232.40409851074219,93.891059875488281,125.98000335693359,23.547218322753906,39.652286529541016
2018-03-23,227.45046997070312,93.820854187011719,127.61000061035156,23.403509140014648,38.848621368408203
2018-03-26,233.67330932617188,93.461685180664062,128.27999877929688,23.824117660522461,40.107959747314453
2018-03-27,229.69808959960938,94.461006164550781,127.48999786376953,23.599796295166016,39.378875732421875
2018-03-28,229.0194091796875,94.710861206054688,125.73000335693359,23.140628814697266,39.180034637451172
2018-03-29,231.94566345214844,95.171501159667969,125.79000091552734,23.627838134765625,40.000251770019531
2018-04-02,226.93923950195312,95.359245300292969,127.26000213623047,23.154644012451172,39.279445648193359
2018-04-03,229.84793090820312,94.623847961425781,126.30000305175781,23.648868560791016,39.668853759765625
2018-04-04,232.30715942382812,94.428230285644531,126.44999694824219,23.61732292175293,39.685409545898438
2018-04-05,234.14048767089844,93.724052429199219,125.80000305175781,24.041427612304688,39.784847259521484
2018-04-06,228.92245483398438,94.74896240234375,126.38999938964844,23.606803894042969,39.006053924560547
2018-04-09,230.05067443847656,94.905509948730469,126.81999969482422,23.718965530395508,39.047470092773438
2018-04-10,233.70860290527344,94.733375549316406,127.12000274658203,24.504108428955078,39.8096923828125
2018-04-11,232.48338317871094,95.069816589355469,128.11000061035156,24.759981155395508,39.826271057128906
2018-04-12,234.39607238769531,94.373451232910156,126.62000274658203,24.7564697265625,39.8096923828125
2018-04-13,233.70860290527344,94.592498779296875,127.44999694824219,25.029870986938477,39.412021636962891
2018-04-16,235.63008117675781,94.623847961425781,127.62999725341797,25.285739898681641,39.461719512939453
2018-04-17,238.15092468261719,94.88201904296875,127.75,25.383893966674805,39.544574737548828
2018-04-18,238.32720947265625,94.123062133789062,127.84999847412109,25.783464431762695,39.884262084960938
2018-04-19,237.00508117675781,93.356361389160156,127.59999847412109,25.81501579284668,39.652286529541016
2018-04-20,234.99542236328125,92.683479309082031,126.62999725341797,25.69233512878418,39.155174255371094
2018-04-23,234.96018981933594,92.706954956054688,125.62000274658203,25.850067138671875,38.840351104736328
2018-04-24,231.79586791992188,92.284408569335938,126.23000335693359,25.573162078857422,38.658065795898438
2018-04-25,232.36882019042969,91.666328430175781,125.41000366210938,25.776468276977539,38.359813690185547
2018-04-26,234.73101806640625,92.307914733886719,124.97000122070312,26.151506423950195,38.914909362792969
2018-04-27,234.95135498046875,93.019851684570312,125.5,25.874605178833008,39.155174255371094
2018-04-30,233.14448547363281,93.184158325195312,124.58999633789062,25.871095657348633,38.873481750488281
2018-05-01,233.55874633789062,92.848579406738281,123.70999908447266,25.71336555480957,38.68292236328125
2018-05-02,231.98982238769531,92.746681213378906,123.65000152587891,25.818521499633789,38.376380920410156
2018-05-03,231.47860717773438,93.162246704101562,124.27999877929688,25.758934020996094,38.293525695800781
2018-05-04,234.47538757324219,93.303375244140625,124.54000091552734,25.885120391845703,38.467517852783203
2018-05-07,235.26869201660156,93.154426574707031,124.56999969482422,25.920164108276367,38.243816375732422
2018-05-08,235.26869201660156,93.068161010742188,124.58999633789062,26.123466491699219,38.459232330322266
2018-05-09,237.54275512695312,92.511428833007812,124.33000183105469,26.656240463256836,38.533786773681641
2018-05-10,239.76394653320312,93.256340026855469,125.18000030517578,26.856029510498047,39.337444305419922
2018-05-11,240.49552917480469,93.4915771484375,125,26.894580841064453,39.271175384521484
2018-05-14,240.61016845703125,92.99755859375,124.48999786376953,27.080350875854492,39.320877075195312
2018-05-15,238.95310974121094,91.938987731933594,122.48000335693359,27.087366104125977,38.508945465087891
2018-05-16,239.95782470703125,91.586174011230469,122.29000091552734,27.182003021240234,39.088897705078125
2018-05-17,239.75514221191406,91.12353515625,122.36000061035156,27.592096328735352,38.49237060546875
2018-05-18,239.15568542480469,91.907638549804688,122.41000366210938,27.378290176391602,38.169254302978516
2018-05-21,240.95384216308594,91.954681396484375,122.48000335693359,27.658693313598633,38.401237487792969
2018-05-22,240.28399658203125,91.813552856445312,122.41000366210938,27.290666580200195,38.533786773681641
2018-05-23,240.94503784179688,92.480072021484375,122.54000091552734,27.287149429321289,38.517234802246094
2018-05-24,240.45143127441406,93.217124938964844,123.58999633789062,26.8385009765625,38.310104370117188
2018-05-25,239.8785400390625,93.797378540039062,123.20999908447266,26.140987396240234,38.467517852783203
2018-05-29,237.11964416503906,95.851799011230469,123.19000244140625,26.060373306274414,37.572727203369141
2018-05-30,240.28399658203125,95.208847045898438,123.37000274658203,26.84901237487793,37.870990753173828
2018-05-31,238.81196594238281,95.052001953125,123.09999847412109,26.645723342895508,37.854423522949219
2018-06-01,241.15653991699219,94.549797058105469,122.48999786376953,26.771905899047852,38.384674072265625
2018-06-04,242.30244445800781,93.865951538085938,122.37000274658203,26.540569305419922,38.774074554443359
2018-06-05,242.47871398925781,94.086021423339844,122.84999847412109,26.477479934692383,38.475788116455078
2018-06-06,244.50590515136719,93.323654174804688,122.91999816894531,26.603664398193359,39.055751800537109
2018-06-07,244.47958374023438,94.227554321289062,122.86000061035156,27.006744384765625,38.459232330322266
2018-06-08,245.20233154296875,93.944610595703125,123.01000213623047,26.954170227050781,38.384674072265625
2018-06-11,245.52838134765625,93.771682739257812,123.23000335693359,27.094371795654297,38.384674072265625
2018-06-12,245.84574890136719,93.7952880859375,122.81999969482422,26.887577056884766,38.285240173339844
2018-06-13,245.06123352050781,93.748100280761719,123.19000244140625,26.785924911499023,38.028415679931641
2018-06-14,245.67822265625,94.526191711425781,123.37999725341797,26.747373580932617,37.771560668945312
2018-06-15,245.36482238769531,94.612648010253906,121.33999633789062,26.172883987426758,37.473312377929688
2018-06-18,244.86013793945312,94.526191711425781,121.11000061035156,26.434011459350586,37.017631530761719
2018-06-19,243.92172241210938,95.076324462890625,120.80000305175781,26.374027252197266,36.609020233154297
2018-06-20,244.33772277832031,94.24322509765625,120.26000213623047,26.490476608276367,36.767452239990234
2018-06-21,242.80604553222656,94.738418579101562,120.05000305175781,25.999979019165039,36.250431060791016
2018-06-22,243.24884033203125,94.730506896972656,120.33999633789062,26.518703460693359,36.625690460205078
2018-06-25,239.93753051757812,94.942764282226562,119.88999938964844,25.985864639282227,36.133682250976562
2018-06-26,240.4686279296875,95.076324462890625,119.26000213623047,26.314043045043945,35.991912841796875
2018-06-27,238.47662353515625,95.972366333007812,118.58000183105469,26.666908264160156,35.299758911132812
2018-06-28,239.84014892578125,95.995925903320312,118.22000122070312,26.631626129150391,35.599967956542969
2018-06-29,240.18533325195312,95.665802001953125,118.65000152587891,26.797483444213867,36.133682250976562
2018-07-02,240.69886779785156,95.590972900390625,117.45999908447266,26.402259826660156,35.775093078613281
2018-07-03,239.84896850585938,96.103042602539062,118.65000152587891,26.568111419677734,35.800113677978516
2018-07-05,241.80567932128906,96.37872314453125,119.05000305175781,26.539875030517578,35.7083740234375
2018-07-06,243.85089111328125,96.693801879882812,118.86000061035156,26.702199935913086,36.200397491455078
2018-07-09,246.04660034179688,96.071502685546875,119.15000152587891,27.100950241088867,36.850849151611328
2018-07-10,246.93191528320312,96.063583374023438,118.93000030517578,27.302091598510742,36.767452239990234
2018-07-11,245.12571716308594,96.433837890625,117.63999938964844,26.723377227783203,36.050281524658203
2018-07-12,247.34808349609375,96.425987243652344,118.12999725341797,26.769258499145508,36.542301177978516
2018-07-13,247.54293823242188,96.670150756835938,117.61000061035156,26.910404205322266,36.567317962646484
2018-07-16,247.32156372070312,96.2684326171875,117.55000305175781,26.599861145019531,36.367176055908203
2018-07-17,248.32206726074219,96.087295532226562,116.27999877929688,26.494001388549805,36.634029388427734
2018-07-18,248.84437561035156,95.701278686523438,116.30999755859375,26.511646270751953,36.592330932617188
2018-07-19,247.90594482421875,96.307815551757812,115.80999755859375,26.518703460693359,36.142017364501953
2018-07-20,247.62260437011719,95.126213073730469,116.55999755859375,26.42695426940918,36.659049987792969
2018-07-23,248.08296203613281,93.952507019042969,116,26.310503005981445,36.417201995849609
2018-07-24,249.33126831054688,94.27545166015625,116.04000091552734,26.642219543457031,36.950923919677734
2018-07-25,251.45626831054688,94.125816345214844,116.68000030517578,26.864526748657227,37.551345825195312
2018-07-26,250.86302185058594,93.944648742675781,115.76999664306641,27.157413482666016,37.134376525878906
2018-07-27,249.16317749023438,94.102157592773438,115.83000183105469,27.040958404541016,37.267803192138672
2018-07-30,247.86163330078125,93.779228210449219,115.65000152587891,27.263273239135742,37.209430694580078
2018-07-31,249.08340454101562,94.291206359863281,115.98999786376953,27.213874816894531,37.409572601318359
2018-08-01,248.667236328125,93.523056030273438,115.13999938964844,26.836294174194336,37.076011657714844
2018-08-02,250.02189636230469,93.657241821289062,114.51999664306641,26.688079833984375,36.583992004394531
2018-08-03,251.0931396484375,94.123046875,114.91999816894531,26.550468444824219,36.867523193359375
2018-08-06,252.01402282714844,94.178329467773438,114.33000183105469,26.649269104003906,36.583992004394531
2018-08-07,252.8463134765625,93.688858032226562,114.58999633789062,26.84687614440918,36.959255218505859
2018-08-08,252.74006652832031,93.783592224121094,114.91000366210938,26.652793884277344,36.909229278564453
2018-08-09,252.39471435546875,94.573066711425781,114.73999786376953,26.405788421630859,36.800819396972656
2018-08-10,250.70368957519531,95.259956359863281,114.69000244140625,26.568111419677734,36.016925811767578
2018-08-13,249.76518249511719,95.062583923339844,112.95999908447266,26.229343414306641,35.424850463867188
2018-08-14,251.35873413085938,94.849380493164062,113.06999969482422,26.292869567871094,35.64166259765625
2018-08-15,249.48175048828125,95.402061462402344,111.19000244140625,25.375387191772461,34.615951538085938
2018-08-16,251.50045776367188,95.394142150878906,111.09999847412109,25.558876037597656,34.832759857177734
2018-08-17,252.38589477539062,95.512626647949219,112.12999725341797,25.622396469116211,35.199687957763672
2018-08-20,252.92596435546875,96.152061462402344,112.69000244140625,25.795307159423828,35.358142852783203
2018-08-21,253.51911926269531,95.828323364257812,113.01999664306641,25.925874710083008,35.808448791503906
2018-08-22,253.36868286132812,96.20733642578125,113.26999664306641,26.236404418945312,36.091983795166016
2018-08-23,253.0322265625,96.35736083984375,112.19999694824219,26.112899780273438,35.508235931396484
2018-08-24,254.5550537109375,96.546806335449219,114.16000366210938,26.303447723388672,36.167030334472656
2018-08-27,256.56494140625,95.994140625,114.58999633789062,26.497531890869141,36.684070587158203
2018-08-28,256.68878173828125,95.417831420898438,113.68000030517578,26.384613037109375,36.550640106201172
2018-08-29,258.07012939453125,95.544136047363281,114.19999694824219,26.546939849853516,36.775798797607422
2018-08-30,257.02520751953125,95.749443054199219,113.63999938964844,26.472829818725586,35.816791534423828
2018-08-31,257.03408813476562,95.528388977050781,113.51000213623047,26.268169403076172,36.000247955322266
2018-09-04,256.59140014648438,94.976020812988281,112.93000030517578,26.211704254150391,35.299758911132812
2018-09-05,255.90084838867188,94.722831726074219,113.31999969482422,26.176414489746094,34.791065216064453
2018-09-06,255.13053894042969,95.070991516113281,113.54000091552734,25.692977905273438,34.824428558349609
2018-09-07,254.63468933105469,94.263893127441406,113.23000335693359,25.689453125,34.649303436279297
2018-09-10,255.07748413085938,94.612075805664062,113.15000152587891,25.678853988647461,34.307395935058594
2018-09-11,255.91853332519531,93.892044067382812,113.22000122070312,25.922344207763672,34.382453918457031
2018-09-12,255.98049926757812,94.113578796386719,114.16999816894531,26.056434631347656,34.557567596435547
2018-09-13,257.4945068359375,94.256027221679688,113.76000213623047,26.06702995300293,35.024562835693359
2018-09-14,257.53884887695312,93.80499267578125,113.01999664306641,26.204647064208984,34.991203308105469
2018-09-17,256.17532348632812,93.80499267578125,113.61000061035156,26.246992111206055,34.674320220947266
2018-09-18,257.56539916992188,92.823829650878906,113.44000244140625,26.419900894165039,35.007884979248047
2018-09-19,257.83981323242188,92.269920349121094,113.87999725341797,26.501066207885742,35.491565704345703
2018-09-20,259.92926025390625,92.697212219238281,114.26999664306641,26.508125305175781,35.883499145507812
2018-09-21,259.69180297851562,92.65765380859375,113.48999786376953,26.683284759521484,36.050281524658203
2018-09-24,258.82907104492188,92.420249938964844,113.47000122070312,27.074111938476562,35.64166259765625
2018-09-25,258.58901977539062,92.325325012207031,113.65000152587891,27.248218536376953,35.783432006835938
2018-09-26,257.81527709960938,92.974151611328125,113.05000305175781,26.985286712646484,35.858493804931641
2018-09-27,258.53555297851562,93.037437438964844,112.05000305175781,26.985286712646484,36.033611297607422
2018-09-28,258.56222534179688,92.792160034179688,112.76000213623047,26.910676956176758,35.791774749755859
2018-10-01,259.4605712890625,92.110939025878906,112.56999969482422,27.283746719360352,35.800113677978516
2018-10-02,259.30935668945312,92.67401123046875,113.87000274658203,27.312168121337891,35.349803924560547
2018-10-03,259.45172119140625,91.064125061035156,113.41999816894531,27.532455444335938,35.057929992675781
2018-10-04,257.4239501953125,90.421783447265625,113.48000335693359,27.418766021728516,34.182315826416016
2018-10-05,255.98316955566406,89.644615173339844,113.80000305175781,27.415218353271484,34.057224273681641
2018-10-08,255.98316955566406,89.343238830566406,112.54000091552734,27.393890380859375,34.107261657714844
2018-10-09,255.60943603515625,90.247329711914062,112.59999847412109,27.639049530029297,33.982166290283203
2018-10-10,247.51617431640625,90.00146484375,112.87999725341797,26.77210807800293,32.973125457763672
2018-10-11,242.06423950195312,91.095832824707031,115.77999877929688,25.866096496582031,32.639553070068359
2018-10-12,245.42610168457031,90.778648376464844,115.23000335693359,25.937145233154297,33.59857177734375
2018-10-15,244.0474853515625,90.738967895507812,116,25.720413208007812,33.239982604980469
2018-10-16,249.38375854492188,90.945182800292969,115.80000305175781,25.933591842651367,34.073902130126953
2018-10-17,249.42825317382812,90.405921936035156,115.79000091552734,25.770156860351562,33.656940460205078
2018-10-18,245.82633972167969,90.374160766601562,115.91999816894531,25.642248153686523,32.772991180419922
2018-10-19,245.69290161132812,90.175910949707031,116.01000213623047,25.414846420288086,33.081535339355469
2018-10-22,244.59005737304688,90.056983947753906,115.70999908447266,25.1341552734375,33.440116882324219
2018-10-23,243.34494018554688,90.342498779296875,116.38999938964844,24.476848602294922,33.073196411132812
2018-10-24,235.97189331054688,91.024452209472656,116.66000366210938,23.510425567626953,32.005786895751953
2018-10-25,240.20538330078125,90.643829345703125,116.40000152587891,23.798223495483398,32.622882843017578
2018-10-26,235.98080444335938,91.1910400390625,116.76999664306641,23.620571136474609,32.247611999511719
2018-10-29,234.67335510253906,90.984817504882812,116.30999755859375,23.179990768432617,31.688899993896484
2018-10-30,238.15089416503906,90.532768249511719,115.80000305175781,23.716503143310547,32.305992126464844
2018-10-31,240.69459533691406,90.072830200195312,115.15000152587891,23.862173080444336,32.656238555908203
2018-11-01,243.25596618652344,90.156318664550781,116.62999725341797,24.064697265625,33.823726654052734
2018-11-02,241.81523132324219,89.035377502441406,116.65000152587891,24.004295349121094,34.040550231933594
2018-11-05,243.14927673339844,89.38519287109375,116.37000274658203,24.405784606933594,34.132274627685547
2018-11-06,244.68788146972656,89.329612731933594,116.04000091552734,24.51948356628418,34.073902130126953
2018-11-07,249.92634582519531,89.44879150390625,116.02999877929688,24.920984268188477,34.716018676757812
2018-11-08,249.4727783203125,89.440818786621094,115.77999877929688,24.380918502807617,33.815387725830078
2018-11-09,247.035888671875,90.10858154296875,114.48000335693359,24.338277816772461,33.189952850341797
2018-11-12,242.41996765136719,90.696830749511719,113.66000366210938,23.833749771118164,32.722949981689453
2018-11-13,241.96629333496094,90.641242980957031,113.69999694824219,23.286584854125977,33.09820556640625
2018-11-14,240.31217956542969,90.696830749511719,114.63999938964844,23.247499465942383,33.298355102539062
2018-11-15,242.82011413574219,90.657135009765625,114.76999664306641,23.588594436645508,34.040550231933594
2018-11-16,243.45161437988281,91.181831359863281,115.62000274658203,23.869283676147461,34.107261657714844
2018-11-19,239.33377075195312,91.436195373535156,115.66999816894531,23.862173080444336,33.648609161376953
2018-11-20,234.90469360351562,91.467994689941406,115.66999816894531,23.08050537109375,32.923091888427734
2018-11-21,235.70509338378906,91.436195373535156,115.86000061035156,23.44291877746582,33.531852722167969
2018-11-23,234.13087463378906,91.531570434570312,115.76999664306641,22.707437515258789,33.139915466308594
2018-11-26,237.91069030761719,91.324897766113281,115.63999938964844,23.048528671264648,33.548530578613281
2018-11-27,238.71115112304688,91.428245544433594,114.94999694824219,22.984575271606445,33.782032012939453
2018-11-28,244.2076416015625,90.983062744140625,115.37999725341797,23.378959655761719,34.590930938720703
2018-11-29,243.67405700683594,91.340782165527344,115.73999786376953,23.531745910644531,34.290718078613281
2018-11-30,245.1593017578125,91.682647705078125,115.54000091552734,23.489105224609375,34.257362365722656
2018-12-03,248.405517578125,92.333572387695312,116.41000366210938,24.011404037475586,34.949512481689453
2018-12-04,240.35655212402344,93.879417419433594,117.12000274658203,23.322113037109375,34.207321166992188
2018-12-06,239.99189758300781,94.174263000488281,117.13999938964844,22.892196655273438,33.890430450439453
2018-12-07,234.41551208496094,94.349525451660156,118.08999633789062,22.764287948608398,33.256664276123047
2018-12-10,234.86018371582031,94.739952087402344,117.68000030517578,22.408985137939453,32.906417846679688
2018-12-11,234.91354370117188,94.724044799804688,117.54000091552734,22.416093826293945,33.156585693359375
2018-12-12,236.09640502929688,94.30169677734375,117.79000091552734,22.504919052124023,33.698635101318359
2018-12-13,236.016357421875,94.078620910644531,117.52999877929688,22.575977325439453,33.690303802490234
2018-12-14,231.65838623046875,94.405311584472656,117.05999755859375,22.060787200927734,33.214969635009766
2018-12-17,227.11361694335938,94.955116271972656,117.87000274658203,21.659292221069336,32.906417846679688
2018-12-18,226.86460876464844,95.523780822753906,118.15000152587891,21.147655487060547,33.129867553710938
2018-12-19,223.4671630859375,96.785713195800781,117.43000030517578,20.898941040039062,32.579689025878906
2018-12-20,219.82954406738281,96.434280395507812,119.23999786376953,20.319805145263672,32.833610534667969
2018-12-21,215.32534790039062,96.418357849121094,118.72000122070312,20.122554779052734,32.605079650878906
2018-12-24,209.63581848144531,96.897544860839844,120.01999664306641,19.308473587036133,32.300357818603516
2018-12-26,220.22767639160156,95.859207153320312,119.66000366210938,20.509878158569336,32.943649291992188
2018-12-27,221.91841125488281,95.875167846679688,120.56999969482422,20.617464065551758,32.901332855224609
2018-12-28,221.63212585449219,96.681907653808594,121.05999755859375,20.459659576416016,33.214515686035156
2018-12-31,223.5733642578125,97.04931640625,121.25,20.567255020141602,33.062164306640625
2019-01-02,223.80593872070312,97.5604248046875,121.33000183105469,20.972497940063477,33.146800994873047
2019-01-03,218.46533203125,98.670623779296875,122.43000030517578,20.764497756958008,32.545829772949219
2019-01-04,225.78297424316406,97.528511047363281,121.44000244140625,21.470991134643555,33.595409393310547
2019-01-07,227.56318664550781,97.240982055664062,121.86000061035156,21.790170669555664,33.671596527099609
2019-01-08,229.70126342773438,96.985397338867188,121.52999877929688,21.958723068237305,33.798564910888672
2019-01-09,230.77474975585938,96.833610534667969,122.30999755859375,22.30659294128418,34.399539947509766
2019-01-10,231.58879089355469,96.210639953613281,121.58999633789062,22.371145248413086,34.645011901855469
2019-01-11,231.67829895019531,96.586036682128906,121.80000305175781,22.238452911376953,34.475727081298828
2019-01-14,230.26483154296875,96.22662353515625,122.08999633789062,22.184658050537109,34.187934875488281
2019-01-15,232.90383911132812,95.875167846679688,121.87999725341797,22.263561248779297,34.424938201904297
2019-01-16,233.46743774414062,95.971084594726562,122.26999664306641,22.234869003295898,34.848159790039062
2019-01-17,235.23870849609375,95.994979858398438,122.11000061035156,22.439285278320312,35.000518798828125
2019-01-18,238.36970520019531,95.491844177246094,121.01999664306641,22.894744873046875,35.169811248779297
2019-01-22,235.14924621582031,96.138763427734375,121.44999694824219,22.396247863769531,34.560371398925781
2019-01-23,235.6412353515625,96.098808288574219,121.27999877929688,22.166727066040039,34.915870666503906
2019-01-24,235.76652526855469,96.729789733886719,121.08999633789062,22.285076141357422,35.254451751708984
2019-01-25,237.76139831542969,96.266563415527344,122.86000061035156,22.568387985229492,35.720008850097656
2019-01-28,235.954345703125,96.170722961425781,123.29000091552734,22.342451095581055,35.347564697265625
2019-01-29,235.6412353515625,96.657936096191406,123.98000335693359,22.410593032836914,35.406818389892578
2019-01-30,239.37165832519531,96.586036682128906,124.69000244140625,22.726186752319336,36.177078247070312
2019-01-31,241.47395324707031,97.41668701171875,124.75,22.873218536376953,36.481796264648438
2019-02-01,241.5902099609375,96.828323364257812,124.5,23.271299362182617,36.194000244140625
2019-02-04,243.2899169921875,96.396087646484375,123.95999908447266,23.325094223022461,36.253261566162109
2019-02-05,244.30970764160156,96.8363037109375,124.27999877929688,23.360958099365234,36.752666473388672
2019-02-06,243.9876708984375,96.88433837890625,123.44000244140625,23.188816070556641,36.253261566162109
2019-02-07,241.66172790527344,97.524734497070312,123.73999786376953,22.675979614257812,35.889297485351562
2019-02-08,241.95697021484375,97.941001892089844,124.20999908447266,22.571975708007812,35.686141967773438
2019-02-11,242.09127807617188,97.556800842285156,123.59999847412109,22.679563522338867,35.567638397216797
2019-02-12,245.20429992675781,97.308624267578125,123.86000061035156,22.966466903686523,35.863895416259766
2019-02-13,246.00044250488281,96.940376281738281,123.37000274658203,23.253364562988281,35.609962463378906
2019-02-14,245.45477294921875,97.492752075195312,124.05999755859375,23.335847854614258,35.677684783935547
2019-02-15,248.12962341308594,97.644821166992188,124.80000305175781,23.712408065795898,35.62689208984375
2019-02-19,248.55894470214844,97.892967224121094,126.69999694824219,23.784130096435547,35.906208038330078
2019-02-20,249.05996704101562,97.612815856933594,126.48000335693359,23.884548187255859,36.109363555908203
2019-02-21,248.17436218261719,96.740242004394531,125.05000305175781,23.515165328979492,36.033176422119141
2019-02-22,249.71298217773438,97.316612243652344,125.5,23.583309173583984,36.431015014648438
2019-02-25,250.05288696289062,97.028434753417969,125.37000274658203,23.622751235961914,36.837306976318359
2019-02-26,249.87406921386719,97.508712768554688,125.58000183105469,23.547447204589844,36.710334777832031
2019-02-27,249.76666259765625,96.404045104980469,124.69000244140625,23.637100219726562,36.397163391113281
2019-02-28,249.30146789550781,96.075851440429688,123.98999786376953,23.400402069091797,35.923141479492188
2019-03-01,250.85800170898438,95.187812805175781,121.87999725341797,23.830755233764648,35.965469360351562
2019-03-04,249.94551086425781,95.933860778808594,121.55999755859375,23.873794555664062,36.016258239746094
2019-03-05,249.60574340820312,96.134384155273438,121.72000122070312,23.794891357421875,36.371761322021484
2019-03-06,248.09382629394531,96.487373352050781,121.61000061035156,23.493648529052734,36.168617248535156
2019-03-07,246.01837158203125,97.113067626953125,121.51000213623047,23.353786468505859,35.499923706054688
2019-03-08,245.52638244628906,97.522201538085938,122.83999633789062,22.916257858276367,35.245986938476562
2019-03-11,249.08683776855469,97.233421325683594,122.23999786376953,23.274885177612305,35.906208038330078
2019-03-12,250.02603149414062,97.915260314941406,122.98000335693359,23.425508499145508,36.092430114746094
2019-03-13,251.68110656738281,97.730781555175781,123.83999633789062,23.662204742431641,36.134754180908203
2019-03-14,251.52009582519531,97.024826049804688,122.41000366210938,23.687311172485352,35.940071105957031
2019-03-15,252.76271057128906,97.666572570800781,122.97000122070312,23.677909851074219,36.464870452880859
2019-03-18,253.67918395996094,97.610389709472656,123.04000091552734,24.006814956665039,36.871170043945312
2019-03-19,253.74212646484375,97.39385986328125,123.37999725341797,23.941764831542969,36.888095855712891
2019-03-20,252.97828674316406,98.412620544433594,124.18000030517578,24.151390075683594,36.947345733642578
2019-03-21,255.83563232421875,98.629234313964844,123.68000030517578,24.321271896362305,36.998126983642578
2019-03-22,250.91171264648438,100.16141510009766,123.97000122070312,23.663448333740234,35.914680480957031
2019-03-25,250.72305297851562,100.32181549072266,124.91999816894531,23.674295425415039,35.999332427978516
2019-03-26,252.59196472167969,100.24966430664062,124.30000305175781,24.014049530029297,36.109363555908203
2019-03-27,251.27116394042969,101.17218780517578,123.65000152587891,23.844169616699219,35.720008850097656
2019-03-28,252.22360229492188,101.52511596679688,121.90000152587891,23.934530258178711,35.957004547119141
2019-03-29,253.81391906738281,101.42886352539062,122.01000213623047,23.898384094238281,36.329441070556641
2019-04-01,256.82394409179688,99.988151550292969,121.52999877929688,24.212835311889648,36.930416107177734
2019-04-02,256.9498291015625,100.17308807373047,121.98000335693359,24.046577453613281,36.811916351318359
2019-04-03,257.35415649414062,99.304801940917969,121.80000305175781,23.815252304077148,37.065849304199219
2019-04-04,258.03701782226562,99.586181640625,122.11000061035156,24.014049530029297,37.294391632080078
2019-04-05,259.28594970703125,99.714805603027344,121.98000335693359,24.436929702758789,37.582180023193359
2019-04-08,259.48361206054688,99.361061096191406,122.51000213623047,24.545368194580078,37.582180023193359
2019-04-09,258.15380859375,99.674644470214844,123.15000152587891,24.245368957519531,37.506004333496094
2019-04-10,259.03433227539062,99.915802001953125,123.52999877929688,24.335727691650391,37.683757781982422
2019-04-11,258.96246337890625,99.32891845703125,121.94999694824219,24.353803634643555,37.277458190917969
2019-04-12,260.71466064453125,98.621444702148438,121.83000183105469,24.418859481811523,37.548328399658203
2019-04-15,260.5439453125,98.870689392089844,121.59999847412109,24.274286270141602,37.353641510009766
2019-04-16,260.71466064453125,98.251594543457031,120.51000213623047,24.433315277099609,37.632968902587891
2019-04-17,260.07672119140625,98.291816711425781,120.27999877929688,24.400789260864258,37.743011474609375
2019-04-18,260.58883666992188,98.806358337402344,120.37000274658203,24.285129547119141,37.717605590820312
2019-04-22,260.81344604492188,98.332000732421875,120.37000274658203,24.798368453979492,37.472145080566406
2019-04-23,263.1585693359375,98.541053771972656,120.12000274658203,24.758609771728516,37.556785583496094
2019-04-24,262.57452392578125,99.345008850097656,120.47000122070312,24.32489013671875,37.048915863037109
2019-04-25,262.41281127929688,99.200263977050781,120.56999969482422,24.248981475830078,36.998126983642578
2019-04-26,263.634765625,99.537971496582031,121.37000274658203,23.934530258178711,37.142024993896484
2019-04-29,264.04812622070312,98.902809143066406,120.83000183105469,23.912843704223633,37.218204498291016
2019-04-30,264.18280029296875,99.409317016601562,121.19999694824219,23.894765853881836,37.184349060058594
2019-05-01,262.19711303710938,99.819389343261719,120.40000152587891,23.417671203613281,36.905025482177734
2019-05-02,261.63104248046875,99.344085693359375,119.94000244140625,23.009248733520508,36.989673614501953
2019-05-03,264.19186401367188,99.626052856445312,120.65000152587891,23.222494125366211,37.429821014404297
2019-05-06,263.10470581054688,99.899932861328125,120.80999755859375,23.244178771972656,36.659553527832031
2019-05-07,258.71087646484375,100.66534423828125,121.20999908447266,23.041770935058594,35.940071105957031
2019-05-08,258.35153198242188,100.23028564453125,120.91000366210938,23.041770935058594,35.889297485351562
2019-05-09,257.56979370117188,100.64115905761719,121.19999694824219,23.041770935058594,35.322174072265625
2019-05-10,258.86370849609375,100.50421905517578,121.43000030517578,23.150211334228516,35.533775329589844
2019-05-13,252.35830688476562,101.29373931884766,122.66999816894531,22.752620697021484,34.348758697509766
2019-05-14,254.64065551757812,100.99565124511719,122.45999908447266,23.030929565429688,34.831226348876953
2019-05-15,256.1322021484375,101.61599731445312,122.38999938964844,23.150211334228516,34.898948669433594
2019-05-16,258.50418090820312,101.277587890625,121.51000213623047,23.276714324951172,34.729656219482422
2019-05-17,256.8330078125,101.50321960449219,120.65000152587891,23.041770935058594,34.103290557861328
2019-05-20,255.134765625,101.29373931884766,120.63999938964844,23.052608489990234,33.959384918212891
2019-05-21,257.43502807617188,101.13259124755859,120.36000061035156,23.32008171081543,34.391078948974609
2019-05-22,256.64425659179688,101.71266174316406,120.23999786376953,22.958641052246094,34.221790313720703
2019-05-23,253.50849914550781,102.85665130615234,121.16999816894531,22.188777923583984,33.781635284423828
2019-05-24,254.08348083496094,102.94528198242188,121.30000305175781,22.271907806396484,33.815498352050781
2019-05-28,251.72041320800781,103.68647766113281,120.83000183105469,22.040590286254883,33.934005737304688
2019-05-29,250.03118896484375,104.00068664550781,120.87000274658203,21.899625778198242,34.154079437255859
2019-05-30,250.714111328125,104.89492797851562,121.69000244140625,21.621316909790039,34.340293884277344
2019-05-31,247.335693359375,106.20812225341797,123.33000183105469,21.24180793762207,34.45880126953125
2019-06-03,246.70668029785156,106.91860961914062,125.11000061035156,21.512886047363281,34.771980285644531
2019-06-04,252.06187438964844,105.69955444335938,125.15000152587891,21.885168075561523,34.848159790039062
2019-06-05,254.24526977539062,105.10213470458984,125.47000122070312,21.643003463745117,34.568836212158203
2019-06-06,255.89854431152344,105.44118499755859,125.87999725341797,22.044200897216797,34.585765838623047
2019-06-07,258.45919799804688,106.35348510742188,126.58999633789062,22.145408630371094,34.85662841796875
2019-06-10,259.64535522460938,105.35243225097656,125.33000183105469,22.210464477539062,35.220603942871094
2019-06-11,259.58251953125,105.41697692871094,125.18000030517578,22.253839492797852,35.618434906005859
2019-06-12,259.124267578125,105.49774932861328,125.83000183105469,21.939386367797852,35.237529754638672
2019-06-13,260.19342041015625,105.86103820800781,126.59999847412109,22.196002960205078,35.178272247314453
2019-06-14,259.90591430664062,106.12744140625,126.55999755859375,22.051433563232422,34.788906097412109
2019-06-17,260.00469970703125,106.31304931640625,126.48000335693359,22.23576545715332,34.926231384277344
2019-06-18,262.72732543945312,106.84591674804688,127.12000274658203,22.542989730834961,35.770595550537109
2019-06-19,263.32028198242188,106.99928283691406,127.88999938964844,22.517683029174805,36.069107055664062
2019-06-20,265.836181640625,107.28188323974609,131.11000061035156,23.016473770141602,36.597908020019531
2019-06-21,265.44970703125,106.10321807861328,131.97999572753906,23.182794570922852,36.478504180908203
2019-06-24,265.12472534179688,106.89438629150391,133.94000244140625,22.974895477294922,36.427333831787109
2019-06-25,262.52432250976562,107.225341796875,134.19999694824219,22.792522430419922,36.052055358886719
2019-06-26,262.2625732421875,106.53914642333984,132.97000122070312,23.142675399780273,36.393211364746094
2019-06-27,263.1925048828125,107.2899169921875,132.83999633789062,22.971242904663086,36.649082183837891
2019-06-28,264.5467529296875,107.21727752685547,133.19999694824219,23.23750114440918,36.597908020019531
2019-07-01,266.948486328125,106.96649932861328,130.6199951171875,23.259395599365234,37.032886505126953
2019-07-02,267.64376831054688,107.79159545898438,133.41000366210938,22.887355804443359,36.939071655273438
2019-07-03,269.78359985351562,108.56004333496094,133.6300048828125,22.978540420532227,36.870834350585938
2019-07-05,269.47659301757812,107.12017059326172,132.13999938964844,23.011367797851562,36.614967346191406
2019-07-08,267.995849609375,107.26578521728516,131.28999328613281,23.044193267822266,36.393211364746094
2019-07-09,268.32989501953125,107.22531890869141,131.75,23.062429428100586,36.282333374023438
2019-07-10,269.612060546875,106.63484191894531,133.83000183105469,23.357872009277344,36.589378356933594
2019-07-11,270.24411010742188,105.21125793457031,132.69999694824219,23.405282974243164,36.521144866943359
2019-07-12,271.453857421875,105.33263397216797,133.52999877929688,23.503765106201172,36.546737670898438
2019-07-15,271.54425048828125,105.93923950195312,133.52999877929688,23.292217254638672,36.683200836181641
2019-07-16,270.66836547851562,105.62375640869141,132.39999389648438,23.044193267822266,36.632030487060547
2019-07-17,268.8265380859375,106.76435089111328,134.58000183105469,22.781579971313477,36.521144866943359
2019-07-18,269.8106689453125,106.77239227294922,136.47999572753906,22.785226821899414,36.742904663085938
2019-07-19,268.3118896484375,106.52162170410156,134.47000122070312,22.891000747680664,36.555263519287109
2019-07-22,268.970947265625,106.723876953125,134.44999694824219,22.99677848815918,36.563793182373047
2019-07-23,270.89410400390625,106.14145660400391,133.69000244140625,23.058782577514648,36.606433868408203
2019-07-24,272.167236328125,106.60248565673828,134.3699951171875,23.157266616821289,36.666145324707031
2019-07-25,270.86709594726562,106.09295654296875,133.41999816894531,22.894655227661133,36.342044830322266
2019-07-26,272.68185424804688,106.34366607666016,133.63999938964844,22.777935028076172,36.418800354003906
2019-07-29,272.18527221679688,106.37602996826172,134.52999877929688,22.68675422668457,36.350563049316406
2019-07-30,271.5172119140625,106.63484191894531,134.97999572753906,22.942071914672852,36.069107055664062
2019-07-31,268.54666137695312,107.4923095703125,133.21000671386719,22.869119644165039,35.625602722167969
2019-08-01,266.20816040039062,109.62708282470703,136.41000366210938,22.351188659667969,34.926231384277344
2019-08-02,264.2037353515625,110.64021301269531,135.88999938964844,22.030221939086914,34.585071563720703
2019-08-05,256.25836181640625,112.55300903320312,137.78999328613281,21.373693466186523,33.305717468261719
2019-08-06,259.85177612304688,113.45263671875,138.91000366210938,21.348154067993164,33.783344268798828
2019-08-07,260.00527954101562,113.49317932128906,141.02000427246094,21.187671661376953,33.936859130859375
2019-08-08,265.1065673828125,113.73632049560547,141.72999572753906,21.796787261962891,34.354785919189453
2019-08-09,263.30084228515625,113.50937652587891,141.25999450683594,21.556058883666992,34.005092620849609
2019-08-12,260.09561157226562,115.87603759765625,142.6300048828125,21.300741195678711,33.595706939697266
2019-08-13,264.1405029296875,115.47892761230469,141.77999877929688,21.497703552246094,34.022148132324219
2019-08-14,256.33056640625,118.08055877685547,142.75,20.655157089233398,33.04132080078125
2019-08-15,257.0076904296875,119.39357757568359,143.69999694824219,20.527494430541992,33.263072967529297
2019-08-16,260.79983520507812,118.43718719482422,142.77999877929688,20.797405242919922,33.723636627197266
2019-08-19,263.94195556640625,116.74322509765625,141.11000061035156,21.256973266601562,33.860099792480469
2019-08-20,261.91946411132812,117.95089721679688,142.21000671386719,21.078254699707031,33.928333282470703
2019-08-21,264.0501708984375,117.16468811035156,141.75999450683594,21.21320915222168,34.252437591552734
2019-08-22,263.96893310546875,116.38662719726562,141.39999389648438,21.118373870849609,33.808929443359375
2019-08-23,257.18829345703125,118.29938507080078,144.16999816894531,20.410781860351562,33.305717468261719
2019-08-26,260.03237915039062,117.82119750976562,144.19000244140625,20.498319625854492,33.484821319580078
2019-08-27,259.01205444335938,119.63673400878906,145.57000732421875,20.370658874511719,33.544532775878906
2019-08-28,260.83599853515625,119.79072570800781,145.16000366210938,20.662450790405273,33.638343811035156
2019-08-29,264.16757202148438,119.3369140625,144.1199951171875,20.965183258056641,34.013626098632812
2019-08-30,264.0501708984375,119.36927795410156,143.75,20.965183258056641,34.278022766113281
2019-09-03,262.50628662109375,119.52352142333984,145.75,20.863056182861328,34.064796447753906
2019-09-04,265.48583984375,119.70214080810547,146.66000366210938,21.154851913452148,34.636245727539062
2019-09-05,268.89877319335938,117.5343017578125,143.13999938964844,21.417461395263672,35.028572082519531
2019-09-06,269.10641479492188,118.37055969238281,141.91999816894531,21.530527114868164,35.182090759277344
2019-09-09,269.24188232421875,116.26765441894531,141.38999938964844,21.960922241210938,35.29296875
2019-09-10,269.17864990234375,114.22972106933594,140.17999267578125,22.219886779785156,35.318561553955078
2019-09-11,271.09280395507812,114.02674865722656,141.02999877929688,22.241771697998047,35.565898895263672
2019-09-12,272.03179931640625,113.27981567382812,141.32000732421875,22.103172302246094,35.821769714355469
2019-09-13,271.85122680664062,110.86026000976562,140.14999389648438,22.278238296508789,36.026470184326172
2019-09-16,271.0115966796875,112.27298736572266,141.32000732421875,23.025955200195312,35.745006561279297
2019-09-17,271.69781494140625,112.88191986083984,141.60000610351562,22.704988479614258,35.745006561279297
2019-09-18,271.86029052734375,113.36099243164062,140.71000671386719,22.595565795898438,35.600021362304688
2019-09-19,271.8421630859375,113.70196533203125,141.27999877929688,22.537210464477539,35.455020904541016
2019-09-20,270.55776977539062,115.20406341552734,142.94999694824219,22.555606842041016,35.489147186279297
2019-09-23,270.49429321289062,115.17975616455078,143.75,22.562969207763672,35.52325439453125
2019-09-24,268.3717041015625,116.56808471679688,144.50999450683594,22.205942153930664,35.147979736328125
2019-09-25,269.9591064453125,114.863037109375,141.83000183105469,22.24275016784668,35.122398376464844
2019-09-26,269.39678955078125,115.60192108154297,141.78999328613281,21.951972961425781,35.113861083984375
2019-09-27,267.94546508789062,115.88609313964844,141.05999755859375,21.948287963867188,34.661823272705078
2019-09-30,269.1881103515625,116.17028045654297,138.8699951171875,21.790018081665039,34.857994079589844
2019-10-01,265.98617553710938,116.52002716064453,139.6300048828125,21.28575325012207,34.610652923583984
2019-10-02,261.28765869140625,116.80469512939453,141.25999450683594,20.763088226318359,34.346256256103516
2019-10-03,263.42831420898438,117.8701171875,141.89999389648438,20.98760986328125,34.789760589599609
2019-10-04,266.9930419921875,118.740478515625,141.89999389648438,21.120121002197266,34.943283081054688
2019-10-07,265.84112548828125,117.75625610351562,140.69000244140625,20.932397842407227,34.653301239013672
2019-10-08,261.71392822265625,118.07351684570312,141.91999816894531,20.575368881225586,34.405960083007812
2019-10-09,264.19931030273438,117.40653991699219,142.05000305175781,20.763088226318359,34.670364379882812
2019-10-10,265.98617553710938,115.65781402587891,140.80999755859375,21.024421691894531,35.028572082519531
2019-10-11,268.74365234375,114.22637176513672,140.02999877929688,21.307838439941406,35.591487884521484
2019-10-14,268.44430541992188,115.05596160888672,140.58999633789062,21.296804428100586,35.437965393066406
2019-10-15,271.10208129882812,113.6651611328125,139.61000061035156,21.385133743286133,35.7535400390625
2019-10-16,270.66665649414062,113.80345916748047,140.41000366210938,21.086994171142578,35.855892181396484
2019-10-17,271.46490478515625,113.52689361572266,140.61000061035156,21.101716995239258,35.992359161376953
2019-10-18,270.276611328125,113.52689361572266,140.46000671386719,20.991292953491211,35.804710388183594
2019-10-21,272.10885620117188,112.6728515625,139.78999328613281,21.366729736328125,36.128818511962891
2019-10-22,271.21994018554688,113.33168792724609,140.19999694824219,21.642786026000977,36.154399871826172
2019-10-23,272.00912475585938,113.445556640625,140.52999877929688,21.823146820068359,36.162940979003906
2019-10-24,272.45355224609375,113.21780395507812,141.52999877929688,21.731122970581055,36.162940979003906
2019-10-25,273.56924438476562,112.66474151611328,141.86000061035156,21.907800674438477,36.418800354003906
2019-10-28,275.11123657226562,111.63990783691406,140.63999938964844,21.782657623291016,36.632030487060547
2019-10-29,275.02957153320312,111.71310424804688,140.25,21.870990753173828,36.444385528564453
2019-10-30,275.8731689453125,113.34795379638672,141.02000427246094,21.425621032714844,36.606433868408203
2019-10-31,275.138427734375,114.87711334228516,142.42999267578125,21.333602905273438,36.316448211669922
2019-11-01,277.6873779296875,114.52346038818359,142.55999755859375,21.819459915161133,36.862308502197266
2019-11-04,278.802978515625,113.01609802246094,142.14999389648438,22.529850006103516,37.229053497314453
2019-11-05,278.49456787109375,111.74508666992188,139.85000610351562,22.559289932250977,37.442287445068359
2019-11-06,278.55807495117188,112.42134857177734,140.44999694824219,22.099205017089844,37.3228759765625
2019-11-07,279.53768920898438,110.38446807861328,138.27000427246094,22.430465698242188,37.595806121826172
2019-11-08,280.22708129882812,109.91995239257812,137.38999938964844,22.338445663452148,37.254638671875
2019-11-11,279.69195556640625,109.99333953857422,137.05999755859375,22.213300704956055,36.990242004394531
2019-11-12,280.28155517578125,110.49847412109375,137.42999267578125,22.099205017089844,36.751434326171875
2019-11-13,280.37222290039062,111.21548461914062,137.97999572753906,22.003499984741211,36.469966888427734
2019-11-14,280.78045654296875,112.36430358886719,138.55999755859375,21.944612503051758,36.495563507080078
2019-11-15,282.81216430664062,112.24210357666016,138.21000671386719,22.113920211791992,36.785545349121094
2019-11-18,283.02081298828125,112.44580078125,138.6199951171875,21.845226287841797,36.725845336914062
2019-11-19,282.93911743164062,113.38271331787109,138.69000244140625,21.521324157714844,36.802608489990234
2019-11-20,281.88693237304688,114.55604553222656,138.75999450683594,21.738487243652344,36.640556335449219
2019-11-21,281.43338012695312,113.83904266357422,138,22.095514297485352,36.563793182373047
2019-11-22,282.05929565429688,113.98567199707031,137.74000549316406,22.021905899047852,36.563793182373047
2019-11-25,284.24533081054688,114.31970977783203,137.08000183105469,22.043987274169922,36.930545806884766
2019-11-26,284.8892822265625,114.98781585693359,137.74000549316406,21.841545104980469,36.819656372070312
2019-11-27,286.15927124023438,114.65378570556641,137.00999450683594,21.896759033203125,36.862308502197266
2019-11-29,285.097900390625,114.40934753417969,137.86000061035156,21.675912857055664,36.282333374023438
2019-12-02,282.6761474609375,112.88393402099609,137.78999328613281,21.675912857055664,36.273807525634766
2019-12-03,280.78045654296875,115.25083160400391,139.11000061035156,21.352012634277344,36.086170196533203
2019-12-04,282.5128173828125,114.10004425048828,138.91999816894531,21.672233581542969,36.359100341796875
2019-12-05,283.02081298828125,113.54502105712891,139,21.569171905517578,36.521144866943359
2019-12-06,285.6058349609375,112.91661071777344,137.6199951171875,21.981414794921875,36.734371185302734
2019-12-09,284.7080078125,113.16148376464844,137.58000183105469,21.955646514892578,36.589378356933594
2019-12-10,284.39044189453125,113.16959381103516,137.97000122070312,21.999818801879883,36.717311859130859
2019-12-11,285.19772338867188,114.05923461914062,138.91999816894531,21.963008880615234,37.254638671875
2019-12-12,287.6558837890625,112.18206024169922,138.42999267578125,22.367891311645508,37.902843475341797
2019-12-13,287.82818603515625,113.47974395751953,139.05000305175781,22.198581695556641,37.885780334472656
2019-12-16,289.80551147460938,112.45954895019531,139.03999328613281,22.496719360351562,38.207233428955078
2019-12-17,289.86904907226562,112.30442810058594,139.00999450683594,22.511440277099609,38.555675506591797
2019-12-18,289.88720703125,111.38222503662109,139.02000427246094,22.596097946166992,38.764751434326172
2019-12-19,291.07553100585938,111.56040954589844,139.3800048828125,22.588737487792969,38.782169342041016
2019-12-20,292.35159301757812,111.70758056640625,139.52000427246094,22.805418014526367,38.860569000244141
2019-12-23,292.79830932617188,111.5440673828125,139.94999694824219,23.039566040039062,38.912837982177734
2019-12-24,292.80740356445312,111.8629150390625,141.27000427246094,23.028421401977539,38.825729370117188
2019-12-26,294.36611938476562,112.13266754150391,142.3800048828125,23.020986557006836,39.104484558105469
2019-12-27,294.2930908203125,112.25529479980469,142.33000183105469,22.924348831176758,39.261280059814453
2019-12-30,292.670654296875,111.84648132324219,142.6300048828125,22.852006912231445,38.999946594238281
2019-12-31,293.38165283203125,110.75116729736328,142.89999389648438,22.982152938842773,39.087062835693359
2020-01-02,296.12527465820312,112.00186920166016,143.94999694824219,23.188850402832031,39.879776000976562
2020-01-03,293.88299560546875,113.72670745849609,145.86000061035156,23.119949340820312,39.139324188232422
2020-01-06,295.00411987304688,113.08094024658203,147.38999938964844,23.299863815307617,39.043506622314453
2020-01-07,294.17465209960938,112.52498626708984,147.97000122070312,23.238616943359375,39.017368316650391
2020-01-08,295.74249267578125,111.78115081787109,146.86000061035156,22.855831146240234,39.243862152099609
2020-01-09,297.74774169921875,112.17349243164062,146.02999877929688,23.024261474609375,39.505195617675781
2020-01-10,296.89093017578125,113.17084503173828,146.91000366210938,22.894105911254883,39.714267730712891
2020-01-13,298.93283081054688,112.82746887207031,145.82000732421875,22.901769638061523,40.332756042480469
2020-01-14,298.47702026367188,113.40782928466797,145.69000244140625,22.905595779418945,40.106266021728516
2020-01-15,299.15158081054688,114.15996551513672,146.53999328613281,22.73716926574707,39.79266357421875
2020-01-16,301.63998413085938,113.80028533935547,146.30999755859375,22.775455474853516,40.0452880859375
2020-01-17,302.57879638671875,112.82746887207031,146.58000183105469,22.62999153137207,40.271774291992188
2020-01-21,301.98635864257812,114.01286315917969,146.74000549316406,22.224250793457031,39.252578735351562
2020-01-22,302.02279663085938,114.41340637207031,146.78999328613281,22.009891510009766,39.574886322021484
2020-01-23,302.36917114257812,115.21450042724609,147.1199951171875,21.925670623779297,39.16546630859375
2020-01-24,299.68020629882812,116.14640045166016,147.97999572753906,21.673042297363281,38.851852416992188
2020-01-27,294.87646484375,117.95307922363281,148.99000549316406,21.072078704833984,37.510337829589844
2020-01-28,297.96646118164062,117.02928161621094,147.66000366210938,21.167770385742188,37.823936462402344
2020-01-29,297.72042846679688,118.17377471923828,148.46000671386719,20.945760726928711,38.006874084472656
2020-01-30,298.68667602539062,118.19013214111328,148.47000122070312,21.114181518554688,37.440650939941406
2020-01-31,293.26312255859375,119.26918792724609,149.33000183105469,20.455801010131836,36.682773590087891
2020-02-03,295.44161987304688,119.17254638671875,148.36000061035156,20.187856674194336,37.092201232910156
2020-02-04,299.94461059570312,117.56763458251953,146.42999267578125,20.260585784912109,38.050434112548828
2020-02-05,303.40826416015625,116.28205871582031,146.61000061035156,21.022314071655273,38.268207550048828
2020-02-06,304.4293212890625,116.80612945556641,147.39999389648438,20.807958602905273,38.303054809570312
2020-02-07,302.80673217773438,118.26364135742188,147.78999328613281,20.662498474121094,37.77166748046875
2020-02-10,305.06732177734375,118.59120178222656,148.16999816894531,20.559148788452148,37.980735778808594
2020-02-11,305.59600830078125,117.99341583251953,147.66000366210938,20.788818359375,38.477272033691406
2020-02-12,307.5648193359375,117.39565277099609,147.53999328613281,21.068248748779297,38.999946594238281
2020-02-13,307.23675537109375,117.84600067138672,148.3800048828125,21.003177642822266,38.485988616943359
2020-02-14,307.72900390625,118.36187744140625,149,20.892171859741211,38.50341796875
2020-02-18,306.9359130859375,119.17254638671875,150.91000366210938,20.719921112060547,38.250789642333984
2020-02-19,308.40353393554688,119.16436767578125,151.78999328613281,20.995515823364258,38.529541015625
2020-02-20,307.13644409179688,120.09786987304688,152.41000366210938,20.972553253173828,37.928470611572266
2020-02-21,303.97354125976562,121.21965026855469,154.69999694824219,20.723745346069336,37.710693359375
2020-02-24,293.89205932617188,123.02924346923828,156.08999633789062,19.766794204711914,36.299476623535156
2020-02-25,284.9864501953125,123.68430328369141,153.30000305175781,18.894058227539062,36.012012481689453
2020-02-26,283.93826293945312,123.02924346923828,153.97000122070312,18.323709487915039,36.299476623535156
2020-02-27,271.18612670898438,124.3638916015625,154,17.343793869018555,35.428363800048828
2020-02-28,270.04672241210938,127.17253112792969,148.3800048828125,17.328483581542969,35.297698974609375
2020-03-02,281.74154663085938,126.23683166503906,149.19999694824219,18.028966903686523,36.064277648925781
2020-03-03,273.67449951171875,128.19673156738281,153.88999938964844,17.477767944335938,35.82037353515625
2020-03-04,285.17794799804688,126.83547210693359,154.16000366210938,17.891166687011719,36.456283569335938
2020-03-05,275.69808959960938,129.99258422851562,157.49000549316406,17.236612319946289,35.689704895019531
2020-03-06,271.14056396484375,136.75791931152344,157.55000305175781,16.268178939819336,34.957962036132812
2020-03-09,249.96595764160156,140.46452331542969,157.80999755859375,12.991574287414551,32.571098327636719
2020-03-10,262.90036010742188,133.26458740234375,154.47999572753906,13.607851982116699,34.226222991943359
2020-03-11,250.08439636230469,128.36074829101562,153.92999267578125,12.888224601745605,32.632076263427734
2020-03-12,226.15705871582031,129.15617370605469,147.78999328613281,11.280547142028809,29.365383148193359
2020-03-13,245.49044799804688,126.23683166503906,143.27999877929688,12.321710586547852,31.482194900512695
2020-03-16,218.6279296875,134.41261291503906,141.63999938964844,10.645130157470703,27.553455352783203
2020-03-17,230.43208312988281,125.44957733154297,143.55999755859375,10.717859268188477,29.452495574951172
2020-03-18,218.7646484375,118.37272644042969,140.69999694824219,9.1790800094604492,26.908828735351562
2020-03-19,219.22950744628906,121.59539794921875,138.03999328613281,9.8030118942260742,27.117897033691406
2020-03-20,209.78199768066406,130.73883056640625,140.11000061035156,9.8987064361572266,27.318256378173828
2020-03-23,204.41824340820312,136.12651062011719,146.30000305175781,9.2240285873413086,26.664918899536133
2020-03-24,222.93919372558594,133.5926513671875,153.39999389648438,10.703317642211914,28.668485641479492
2020-03-25,226.27664184570312,133.2891845703125,151.30000305175781,11.20815372467041,29.678985595703125
2020-03-26,239.48892211914062,133.94514465332031,153.24000549316406,11.893007278442383,30.802728652954102
2020-03-27,232.3555908203125,137.52059936523438,152.25,11.086833953857422,29.051780700683594
2020-03-30,239.90142822265625,136.38896179199219,152.91999816894531,11.200325012207031,29.530900955200195
2020-03-31,236.32566833496094,135.28190612792969,148.05000305175781,11.372518539428711,29.731252670288086
2020-04-01,225.68988037109375,137.17723083496094,149.44999694824219,10.808979034423828,28.459417343139648
2020-04-02,230.89775085449219,138.04782104492188,151.89999389648438,11.799083709716797,29.417652130126953
2020-04-03,227.56033325195312,138.37631225585938,152.64999389648438,11.673855781555176,28.860136032104492
2020-04-06,242.84465026855469,138.01490783691406,156.8800048828125,12.292181968688965,30.436851501464844
2020-04-07,243.09220886230469,136.56959533691406,156.03999328613281,12.554383277893066,30.593658447265625
2020-04-08,251.25241088867188,135.57591247558594,154.64999389648438,13.391865730285645,30.907258987426758
2020-04-09,255.07582092285156,135.822265625,158.69000244140625,13.27054500579834,30.794013977050781
2020-04-13,252.74696350097656,134.58221435546875,161.41000366210938,13.227496147155762,30.83757209777832
2020-04-14,260.20123291015625,134.54939270019531,162.67999267578125,13.164880752563477,31.543176651000977
2020-04-15,254.67245483398438,138.11343383789062,161.85000610351562,12.54655647277832,30.733039855957031
2020-04-16,255.90106201171875,139.68197631835938,161.71000671386719,12.010411262512207,30.898550033569336
2020-04-17,262.81430053710938,137.80967712402344,158.57000732421875,13.286198616027832,31.58673095703125
2020-04-20,258.18408203125,138.91819763183594,159.69999694824219,12.871373176574707,31.186019897460938
2020-04-21,250.34481811523438,140.66748046875,158.61000061035156,12.644393920898438,30.323614120483398
2020-04-22,255.90106201171875,139.2303466796875,161.72999572753906,13.094438552856445,31.15117073059082
2020-04-23,255.88267517089844,139.96942138671875,163.33999633789062,13.517093658447266,31.037921905517578
2020-04-24,259.44931030273438,140.29798889160156,162.63999938964844,13.548402786254883,30.994375228881836
2020-04-27,263.19021606445312,137.68643188476562,161.55999755859375,13.841911315917969,31.621578216552734
2020-04-28,261.97998046875,139.27133178710938,160.83999633789062,14.158902168273926,31.682552337646484
2020-04-29,268.83819580078125,138.54866027832031,161.72999572753906,15.207709312438965,32.605934143066406
2020-04-30,266.33511352539062,136.93093872070312,158.80000305175781,14.871150970458984,31.917758941650391
2020-05-01,259.28424072265625,138.10350036621094,159.77999877929688,14.029758453369141,30.767887115478516
2020-05-04,259.99948120117188,137.45390319824219,160.33999633789062,14.515026092529297,31.098907470703125
2020-05-05,262.40170288085938,136.57398986816406,161.02000427246094,14.526763916015625,31.27313232421875
2020-05-06,260.62289428710938,134.37028503417969,158.94999694824219,14.147158622741699,31.177310943603516
2020-05-07,263.76785278320312,136.61515808105469,161.38999938964844,14.515026092529297,31.429931640625
2020-05-08,268.13223266601562,134.83897399902344,160.41999816894531,15.176396369934082,32.091987609863281
2020-05-11,268.18719482421875,133.78652954101562,159.41999816894531,14.910284996032715,31.882905960083008
2020-05-12,262.84185791015625,135.15965270996094,160.03999328613281,14.648087501525879,31.760957717895508
2020-05-13,258.19320678710938,136.10531616210938,161.58000183105469,13.982797622680664,31.699981689453125
2020-05-14,261.28311157226562,137.43743896484375,163.00999450683594,14.139335632324219,31.821937561035156
2020-05-15,262.48416137695312,137.0838623046875,163.92999267578125,14.084545135498047,31.386375427246094
2020-05-18,270.47943115234375,134.07432556152344,162.69000244140625,15.235104560852051,32.614654541015625
2020-05-19,267.70126342773438,134.57585144042969,164.25999450683594,14.80853271484375,32.353324890136719
2020-05-20,272.2490234375,134.978759765625,164.64999389648438,15.399470329284668,32.780162811279297
2020-05-21,270.36935424804688,135.31597900390625,162.25,15.152923583984375,32.405586242675781
2020-05-22,270.8828125,136.12997436523438,163.21000671386719,15.058999061584473,31.734825134277344
2020-05-26,274.22024536132812,134.30450439453125,160.88999938964844,15.477733612060547,32.431724548339844
2020-05-27,278.3004150390625,134.05772399902344,161.17999267578125,15.677327156066895,32.536251068115234
2020-05-28,277.78692626953125,133.56448364257812,161.72000122070312,15.239017486572266,32.309768676757812
2020-05-29,279.02471923828125,134.51835632324219,162.91000366210938,15.168576240539551,32.867267608642578
2020-06-01,280.15249633789062,133.61260986328125,163.66000366210938,15.434690475463867,33.625148773193359
2020-06-02,282.47219848632812,133.12680053710938,162.60000610351562,15.865166664123535,34.426578521728516
2020-06-03,286.2314453125,131.356689453125,159.60000610351562,16.33087158203125,35.228008270263672
2020-06-04,285.47955322265625,129.45472717285156,161.27999877929688,16.334785461425781,34.731468200683594
2020-06-05,292.79629516601562,128.53254699707031,158.00999450683594,17.547958374023438,35.646141052246094
2020-06-08,296.33538818359375,129.02653503417969,159.72000122070312,18.338479995727539,35.863922119140625
2020-06-09,294.12576293945312,130.49220275878906,161.25999450683594,17.64970588684082,35.620006561279297
2020-06-10,292.4844970703125,132.42703247070312,163.57000732421875,16.780918121337891,35.881340026855469
2020-06-11,275.62307739257812,134.92997741699219,162.38999938964844,15.199882507324219,34.008438110351562
2020-06-12,278.92388916015625,133.62905883789062,162.6199951171875,15.583402633666992,34.731468200683594
2020-06-15,281.52786254882812,133.70318603515625,162.33000183105469,15.630363464355469,34.416046142578125
2020-06-16,286.94659423828125,131.653076171875,162.25,16.080411911010742,34.635093688964844
2020-06-17,285.75466918945312,132.19642639160156,162.55999755859375,15.532529830932617,34.968040466308594
2020-06-18,285.8646240234375,133.59614562988281,162.24000549316406,15.724283218383789,34.985561370849609
2020-06-19,284.23095703125,133.70318603515625,164.02999877929688,15.485566139221191,34.976791381835938
2020-06-22,286.05435180664062,133.7197265625,165.08999633789062,15.557304382324219,35.406116485595703
2020-06-23,287.3712158203125,132.80570983886719,166.47999572753906,15.573159217834473,35.747825622558594
2020-06-24,280.0406494140625,134.23014831542969,165.89999389648438,14.709088325500488,35.274696350097656
2020-06-25,283.04293823242188,134.61711120605469,165.80000305175781,14.99050235748291,35.423652648925781
2020-06-26,276.32028198242188,136.05801391601562,166.53999328613281,14.47126579284668,34.994319915771484
2020-06-29,280.38162231445312,135.62980651855469,166.6300048828125,14.665487289428711,35.152034759521484
2020-06-30,283.9730224609375,134.97111511230469,167.3699951171875,15.002395629882812,35.038127899169922
2020-07-01,285.96221923828125,134.70906066894531,166.6199951171875,14.637742042541504,35.432407379150391
2020-07-02,287.53704833984375,134.84922790527344,166.97999572753906,14.800251960754395,36.238491058349609
2020-07-06,291.97579956054688,134.29681396484375,167.97999572753906,14.843852996826172,37.798076629638672
2020-07-07,288.96441650390625,136.18455505371094,169.03999328613281,14.372175216674805,37.167224884033203
2020-07-08,291.17462158203125,135.64051818847656,170.08999633789062,14.360283851623535,38.131019592285156
2020-07-09,289.5169677734375,137.80020141601562,169.6300048828125,13.65079402923584,38.131019592285156
2020-07-10,292.47311401367188,137.10774230957031,169.19000244140625,14.086792945861816,37.885688781738281
2020-07-13,289.94064331054688,137.5611572265625,169.39999389648438,14.011483192443848,37.631595611572266
2020-07-14,293.69793701171875,137.75894165039062,170.19000244140625,14.502976417541504,37.684169769287109
2020-07-15,296.39627075195312,137.11604309082031,170.33999633789062,14.816106796264648,37.798076629638672
2020-07-16,295.4200439453125,137.76718139648438,168.72999572753906,14.748722076416016,37.263603210449219
2020-07-17,296.27642822265625,137.47869873046875,170.1199951171875,14.542614936828613,37.473888397216797
2020-07-20,298.6707763671875,137.81666564941406,170.94000244140625,14.300832748413086,37.955780029296875
2020-07-21,299.30621337890625,137.89912414550781,173,15.164907455444336,38.306251525878906
2020-07-22,301.01004028320312,138.31124877929688,175.6300048828125,14.978617668151855,38.139778137207031
2020-07-23,297.4183349609375,139.92686462402344,177.17999267578125,14.950873374938965,37.833118438720703
2020-07-24,295.5029296875,139.91864013671875,178.69999694824219,14.867631912231445,37.798076629638672
2020-07-27,297.65786743164062,139.39936828613281,182.22999572753906,14.883489608764648,38.385101318359375
2020-07-28,295.77001953125,140.36376953125,183.75,14.629813194274902,38.069683074951172
2020-07-29,299.4075927734375,140.12474060058594,185.1300048828125,14.935012817382812,38.683010101318359
2020-07-30,298.33929443359375,141.04800415039062,183.75999450683594,14.348397254943848,38.192352294921875
2020-07-31,300.69686889648438,140.95729064941406,185.42999267578125,14.281009674072266,37.929500579833984
2020-08-03,302.787353515625,140.24760437011719,185.63999938964844,14.332540512084961,38.192352294921875
2020-08-04,303.95693969726562,141.58448791503906,189.58999633789062,14.681339263916016,38.700527191162109
2020-08-05,305.84478759765625,140.3466796875,191.35000610351562,14.835926055908203,39.121089935302734
2020-08-06,307.88916015625,141.13064575195312,193.88999938964844,14.717011451721191,39.243759155273438
2020-08-07,308.11029052734375,140.18980407714844,190.80999755859375,14.736831665039062,38.437671661376953
2020-08-10,309.03121948242188,139.56260681152344,190.14999389648438,15.192652702331543,38.534061431884766
2020-08-11,306.48016357421875,137.9039306640625,179.94000244140625,15.141125679016113,38.428920745849609
2020-08-12,310.75323486328125,136.64961242675781,179.10000610351562,15.291744232177734,38.94586181640625
2020-08-13,310.19143676757812,135.18899536132812,183.33000183105469,14.994472503662109,38.831958770751953
2020-08-14,310.20074462890625,134.66073608398438,182.53999328613281,15.137160301208496,38.761867523193359
2020-08-17,311.18609619140625,134.99916076660156,186.5,15.049960136413574,39.252517700195312
2020-08-18,311.85845947265625,135.96467590332031,188.17999267578125,14.859706878662109,39.208709716796875
2020-08-19,310.55987548828125,135.11463928222656,182.24000549316406,14.689269065856934,38.726821899414062
2020-08-20,311.52682495117188,136.33601379394531,183.5,14.372175216674805,38.604152679443359
2020-08-21,312.63192749023438,137.15298461914062,182.02999877929688,14.281009674072266,38.796913146972656
2020-08-24,315.79989624023438,136.93022155761719,181,14.67341423034668,39.226234436035156
2020-08-25,316.90496826171875,135.88217163085938,181.22000122070312,14.467302322387695,39.620513916015625
2020-08-26,320.08218383789062,135.36225891113281,183.36000061035156,14.162104606628418,39.725654602050781
2020-08-27,320.78204345703125,133.05982971191406,181.24000549316406,14.189850807189941,39.392711639404297
2020-08-28,322.85406494140625,132.96089172363281,184.38999938964844,14.443524360656738,39.909645080566406
2020-08-31,321.6844482421875,133.84379577636719,184.83000183105469,14.130396842956543,39.02471923828125
2020-09-01,324.71432495117188,135.37467956542969,185.05000305175781,14.035265922546387,39.690601348876953
2020-09-02,329.41094970703125,136.6634521484375,182.6199951171875,13.96788501739502,39.585460662841797
2020-09-03,318.07464599609375,137.05178833007812,181.13999938964844,13.864830017089844,38.831958770751953
2020-09-04,315.47760009765625,134.44935607910156,181.63999938964844,13.821227073669434,38.849483489990234
2020-09-08,306.8577880859375,135.27560424804688,181.28999328613281,13.31784725189209,38.174823760986328
2020-09-09,312.91748046875,134.91206359863281,183.05000305175781,13.409010887145996,38.744335174560547
2020-09-10,307.4840087890625,135.5977783203125,182.46000671386719,12.91751766204834,38.122249603271484
2020-09-11,307.64059448242188,135.88688659667969,182.44999694824219,12.929409980773926,38.490249633789062
2020-09-14,311.69259643554688,135.87858581542969,183.88999938964844,13.028500556945801,39.112335205078125
2020-09-15,313.26742553710938,135.54820251464844,183.44999694824219,12.93337345123291,39.524135589599609
2020-09-16,312.02413940429688,135.14338684082031,183.97000122070312,13.452610015869141,39.471565246582031
2020-09-17,309.27981567382812,135.55647277832031,182.96000671386719,13.472429275512695,39.313854217529297
2020-09-18,305.71917724609375,135.13507080078125,183.19999694824219,13.321810722351074,39.007190704345703
2020-09-21,302.31661987304688,135.82080078125,179.52000427246094,12.880247116088867,38.647960662841797
2020-09-22,305.39553833007812,135.71339416503906,178.64999389648438,12.747296333312988,38.358821868896484
2020-09-23,298.31307983398438,135.89520263671875,174.78999328613281,12.171169281005859,37.763031005859375
2020-09-24,299.10824584960938,136.41563415527344,175.44000244140625,12.167140960693359,37.587787628173828
2020-09-25,303.9439697265625,136.41563415527344,174.94000244140625,12.159084320068359,37.622837066650391
2020-09-28,308.99227905273438,136.02734375,176.69999694824219,12.445130348205566,38.043399810791016
2020-09-29,307.30953979492188,136.18437194824219,178.19000244140625,12.102680206298828,38.017112731933594
2020-09-30,309.6395263671875,134.87899780273438,177.1199951171875,12.066417694091797,38.630439758300781
2020-10-01,311.6273193359375,135.10147094726562,178.69999694824219,11.695765495300293,38.989673614501953
2020-10-02,308.66873168945312,134.59698486328125,178.53999328613281,11.808572769165039,38.542819976806641
2020-10-05,314.14230346679688,131.96705627441406,179.41000366210938,12.163112640380859,39.059761047363281
2020-10-06,309.67642211914062,132.6783447265625,177.30000305175781,11.981812477111816,39.129852294921875
2020-10-07,315.06683349609375,131.71072387695312,177.22000122070312,12.151023864746094,39.559185028076172
2020-10-08,317.85919189453125,132.42189025878906,177.85000610351562,12.606285095214844,39.883358001708984
2020-10-09,320.69769287109375,132.39717102050781,181.08000183105469,12.40484619140625,40.154979705810547
2020-10-12,325.85690307617188,132.81890869140625,180.55999755859375,12.437073707580566,40.505443572998047
2020-10-13,323.73043823242188,133.77001953125,177.72000122070312,12.243688583374023,40.338973999023438
2020-10-14,321.69625854492188,134.07595825195312,178.27000427246094,12.296064376831055,40.067363739013672
2020-10-15,321.2987060546875,133.84440612792969,178.91999816894531,12.445130348205566,39.778228759765625
2020-10-16,321.10452270507812,133.47222900390625,178.30000305175781,12.163112640380859,39.918411254882812
2020-10-19,316.22265625,132.96769714355469,178.38999938964844,11.905264854431152,39.804508209228516
2020-10-20,317.48931884765625,131.702392578125,179.25,12.046276092529297,40.242591857910156
2020-10-21,316.88836669921875,131.24760437011719,180.60000610351562,11.816630363464355,40.356502532958984
2020-10-22,318.62655639648438,129.88302612304688,178.83000183105469,12.304120063781738,40.347732543945312
2020-10-23,319.70840454101562,130.67689514160156,178.63999938964844,12.243688583374023,40.584297180175781
2020-10-26,313.80023193359375,131.89262390136719,178.55000305175781,11.804545402526855,40.058597564697266
2020-10-27,312.71844482421875,132.77754211425781,179.02000427246094,11.651449203491211,40.233829498291016
2020-10-28,302.03005981445312,132.90164184570312,176.1300048828125,11.163956642150879,39.226234436035156
2020-10-29,305.09967041015625,131.61141967773438,175.39999389648438,11.50640869140625,39.620513916015625
2020-10-30,301.91909790039062,130.31306457519531,176.19999694824219,11.570869445800781,39.173660278320312
2020-11-02,305.30303955078125,131.28907775878906,177.91000366210938,11.965699195861816,39.673080444335938
2020-11-03,310.69351196289062,130.52742004394531,178.91999816894531,11.897209167480469,39.848316192626953
2020-11-04,317.63729858398438,133.35894775390625,178.82000732421875,11.913322448730469,41.101245880126953
2020-11-05,323.83209228515625,133.59074401855469,182.92999267578125,11.913322448730469,41.80218505859375
2020-11-06,323.75808715820312,131.97630310058594,183.19000244140625,11.655476570129395,41.99493408203125
2020-11-09,327.82635498046875,129.202880859375,175.08000183105469,13.319395065307617,42.284069061279297
2020-11-10,327.3455810546875,128.45773315429688,175.66000366210938,13.750482559204102,41.80218505859375
2020-11-11,329.77725219726562,128.92134094238281,174.89999389648438,13.609470367431641,42.073795318603516
2020-11-12,326.57821655273438,131.11526489257812,175.96000671386719,13.170323371887207,41.758369445800781
2020-11-13,331.09942626953125,130.94140625,177.16000366210938,13.649758338928223,42.345413208007812
2020-11-16,335.23239135742188,130.62686157226562,177.14999389648438,14.54819393157959,42.871105194091797
2020-11-17,333.42947387695312,131.47953796386719,176.5,14.697262763977051,42.827293395996094
2020-11-18,329.41665649414062,131.8603515625,175.49000549316406,14.270197868347168,42.678356170654297
2020-11-19,330.80355834960938,132.53932189941406,175.16000366210938,14.503879547119141,42.748451232910156
2020-11-20,328.53836059570312,133.71488952636719,175.69000244140625,14.42733097076416,42.985015869140625
2020-11-23,330.50762939453125,133.10221862792969,172.22999572753906,15.446627616882324,43.098922729492188
2020-11-24,335.8333740234375,131.77757263183594,169.58999633789062,16.240314483642578,43.677188873291016
2020-11-25,335.31570434570312,131.37197875976562,169.50999450683594,15.861604690551758,43.431858062744141
2020-11-27,336.24951171875,132.64692687988281,167.78999328613281,15.676272392272949,43.843666076660156
2020-11-30,334.7608642578125,132.4813232421875,166.66999816894531,14.810066223144531,42.695877075195312
2020-12-01,338.42236328125,130.52798461914062,170.17999267578125,14.878562927246094,43.536991119384766
2020-12-02,339.13421630859375,129.4920654296875,171.46000671386719,15.362021446228027,43.598331451416016
2020-12-03,339.04177856445312,130.53627014160156,172.80999755859375,15.523177146911621,44.097755432128906
2020-12-04,341.9635009765625,128.62184143066406,172.32000732421875,16.369239807128906,44.553367614746094
2020-12-07,341.26080322265625,129.78211975097656,174.88999938964844,15.986499786376953,44.553367614746094
2020-12-08,342.25949096679688,130.39533996582031,175.5,16.224197387695312,44.570884704589844
2020-12-09,339.18972778320312,129.96441650390625,172.5,16.260456085205078,44.185371398925781
2020-12-10,339.07879638671875,131.11642456054688,172.16999816894531,16.760028839111328,44.7548828125
2020-12-11,338.68112182617188,131.5804443359375,172.49000549316406,16.566648483276367,44.439460754394531
2020-12-14,337.16488647460938,131.21577453613281,171.53999328613281,15.986499786376953,44.208415985107422
2020-12-15,341.72314453125,130.776611328125,173.94000244140625,16.300745010375977,44.686443328857422
2020-12-16,342.25949096679688,130.42848205566406,174.89999389648438,16.220165252685547,44.898895263671875
2020-12-17,344.17327880859375,130.08341979980469,176.74000549316406,16.143621444702148,45.191020965576172
2020-12-18,342.799072265625,129.69346618652344,176.44000244140625,15.873689651489258,45.137908935546875
2020-12-21,341.57333374023438,130.20790100097656,175.8800048828125,15.567480087280273,44.473976135253906
2020-12-22,340.9976806640625,130.87982177734375,174.49000549316406,15.306187629699707,44.119899749755859
2020-12-23,341.30413818359375,129.97557067871094,175.64999389648438,15.645052909851074,44.571361541748047
2020-12-24,342.6319580078125,130.48991394042969,176.35000610351562,15.563400268554688,44.376609802246094
2020-12-28,345.57546997070312,130.54792785644531,175.71000671386719,15.465412139892578,44.500537872314453
2020-12-29,344.9161376953125,130.382080078125,176.35000610351562,15.363343238830566,45.164463043212891
2020-12-30,345.40826416015625,130.66415405273438,177.69999694824219,15.604227066040039,45.766422271728516
2020-12-31,347.1632080078125,130.85490417480469,178.36000061035156,15.473581314086914,45.7398681640625
2021-01-04,342.4368896484375,130.69731140136719,182.33000183105469,15.498074531555176,46.031993865966797
2021-01-05,344.79541015625,129.7266845703125,182.8699951171875,16.192142486572266,47.138530731201172
2021-01-06,346.85675048828125,127.06359100341797,179.89999389648438,16.686151504516602,46.740169525146484
2021-01-07,352.01019287109375,125.943603515625,179.47999572753906,16.931116104125977,47.182788848876953
2021-01-08,354.01583862304688,125.53707122802734,173.33999633789062,16.91070556640625,48.430961608886719
2021-01-11,351.62945556640625,125.32970428466797,173,17.176080703735352,47.775894165039062
2021-01-12,351.70379638671875,125.23016357421875,174.1199951171875,17.776239395141602,48.245067596435547
2021-01-13,352.65087890625,126.64049530029297,173.3699951171875,17.637426376342773,48.351284027099609
2021-01-14,351.41592407226562,125.45417022705078,173.27999877929688,18.160015106201172,48.802753448486328
2021-01-15,348.8531494140625,125.95193481445312,171.1300048828125,17.453706741333008,48.112281799316406
2021-01-19,351.59231567382812,126.35845947265625,172.58000183105469,17.804817199707031,48.908988952636719
2021-01-20,356.45791625976562,126.48289489746094,175.38999938964844,17.870147705078125,49.767658233642578
2021-01-21,356.78286743164062,125.59521484375,175.27999877929688,17.265901565551758,49.856189727783203
2021-01-22,355.52008056640625,126.00170135498047,173.89999389648438,17.176080703735352,49.422420501708984
2021-01-25,356.922119140625,127.48671722412109,174.05000305175781,17.000528335571289,49.794219970703125
2021-01-26,356.3651123046875,127.24612426757812,173.6199951171875,16.63715934753418,49.431266784667969
2021-01-27,347.65530395507812,127.56969451904297,172.52000427246094,16.412609100341797,48.059162139892578
2021-01-28,350.64520263671875,126.864501953125,172.67999267578125,16.604497909545898,48.395553588867188
2021-01-29,343.62539672851562,126.10127258300781,172.61000061035156,16.053327560424805,47.191638946533203
2021-02-01,349.34527587890625,126.24746704101562,174.22999572753906,16.167646408081055,48.46636962890625
2021-02-02,354.28509521484375,125.4334716796875,172.11000061035156,16.343204498291016,49.094879150390625
2021-02-03,354.56378173828125,124.32046508789062,171.85000610351562,17.041351318359375,49.342750549316406
2021-02-04,358.59356689453125,123.98826599121094,168.14999389648438,17.229154586791992,49.360454559326172
2021-02-05,360.0048828125,122.95006561279297,169.80999755859375,17.376136779785156,49.785362243652344
2021-02-08,362.60482788085938,123.48996734619141,171.52000427246094,18.102863311767578,49.873889923095703
2021-02-09,362.36343383789062,123.58128356933594,172.08000183105469,17.910970687866211,50.405025482177734
2021-02-10,362.20556640625,124.40357208251953,172.71000671386719,18.253921508789062,50.582073211669922
2021-02-11,362.79058837890625,123.72254180908203,171.21000671386719,17.972213745117188,51.1220703125
2021-02-12,364.5826416015625,122.1859130859375,170.69000244140625,18.237592697143555,51.166328430175781
2021-02-16,364.26693725585938,120.32542419433594,168.24000549316406,18.694860458374023,51.290256500244141
2021-02-17,364.3505859375,121.08956146240234,166.33000183105469,18.97248649597168,51.307968139648438
2021-02-18,362.79986572265625,120.59957122802734,166.32000732421875,18.543794631958008,50.599781036376953
2021-02-19,362.15911865234375,118.99652099609375,167.00999450683594,18.854085922241211,50.92730712890625
2021-02-22,359.37356567382812,118.09119415283203,169.50999450683594,19.507320404052734,49.431266784667969
2021-02-23,359.8099365234375,117.75065612792969,169.1199951171875,19.829864501953125,49.652580261230469
2021-02-24,363.77481079101562,116.97822570800781,169,20.532093048095703,49.333896636962891
2021-02-25,355.00933837890625,115.06788635253906,165.82000732421875,20.136068344116211,48.20965576171875
2021-02-26,353.18020629882812,118.87193298339844,161.80999755859375,19.658388137817383,47.563434600830078
2021-03-01,361.7413330078125,117.30191040039062,161.52999877929688,20.168729782104492,48.838169097900391
2021-03-02,358.91854858398438,117.31023406982422,162.41000366210938,20.058496475219727,48.360141754150391
2021-03-03,354.16448974609375,116.03791809082031,160.6199951171875,20.352449417114258,48.262771606445312
2021-03-04,349.78167724609375,115.28950500488281,159.03999328613281,20.838296890258789,47.138530731201172
2021-03-05,356.2164306640625,115.51408386230469,159.13999938964844,21.61810302734375,47.651962280273438
2021-03-08,354.44296264648438,114.61595153808594,157.49000549316406,21.658926010131836,46.368377685546875
2021-03-09,359.50357055664062,116.20426177978516,160.83999633789062,21.279232025146484,47.386383056640625
2021-03-10,361.7413330078125,116.43709564208984,161.66000366210938,21.818157196044922,47.173931121826172
2021-03-11,365.40908813476562,115.59720611572266,161.52000427246094,21.826316833496094,48.661125183105469
2021-03-12,365.90115356445312,113.14406585693359,161.49000549316406,21.871231079101562,47.793590545654297
2021-03-15,368.0833740234375,113.80929565429688,162.19999694824219,21.622180938720703,47.908672332763672
2021-03-16,367.6190185546875,113.35192108154297,162.35000610351562,21.00568962097168,48.112281799316406
2021-03-17,368.87246704101562,112.50372314453125,163.50999450683594,21.168998718261719,48.174247741699219
2021-03-18,363.50555419921875,111.36447143554688,162.55999755859375,20.217721939086914,47.289009094238281
2021-03-19,362.83291625976562,112.05466461181641,163.24000549316406,20.221805572509766,47.873264312744141
2021-03-22,365.73016357421875,113.31035614013672,163,20.027875900268555,47.73162841796875
2021-03-23,362.8515625,114.33314514160156,161.80999755859375,19.734931945800781,46.819843292236328
2021-03-24,361.00701904296875,114.94854736328125,162.3699951171875,20.23005485534668,45.74871826171875
2021-03-25,363.037841796875,114.04215240478516,161.77999877929688,20.304327011108398,45.961166381835938
2021-03-26,368.88821411132812,113.64301300048828,162.24000549316406,20.807708740234375,47.156238555908203
2021-03-29,368.70193481445312,112.67839050292969,160.30999755859375,20.560140609741211,46.828704833984375
2021-03-30,367.7237548828125,113.26877593994141,157.57000732421875,20.382722854614258,46.979183197021484
2021-03-31,369.2142333984375,112.63673400878906,159.96000671386719,20.242433547973633,47.21820068359375
2021-04-01,373.20144653320312,114.5062255859375,161.97999572753906,20.75819206237793,47.678520202636719
2021-04-05,378.55813598632812,114.00662231445312,161.91999816894531,20.2630615234375,47.864414215087891
2021-04-06,378.33447265625,114.78102874755859,163.22000122070312,20.209430694580078,48.129981994628906
2021-04-07,378.7723388671875,113.98163604736328,162.75999450683594,20.279569625854492,47.421802520751953
2021-04-08,380.5703125,114.92256927490234,164.50999450683594,20.015499114990234,47.811294555664062
2021-04-09,383.33706665039062,114.5062255859375,163.27000427246094,19.883466720581055,47.404098510742188
2021-04-12,383.47686767578125,114.45629119873047,162.27999877929688,19.726676940917969,47.120822906494141
2021-04-13,384.61334228515625,115.31396484375,163.42999267578125,19.747303009033203,47.315574645996094
2021-04-14,383.29983520507812,114.94751739501953,162.72000122070312,20.296073913574219,47.554588317871094
2021-04-15,387.41738891601562,116.87111663818359,165.35000610351562,20.131032943725586,47.988346099853516
2021-04-16,388.71231079101562,115.96347808837891,166.35000610351562,19.970111846923828,48.112281799316406
2021-04-19,386.80252075195312,115.63041687011719,165.88999938964844,19.949483871459961,47.935234069824219
2021-04-20,383.9705810546875,116.16330718994141,166.47999572753906,19.421346664428711,47.545742034912109
2021-04-21,387.60369873046875,116.396484375,168.1300048828125,19.668914794921875,47.837860107421875
2021-04-22,384.06369018554688,116.90446472167969,167.03999328613281,19.437854766845703,47.669658660888672
2021-04-23,388.22787475585938,116.62961578369141,166.39999389648438,19.615274429321289,48.360141754150391
2021-04-26,389.03839111328125,116.46308135986328,166.83999633789062,19.747303009033203,48.422111511230469
2021-04-27,388.95449829101562,115.44720458984375,166.41999816894531,19.986614227294922,48.395553588867188
2021-04-28,388.8427734375,115.52210235595703,166.91000366210938,20.67567253112793,48.758499145507812
2021-04-29,391.32077026367188,115.18076324462891,166.22000122070312,20.906728744506836,48.643424987792969
2021-04-30,388.74960327148438,115.44720458984375,165.66000366210938,20.378595352172852,47.784740447998047
2021-05-03,389.58798217773438,115.51638031005859,167.80999755859375,20.939735412597656,47.784740447998047
2021-05-04,387.18450927734375,116.30030059814453,166.58000183105469,20.952112197875977,47.244747161865234
2021-05-05,387.30563354492188,116.49210357666016,167.27000427246094,21.628787994384766,47.466064453125
2021-05-06,390.3984375,116.68391418457031,170.05999755859375,21.740194320678711,47.917526245117188
2021-05-07,393.23980712890625,116.10847473144531,171.58999633789062,22.128042221069336,48.413257598876953
2021-05-10,389.3458251953125,114.93266296386719,172.11000061035156,22.13629150390625,47.545742034912109
2021-05-11,385.87103271484375,114.28217315673828,172.13999938964844,21.56689453125,47.412944793701172
2021-05-12,377.67306518554688,113.08135223388672,170.42999267578125,21.670051574707031,46.102806091308594
2021-05-13,382.20986938476562,113.25647735595703,171.1300048828125,21.405982971191406,46.040840148925781
2021-05-14,388.07882690429688,114.31557464599609,172.69000244140625,22.070276260375977,46.872962951660156
2021-05-17,387.09130859375,114.07366943359375,174.69999694824219,22.581905364990234,46.828704833984375
2021-05-18,383.75631713867188,113.78182983398438,175.03999328613281,22.057899475097656,47.45721435546875
2021-05-19,382.75018310546875,113.50662231445312,175.16000366210938,21.509132385253906,47.315574645996094
2021-05-20,386.8677978515625,114.44060516357422,175.96000671386719,21.476127624511719,47.589996337890625
2021-05-21,386.55105590820312,114.80756378173828,176.03999328613281,21.521512985229492,47.041152954101562
2021-05-24,390.49169921875,115.23286437988281,176.35000610351562,21.736064910888672,47.430660247802734
2021-05-25,389.625244140625,116.30030059814453,177.94999694824219,21.294578552246094,47.899826049804688
2021-05-26,390.3984375,116.10011291503906,177.63999938964844,21.484375,48.253917694091797
2021-05-27,390.60336303710938,115.63314056396484,177.71000671386719,21.500881195068359,48.262771606445312
2021-05-28,391.3021240234375,115.44971466064453,178.3800048828125,21.542142868041992,48.572593688964844
2021-06-01,390.9573974609375,115.42378997802734,177.89999389648438,22.371475219726562,49.572914123535156
2021-06-02,391.572265625,115.69103240966797,178.77000427246094,22.788213729858398,49.652580261230469
2021-06-03,390.11895751953125,115.25678253173828,175.27000427246094,22.850099563598633,49.121440887451172
2021-06-04,393.68704223632812,116.83519744873047,177.16000366210938,23.002763748168945,49.564060211181641
2021-06-07,393.30502319335938,116.47606658935547,177.8699951171875,22.903739929199219,49.316204071044922
2021-06-08,393.38888549804688,117.29448699951172,177.32000732421875,23.101791381835938,49.077175140380859
2021-06-09,392.80194091796875,118.33008575439453,176.97999572753906,22.957382202148438,48.935543060302734
2021-06-10,394.62786865234375,119.03997802734375,177.74000549316406,22.928495407104492,49.32763671875
2021-06-11,395.27999877929688,118.84785461425781,175.74000549316406,22.850099563598633,49.158706665039062
2021-06-14,396.16500854492188,117.93756866455078,174.71000671386719,22.751073837280273,49.292072296142578
2021-06-15,395.43829345703125,117.79559326171875,174.05000305175781,23.184309005737305,48.954219818115234
2021-06-16,393.23043823242188,117.69535064697266,171.11000061035156,23.060529708862305,48.287387847900391
2021-06-17,393.10009765625,119.45748901367188,165.85000610351562,22.276584625244141,48.554115295410156
2021-06-18,387.7969970703125,121.70400238037109,164.92999267578125,21.61640739440918,48.216251373291016
2021-06-21,393.34866333007812,119.66626739501953,166.94999694824219,22.537588119506836,48.420753479003906
2021-06-22,395.45162963867188,119.95857238769531,166.25,22.687646865844727,48.198474884033203
2021-06-23,394.97503662109375,119.64959716796875,166.13999938964844,22.750167846679688,48.491889953613281
2021-06-24,397.31161499023438,119.84170532226562,166.03999328613281,22.946071624755859,48.936431884765625
2021-06-25,398.72280883789062,118.59730529785156,166.58999633789062,23.066953659057617,49.345428466796875
2021-06-28,399.52655029296875,119.81658172607422,166.58000183105469,22.287494659423828,49.389877319335938
2021-06-29,399.74154663085938,120.01700592041016,164.83000183105469,22.179119110107422,49.35430908203125
2021-06-30,400.07806396484375,120.551513671875,165.6300048828125,22.454221725463867,49.03424072265625
2021-07-01,402.29315185546875,120.5582275390625,166.19999694824219,22.846036911010742,48.75860595703125
2021-07-02,405.3680419921875,121.28571319580078,167.28999328613281,22.796016693115234,48.705257415771484
2021-07-06,404.62973022460938,122.70728302001953,168.1199951171875,22.054075241088867,47.851722717285156
2021-07-07,406.05975341796875,123.79441833496094,168.75999450683594,21.695610046386719,47.798374176025391
2021-07-08,402.75112915039062,124.27943420410156,168.64999389648438,21.570560455322266,46.802574157714844
2021-07-09,407.05038452148438,122.53165435791016,169.21000671386719,22.029062271118164,47.611663818359375
2021-07-12,408.50839233398438,122.37282562255859,169,21.995719909667969,47.656120300292969
2021-07-13,407.11575317382812,121.43625640869141,169.22000122070312,21.828989028930664,47.700580596923828
2021-07-14,407.72329711914062,122.81597137451172,171.03999328613281,21.178750991821289,47.905071258544922
2021-07-15,406.33071899414062,124.17070007324219,171.07000732421875,20.882801055908203,48.020648956298828
2021-07-16,403.1436767578125,123.93659973144531,169.41000366210938,20.290916442871094,47.647228240966797
2021-07-19,397.19003295898438,126.65425109863281,169.61000061035156,19.573982238769531,46.847026824951172
2021-07-20,402.88189697265625,125.43338012695312,169.38999938964844,19.836580276489258,46.998176574707031
2021-07-21,406.14382934570312,123.84456634521484,168.75999450683594,20.52850341796875,47.300483703613281
2021-07-22,406.99429321289062,125.01528167724609,169.08999633789062,20.299251556396484,47.389385223388672
2021-07-23,411.18136596679688,124.17912292480469,168.55999755859375,20.224227905273438,46.686992645263672
2021-07-26,412.19088745117188,123.81108856201172,168.16000366210938,20.724411010742188,45.797885894775391
2021-07-27,410.31228637695312,125.13232421875,168.44000244140625,20.532674789428711,44.873218536376953
2021-07-28,410.14398193359375,125.14075469970703,169.28999328613281,20.720243453979492,46.091289520263672
2021-07-29,411.84500122070312,124.44662475585938,171.16999816894531,20.920316696166992,46.322463989257812
2021-07-30,409.84487915039062,125.03195953369141,169.82000732421875,20.586860656738281,45.877906799316406
2021-08-02,408.985107421875,126.14715576171875,169.61000061035156,20.432638168334961,46.206874847412109
2021-08-03,412.312255859375,126.21417999267578,169.49000549316406,20.782766342163086,46.402477264404297
2021-08-04,410.28421020507812,126.47377777099609,169.52999877929688,20.220058441162109,46.642539978027344
2021-08-05,412.88247680664062,125.82904815673828,168.86000061035156,20.449306488037109,46.5714111328125
2021-08-06,413.56475830078125,123.72754669189453,164.63999938964844,20.636875152587891,46.180202484130859
2021-08-09,413.22830200195312,123.28385925292969,161.72000122070312,20.345102310180664,46.331348419189453
2021-08-10,413.74224853515625,122.71453857421875,161.77000427246094,20.703567504882812,46.393581390380859
2021-08-11,414.77041625976562,122.63915252685547,164,20.866132736206055,46.51806640625
2021-08-12,416.01351928710938,122.43822479248047,164.03999328613281,20.845291137695312,46.109073638916016
2021-08-13,416.77056884765625,124.37228393554688,166.38999938964844,20.599363327026367,45.993488311767578
2021-08-16,417.75186157226562,124.67371368408203,167.22000122070312,20.220058441162109,45.575599670410156
2021-08-17,415.01348876953125,124.62345886230469,166.97000122070312,20.011640548706055,44.739849090576172
2021-08-18,410.47116088867188,125.04203796386719,167.10000610351562,19.594820022583008,44.810977935791016
2021-08-19,411.10665893554688,125.96300506591797,166.61000061035156,19.086299896240234,44.046344757080078
2021-08-20,414.37789916992188,126.04677581787109,166.69999694824219,19.127981185913086,44.010784149169922
2021-08-23,418.02291870117188,125.96300506591797,168.72999572753906,19.844913482666016,44.677616119384766
2021-08-24,418.68655395507812,124.98342895507812,168.64999389648438,20.174203872680664,45.691192626953125
2021-08-25,419.5650634765625,123.94528198242188,167.47999572753906,20.32843017578125,45.744544982910156
2021-08-26,417.08828735351562,124.28850555419922,167.66999816894531,20.019981384277344,45.308883666992188
2021-08-27,420.81747436523438,125.13411712646484,170.19000244140625,20.553512573242188,45.8690185546875
2021-08-30,422.6680908203125,125.46068572998047,169.35000610351562,20.311758041381836,45.966815948486328
2021-08-31,422.04196166992188,124.60665130615234,169.69000244140625,20.174203872680664,46.59808349609375
2021-09-01,422.26608276367188,124.81546020507812,169.69999694824219,19.878261566162109,47.19378662109375
2021-09-02,423.5653076171875,125.36032104492188,169.25,20.38261604309082,46.980392456054688
2021-09-03,423.46249389648438,124.22020721435547,171.05999755859375,20.265907287597656,47.229347229003906
2021-09-07,421.94839477539062,123.17234802246094,167.71000671386719,20.145030975341797,47.504974365234375
2021-09-08,421.434326171875,124.01068115234375,167.28999328613281,19.8865966796875,46.811473846435547
2021-09-09,419.6304931640625,125.51116180419922,168.02999877929688,19.928277969360352,46.722560882568359
2021-09-10,416.32183837890625,124.40463256835938,167.17999267578125,19.919942855834961,46.669208526611328
2021-09-13,417.38729858398438,125.15907287597656,167.74000549316406,20.490987777709961,46.793685913085938
2021-09-14,415.13494873046875,126.67642211914062,168.82000732421875,20.195047378540039,46.402477264404297
2021-09-15,418.60235595703125,126.23218536376953,167.83000183105469,20.949497222900391,46.393581390380859
2021-09-16,417.93890380859375,125.65369415283203,164.02999877929688,20.711910247802734,45.8690185546875
2021-09-17,413.86767578125,125.05014801025391,163.77000427246094,20.557685852050781,45.673408508300781
2021-09-20,406.96673583984375,126.60097503662109,164.94000244140625,19.929920196533203,44.446445465087891
2021-09-21,406.58230590820312,126.49201965332031,166.03999328613281,19.976320266723633,44.775413513183594
2021-09-22,410.54849243164062,127.24649810791016,165.41999816894531,20.592277526855469,45.335552215576172
2021-09-23,415.53662109375,124.37115478515625,163.50999450683594,21.313701629638672,45.691192626953125
2021-09-24,416.2210693359375,123.15560150146484,163.30000305175781,21.474021911621094,45.148834228515625
2021-09-27,415.03033447265625,122.702880859375,163.63999938964844,22.237634658813477,45.442245483398438
2021-09-28,406.66668701171875,120.79155731201172,162.05000305175781,22.313570022583008,44.855434417724609
2021-09-29,407.35116577148438,121.00112152099609,161.32000732421875,22.313570022583008,44.437549591064453
2021-09-30,402.37246704101562,120.98438262939453,164.22000122070312,21.976062774658203,44.793201446533203
2021-10-01,407.154296875,122.00251770019531,164.58999633789062,22.71436882019043,44.748744964599609
2021-10-04,401.90359497070312,121.69197845458984,165.36000061035156,23.085628509521484,44.090801239013672
2021-10-05,406.08541870117188,120.51686859130859,164.58999633789062,23.220624923706055,44.401992797851562
2021-10-06,407.7730712890625,121.19672393798828,165.02999877929688,22.975934982299805,44.153045654296875
2021-10-07,411.298583984375,119.92922210693359,164.16000366210938,23.15312385559082,45.015480041503906
2021-10-08,410.54849243164062,119.08991241455078,164.22999572753906,23.866117477416992,45.184398651123047
2021-10-11,407.57620239257812,118.78768157958984,163.91999816894531,23.77752685546875,45.095489501953125
2021-10-12,406.57290649414062,120.81900024414062,164.66000366210938,23.798612594604492,44.86431884765625
2021-10-13,408.03564453125,121.99411010742188,167.58999633789062,23.77752685546875,45.486701965332031
2021-10-14,414.89910888671875,122.44740295410156,168,24.068622589111328,45.628952026367188
2021-10-15,418.05877685546875,121.73391723632812,165.33000183105469,24.18675422668457,46.180202484130859
2021-10-18,419.29660034179688,122.30467224121094,164.91999816894531,24.203628540039062,46.064617156982422
2021-10-19,422.5313720703125,120.6175537109375,165.44999694824219,24.477851867675781,46.678096771240234
2021-10-20,424.19094848632812,119.80335235595703,166.89999389648438,24.676139831542969,46.669208526611328
2021-10-21,425.29736328125,119.66069030761719,166.75,24.220499038696289,46.366909027099609
2021-10-22,424.85659790039062,120.97842407226562,167.77000427246094,24.44831657409668,46.269107818603516
2021-10-25,427.13507080078125,120.7938232421875,168.92999267578125,24.806921005249023,46.509174346923828
2021-10-26,427.51947021484375,121.79268646240234,167.67999267578125,24.950361251831055,46.269107818603516
2021-10-27,425.62548828125,124.00859832763672,168.1199951171875,24.233154296875,45.895687103271484
2021-10-28,429.73226928710938,123.58889007568359,168.08000183105469,24.406124114990234,45.940147399902344
2021-10-29,430.60430908203125,123.96662139892578,166.64999389648438,24.245817184448242,45.273311614990234
2021-11-01,431.34503173828125,123.0740966796875,167.52000427246094,24.663482666015625,45.628952026367188
2021-11-02,433.08892822265625,123.62037658691406,167.16000366210938,24.43144416809082,45.219966888427734
2021-11-03,435.73312377929688,122.34297943115234,165.77000427246094,24.228940963745117,45.433349609375
2021-11-04,437.7864990234375,123.62876892089844,167.64999389648438,24.262687683105469,45.32666015625
2021-11-05,439.30548095703125,125.47776031494141,169.83999633789062,24.5791015625,45.273311614990234
2021-11-08,439.68048095703125,125.24237060546875,170.44999694824219,24.802705764770508,45.691192626953125
2021-11-09,438.2271728515625,126.87285614013672,171.28999328613281,24.903957366943359,45.513370513916016
2021-11-10,434.70172119140625,124.55328369140625,173.14999389648438,24.245817184448242,45.32666015625
2021-11-11,434.84225463867188,124.36833953857422,174.1199951171875,24.338624954223633,46.109073638916016
2021-11-12,438.12405395507812,123.82209014892578,174.44999694824219,24.279565811157227,46.233554840087891
2021-11-15,438.27398681640625,122.26726531982422,174.17999267578125,24.482070922851562,46.082401275634766
2021-11-16,440.00863647460938,121.95632934570312,172.91999816894531,24.520040512084961,46.144641876220703
2021-11-17,438.93975830078125,122.92279052734375,174.5,24.144559860229492,45.904579162597656
2021-11-18,440.43057250976562,123.38505554199219,173.94000244140625,24.001121520996094,45.344444274902344
2021-11-19,439.6429443359375,124.68773651123047,172.61000061035156,23.064531326293945,45.273311614990234
2021-11-22,438.4052734375,123.22540283203125,168.74000549316406,23.473762512207031,44.908782958984375
2021-11-23,438.98660278320312,121.443603515625,167.27999877929688,24.195180892944336,44.86431884765625
2021-11-24,440.15866088867188,123.39347839355469,167.1199951171875,24.43144416809082,44.802085876464844
2021-11-26,430.34176635742188,126.51148986816406,166.85000610351562,23.448450088500977,43.299503326416016
2021-11-29,435.62054443359375,125.49456787109375,166.6199951171875,23.583452224731445,43.468433380126953
2021-11-30,427.14437866210938,127.40236663818359,165.5,23.03077507019043,43.423973083496094
2021-12-01,422.40005493164062,128.18824768066406,166.16000366210938,22.78608512878418,43.584007263183594
2021-12-02,428.86965942382812,128.34820556640625,165.24000549316406,23.448450088500977,44.117473602294922
2021-12-03,425.13790893554688,129.87971496582031,166.6300048828125,23.262813568115234,43.495098114013672
2021-12-06,430.1728515625,128.09568786621094,166.22000122070312,23.608762741088867,43.832962036132812
2021-12-07,439.07098388671875,127.06071472167969,166.80999755859375,24.161441802978516,44.526466369628906
2021-12-08,440.23367309570312,124.86448669433594,166.89999389648438,24.157217025756836,44.70428466796875
2021-12-09,437.26138305664062,125.56291198730469,165.8800048828125,23.971590042114258,44.49090576171875
2021-12-10,441.37753295898438,125.26005554199219,166.58000183105469,24.148780822753906,44.526466369628906
2021-12-13,437.46768188476562,127.11119842529297,167,23.477981567382812,43.820327758789062
2021-12-14,434.4578857421875,126.80830383300781,165.44000244140625,23.380945205688477,43.721115112304688
2021-12-15,441.24636840820312,125.58814239501953,166.14999389648438,23.267036437988281,43.594867706298828
2021-12-16,437.35519409179688,125.63702392578125,168.16000366210938,23.414697647094727,43.648983001708984
2021-12-17,432.70050048828125,127.06068420410156,167.80000305175781,22.937963485717773,43.432533264160156
2021-12-20,428.099365234375,126.10877990722656,167.08999633789062,22.653779983520508,42.783210754394531
2021-12-21,435.7020263671875,125.62861633300781,167.02000427246094,23.299076080322266,43.504684448242188
2021-12-22,440.05844116210938,126.20985412597656,168.58999633789062,23.448646545410156,43.712104797363281
2021-12-23,442.79656982421875,125.11476135253906,168.97000122070312,23.461471557617188,43.93756103515625
2021-12-27,449.06301879882812,125.41801452636719,169.3699951171875,23.974288940429688,44.135963439941406
2021-12-28,448.69607543945312,124.92098999023438,168.63999938964844,23.957193374633789,43.991672515869141
2021-12-29,449.27001953125,123.55626678466797,168.58999633789062,23.8033447265625,43.79327392578125
2021-12-30,448.028076171875,124.59244537353516,169.80000305175781,23.658050537109375,44.294960021972656
2021-12-31,446.89892578125,124.83673858642578,170.96000671386719,23.717874526977539,44.078403472900391
2022-01-03,449.48651123046875,121.55976104736328,168.33000183105469,24.452922821044922,44.394218444824219
2022-01-04,449.33587646484375,121.05435943603516,169.57000732421875,25.299070358276367,44.240818023681641
2022-01-05,440.70770263671875,120.39720916748047,169.05999755859375,25.294794082641602,43.518962860107422
2022-01-06,440.29376220703125,120.70894622802734,166.99000549316406,25.858896255493164,43.717475891113281
2022-01-07,438.55294799804688,119.84127044677734,167.75,26.213596343994141,44.114498138427734
2022-01-10,438.00717163085938,120.13604736328125,168.25999450683594,26.132402420043945,44.114498138427734
2022-01-11,441.99673461914062,120.93638610839844,170.28999328613281,27.021286010742188,45.134117126464844
2022-01-12,443.191650390625,120.47306823730469,170.74000549316406,27.07257080078125,45.883045196533203
2022-01-13,437.08511352539062,121.54291534423828,170.16000366210938,26.935821533203125,45.233379364013672
2022-01-14,437.26394653320312,119.70647430419922,169.66999816894531,27.568292617797852,45.215324401855469
2022-01-18,429.5201416015625,118.02166748046875,169.38999938964844,27.679401397705078,44.412265777587891
2022-01-19,425.0601806640625,118.83873748779297,172.08000183105469,27.478555679321289,44.601749420166016
2022-01-20,420.35556030273438,119.57166290283203,171.64999389648438,27.226413726806641,44.863426208496094
2022-01-21,412.103759765625,120.99535369873047,171.08999633789062,26.687955856323242,44.213752746582031
2022-01-24,413.8538818359375,120.0013427734375,172.02999877929688,26.867441177368164,43.591148376464844
2022-01-25,408.80108642578125,119.80757904052734,172.58000183105469,27.910171508789062,43.509941101074219
2022-01-26,407.77554321289062,118.35861206054688,169.78999328613281,27.863162994384766,42.959522247314453
2022-01-27,405.76193237304688,120.53203582763672,167.60000610351562,28.166585922241211,42.463253021240234
2022-01-28,415.83920288085938,120.57416534423828,167.10000610351562,28.046926498413086,42.6707763671875
2022-01-31,423.32888793945312,119.95079803466797,168.08999633789062,28.170862197875977,44.069381713867188
2022-02-01,426.18923950195312,119.55260467529297,168.22999572753906,29.175127029418945,44.340084075927734
2022-02-02,430.32937622070312,119.95753479003906,168.83999633789062,29.269145965576172,44.267890930175781
2022-02-03,420.21441650390625,119.02110290527344,168.60000610351562,28.991365432739258,43.798690795898438
2022-02-04,422.19036865234375,117.2664794921875,168.86000061035156,29.444356918334961,43.906955718994141
2022-02-07,420.83551025390625,117.3424072265625,170.11000061035156,29.820428848266602,43.816734313964844
2022-02-08,424.29806518554688,116.557861328125,170.6300048828125,29.179399490356445,44.240818023681641
2022-02-09,430.50811767578125,116.7772216796875,171.21000671386719,29.422992706298828,44.935611724853516
2022-02-10,422.7738037109375,114.92127990722656,170.55999755859375,29.239233016967773,44.637844085693359
2022-02-11,414.437255859375,116.62538146972656,173.80999755859375,30.089653015136719,43.961101531982422
2022-02-14,413.082275390625,115.17439270019531,174.74000549316406,29.380256652832031,43.654304504394531
2022-02-15,419.7440185546875,113.86680603027344,173.08000183105469,29.072568893432617,44.601749420166016
2022-02-16,420.21441650390625,114.54171752929688,174.86000061035156,29.30760383605957,44.926586151123047
2022-02-17,411.23809814453125,115.39373016357422,177.25,29.260599136352539,44.403236389160156
2022-02-18,408.57528686523438,116.60848236083984,177.1199951171875,29.081111907958984,43.961101531982422
2022-02-22,404.19064331054688,116.91216278076172,177.49000549316406,28.611028671264648,43.338497161865234
2022-02-23,397.02078247070312,115.30092620849609,178.28999328613281,28.905895233154297,42.833194732666016
2022-02-24,402.99563598632812,115.37686920166016,177.13999938964844,28.679397583007812,41.948925018310547
2022-02-25,411.88735961914062,115.46119689941406,176.55000305175781,29.435806274414062,42.724925994873047
2022-02-28,410.83352661132812,117.99192047119141,178.3800048828125,30.162302017211914,42.165481567382812
2022-03-01,404.57638549804688,119.35619354248047,181.6199951171875,30.465719223022461,41.606040954589844
2022-03-02,412.01904296875,115.27625274658203,179.72999572753906,31.162298202514648,41.678230285644531
2022-03-03,409.96792602539062,116.45040130615234,180.80000305175781,31.247768402099609,41.091724395751953
2022-03-04,406.636962890625,118.46075439453125,183.67999267578125,32.14947509765625,40.261581420898438
2022-03-07,394.64971923828125,117.55689239501953,186.41000366210938,32.623828887939453,38.754711151123047
2022-03-08,391.6575927734375,116.37435913085938,191.50999450683594,33.13665771484375,38.881034851074219
2022-03-09,402.15823364257812,115.23401641845703,185.82000732421875,32.123836517333984,39.981861114501953
2022-03-10,400.34225463867188,113.57843780517578,186.39999389648438,33.106739044189453,39.232933044433594
2022-03-11,395.25189208984375,113.95852661132812,185.08999633789062,32.841781616210938,38.411819458007812
2022-03-14,392.36325073242188,111.29771423339844,182.30000305175781,31.858884811401367,37.482440948486328
2022-03-15,400.99151611328125,111.10342407226562,178.88999938964844,30.692216873168945,37.536571502685547
2022-03-16,409.8831787109375,112.193115234375,180.00999450683594,30.551189422607422,40.559349060058594
2022-03-17,415.01116943359375,111.35684204101562,180.88999938964844,31.602468490600586,40.351814270019531
2022-03-18,419.55673217773438,112.71681213378906,179.30000305175781,31.572551727294922,40.929302215576172
2022-03-21,419.43405151367188,110.10666656494141,180.66999816894531,32.845291137695312,40.297676086425781
2022-03-22,424.342041015625,108.696044921875,179.36000061035156,32.603694915771484,41.028553009033203
2022-03-23,418.87710571289062,111.07807922363281,181.80999755859375,33.164562225341797,40.757858276367188
2022-03-24,425.19146728515625,110.20803070068359,183.1300048828125,33.246524810791016,40.974422454833984
2022-03-25,427.2679443359375,108.67915344238281,182.3800048828125,33.975658416748047,40.649585723876953
2022-03-28,430.30715942382812,109.60832977294922,179.05999755859375,33.134361267089844,40.784927368164062
2022-03-29,435.63034057617188,110.43611907958984,179.13999938964844,33.048069000244141,41.479717254638672
2022-03-30,432.94039916992188,111.29771423339844,180.58000183105469,33.432048797607422,41.362415313720703
2022-03-31,426.27694702148438,111.56800079345703,180.64999389648438,32.979034423828125,40.739818572998047
2022-04-01,427.48495483398438,111.99271392822266,179.5,33.246524810791016,41.416557312011719
2022-04-04,431.1470947265625,111.21443176269531,180.3699951171875,33.289676666259766,42.147434234619141
2022-04-05,425.701171875,108.70178985595703,179.24000549316406,32.767635345458984,41.371437072753906
2022-04-06,421.44442749023438,107.82197570800781,179.66000366210938,32.961780548095703,40.830047607421875
2022-04-07,423.56802368164062,107.00978088378906,180.33999633789062,33.393222808837891,40.505214691162109
2022-04-08,422.43551635742188,105.85079193115234,181.47000122070312,34.312183380126953,40.541297912597656
2022-04-11,415.21505737304688,104.17571258544922,182.3699951171875,33.281055450439453,40.035999298095703
2022-04-12,413.67657470703125,104.03189849853516,183.77000427246094,33.833286285400391,39.909683227539062
2022-04-13,418.41461181640625,104.24339294433594,184.64999389648438,34.338058471679688,40.433032989501953
2022-04-14,413.20468139648438,102.15382385253906,184.03999328613281,34.450233459472656,39.909683227539062
2022-04-18,413.37454223632812,101.64620208740234,184.61000061035156,34.955028533935547,39.774326324462891
2022-04-19,420.0474853515625,100.88483428955078,181.82000732421875,34.670269012451172,39.575820922851562
2022-04-20,419.73602294921875,102.91518402099609,182.71000671386719,34.80401611328125,39.341217041015625
2022-04-21,413.45956420898438,102.15382385253906,182.05999755859375,33.699539184570312,38.583259582519531
2022-04-22,402.11453247070312,101.5108642578125,180.28999328613281,32.875492095947266,38.240383148193359
2022-04-25,404.44580078125,102.52602386474609,177.05000305175781,31.788272857666016,37.960662841796875
2022-04-26,392.73269653320312,103.55815124511719,177.32000732421875,31.831417083740234,37.130527496337891
2022-04-27,393.8370361328125,102.22992706298828,175.97999572753906,32.297374725341797,37.563644409179688
2022-04-28,403.78506469726562,102.38219451904297,176.92999267578125,33.276737213134766,38.105033874511719
2022-04-29,388.86300659179688,101.05398559570312,176.91000366210938,32.422477722167969,38.240383148193359
2022-05-02,391.20370483398438,99.302375793457031,173.6300048828125,32.940208435058594,38.186241149902344
2022-05-03,392.99703979492188,99.971832275390625,174.08999633789062,33.863483428955078,38.465969085693359
2022-05-04,404.9649658203125,100.52263641357422,175.80000305175781,35.269962310791016,38.881034851074219
2022-05-05,390.57138061523438,97.76849365234375,175.1300048828125,34.739295959472656,37.446342468261719
2022-05-06,388.23995971679688,96.327880859375,175.41999816894531,35.774745941162109,36.932022094726562
2022-05-09,375.80966186523438,97.17529296875,172.8800048828125,32.815093994140625,35.867282867431641
2022-05-10,376.67791748046875,98.056648254394531,171.41999816894531,33.112785339355469,36.038715362548828
2022-05-11,370.69406127929688,99.946395874023438,172.82000732421875,33.557159423828125,35.786064147949219
2022-05-12,370.3070068359375,99.759963989257812,170.16999816894531,33.699539184570312,35.551467895507812
2022-05-13,379.1602783203125,98.285446166992188,168.78999328613281,34.851474761962891,36.534999847412109
2022-05-16,377.62188720703125,98.183738708496094,170.39999389648438,35.770439147949219,36.390632629394531
2022-05-17,385.38967895507812,96.997352600097656,169.33000183105469,36.184616088867188,37.283916473388672
2022-05-18,369.85397338867188,99.065086364746094,169.41999816894531,35.257026672363281,36.390632629394531
2022-05-19,367.5887451171875,99.302375793457031,171.91000366210938,35.127593994140625,36.968116760253906
2022-05-20,367.74923706054688,100.429443359375,172.02999877929688,35.278598785400391,37.121501922607422
2022-05-23,374.6298828125,98.77691650390625,172.83000183105469,36.210502624511719,37.401229858398438
2022-05-24,371.77008056640625,100.72605133056641,174.1300048828125,36.348564147949219,36.751548767089844
2022-05-25,375.05453491210938,101.12433624267578,173.08000183105469,37.099262237548828,36.932022094726562
2022-05-26,382.54864501953125,100.66673278808594,172.75999450683594,37.509117126464844,37.509502410888672
2022-05-27,391.93988037109375,100.91250610351562,172.85000610351562,38.195114135742188,37.942615509033203
2022-05-31,389.74072265625,98.77691650390625,171.13999938964844,37.621292114257812,38.474990844726562
2022-06-01,386.58828735351562,98.664016723632812,172.22999572753906,38.233936309814453,38.204296112060547
2022-06-02,393.95025634765625,98.7149658203125,174.35000610351562,38.113140106201172,38.862987518310547
2022-06-03,387.48501586914062,98.502731323242188,172.58000183105469,38.617916107177734,38.231357574462891
2022-06-06,388.664794921875,96.686019897460938,171.82000732421875,38.574771881103516,38.438896179199219
2022-06-07,392.39300537109375,97.730186462402344,172.94000244140625,39.726718902587891,38.556190490722656
2022-06-08,388.1268310546875,96.8642578125,172.77999877929688,39.813007354736328,38.763736724853516
2022-06-09,378.89599609375,97.186866760253906,172.22999572753906,38.932868957519531,37.846462249755859
2022-06-10,367.90969848632812,96.584121704101562,174.53999328613281,38.272769927978516,37.427864074707031
2022-06-13,353.9407958984375,93.553421020507812,169.92999267578125,36.275226593017578,36.117481231689453
2022-06-14,352.874267578125,92.373390197753906,168.57000732421875,36.344249725341797,36.61798095703125
2022-06-15,357.90499877929688,94.096725463867188,170.77000427246094,35.541774749755859,37.100269317626953
2022-06-16,346.05972290039062,94.843795776367188,172.69000244140625,33.539905548095703,35.962783813476562
2022-06-17,346.80572509765625,95.149406433105469,171.27000427246094,31.706300735473633,36.099281311035156
2022-06-21,355.53610229492188,93.536430358886719,170.6300048828125,33.348873138427734,36.681674957275391
2022-06-22,354.89151000976562,96.108726501464844,171.30999755859375,32.013874053955078,36.026481628417969
2022-06-23,358.370361328125,96.898231506347656,170.25999450683594,30.82720947265625,36.13568115234375
2022-06-24,369.76437377929688,95.556884765625,170.08999633789062,31.232944488525391,36.991069793701172
2022-06-27,368.35198974609375,94.741928100585938,169.89999389648438,32.149120330810547,37.036567687988281
2022-06-28,360.82553100585938,95.183364868164062,169.6199951171875,33.017311096191406,36.809070587158203
2022-06-29,360.5316162109375,96.669013977050781,169.49000549316406,31.869909286499023,36.663475036621094
2022-06-30,357.60256958007812,97.517990112304688,168.46000671386719,31.198041915893555,36.490573883056641
2022-07-01,361.38479614257812,98.5191650390625,168.32000732421875,31.664846420288086,36.263072967529297
2022-07-05,362.0672607421875,99.293235778808594,164.75,30.408380508422852,35.980983734130859
2022-07-06,363.29006958007812,97.625968933105469,162.13999938964844,29.889213562011719,35.762580871582031
2022-07-07,368.73110961914062,96.766860961914062,162.22999572753906,30.966817855834961,36.481479644775391
2022-07-08,368.42779541015625,95.695083618164062,162.30000305175781,30.95372200012207,36.481479644775391
2022-07-11,364.218994140625,97.345298767089844,161.42999267578125,30.657054901123047,35.507781982421875
2022-07-12,360.99612426757812,97.923690795898438,160.83000183105469,30.059360504150391,35.371284484863281
2022-07-13,359.10025024414062,99.046539306640625,161.60000610351562,30.011373519897461,35.289386749267578
2022-07-14,358.22811889648438,98.238410949707031,159.33000183105469,29.444206237792969,34.970893859863281
2022-07-15,365.07217407226562,98.791343688964844,159.00999450683594,29.924112319946289,35.152885437011719
2022-07-18,362.05783081054688,97.7620849609375,159.16000366210938,30.60906982421875,35.398586273193359
2022-07-19,371.84030151367188,97.234718322753906,159.53999328613281,31.551420211791992,35.980983734130859
2022-07-20,374.21011352539062,97.489891052246094,158.03999328613281,31.856813430786133,35.826278686523438
2022-07-21,378.020751953125,99.174125671386719,160.27000427246094,31.298379898071289,36.235774993896484
2022-07-22,374.51345825195312,100.84134674072266,160.66999816894531,31.040977478027344,35.871784210205078
2022-07-25,374.96847534179688,99.854621887207031,160.22999572753906,32.179664611816406,35.999183654785156
2022-07-26,370.53225708007812,99.931190490722656,160.03999328613281,31.887344360351562,35.717082977294922
2022-07-27,380.15350341796875,99.369773864746094,161.66999816894531,32.607212066650391,36.381374359130859
2022-07-28,384.92156982421875,100.16081237792969,163.63999938964844,32.790451049804688,36.536075592041016
2022-07-29,390.53326416015625,99.888641357421875,164.10000610351562,34.21270751953125,36.363174438476562
2022-08-01,389.37677001953125,102.29431915283203,165.02999877929688,33.505943298339844,36.053779602050781
2022-08-02,386.80792236328125,100.12979888916016,164.05000305175781,33.427410125732422,35.880886077880859
2022-08-03,392.86517333984375,101.70630645751953,164.44999694824219,32.467594146728516,36.162986755371094
2022-08-04,392.59970092773438,101.67223358154297,167.16999816894531,31.26347541809082,36.417774200439453
2022-08-05,391.93624877929688,99.2520751953125,165.28999328613281,31.88299560546875,36.454177856445312
2022-08-08,391.48110961914062,100.85414123535156,166.69000244140625,32.048770904541016,36.499671936035156
2022-08-09,389.92660522460938,100.46218109130859,167.19999694824219,32.611568450927734,36.363174438476562
2022-08-10,398.11660766601562,99.805992126464844,166.77999877929688,32.847164154052734,36.818168640136719
2022-08-11,398.11660766601562,97.479583740234375,166.33999633789062,33.977104187011719,36.963771820068359
2022-08-12,404.85635375976562,98.468070983886719,167.8699951171875,34.234508514404297,37.355064392089844
2022-08-15,406.52462768554688,98.382881164550781,165.71000671386719,33.567020416259766,37.182167053222656
2022-08-16,407.3209228515625,98.791915893554688,165.41999816894531,33.488483428955078,37.173065185546875
2022-08-17,404.4298095703125,97.760787963867188,164.35000610351562,33.7677001953125,37.018363952636719
2022-08-18,405.60516357421875,97.905654907226562,163.91999816894531,34.675155639648438,36.809070587158203
2022-08-19,400.1546630859375,96.329147338867188,162.72000122070312,34.666431427001953,36.308578491210938
2022-08-22,391.8223876953125,96.005332946777344,161.63999938964844,34.600986480712891,35.990081787109375
2022-08-23,390.87454223632812,95.476966857910156,162.77000427246094,35.848735809326172,36.181179046630859
2022-08-24,392.12576293945312,94.778213500976562,163.25,36.28936767578125,36.172080993652344
2022-08-25,397.66162109375,96.099082946777344,163.75,36.568584442138672,36.954669952392578
2022-08-26,384.20114135742188,96.82342529296875,161.75999450683594,36.141044616699219,36.408676147460938
2022-08-29,381.6607666015625,96.0223388671875,161.86000061035156,36.686378479003906,36.181179046630859
2022-08-30,377.470947265625,96.260978698730469,160.50999450683594,35.4429931640625,35.753486633300781
2022-08-31,374.59872436523438,95.340621948242188,159.27000427246094,35.120155334472656,35.880886077880859
2022-09-01,375.774169921875,93.595100402832031,157.8699951171875,34.256328582763672,35.598785400390625
2022-09-02,371.81185913085938,94.124542236328125,159.25999450683594,34.884559631347656,35.271190643310547
2022-09-06,370.408935546875,91.793228149414062,158.33000183105469,34.561714172363281,34.852588653564453
2022-09-07,377.0633544921875,93.245002746582031,159.94000244140625,34.160346984863281,35.161991119384766
2022-09-08,379.5279541015625,92.28851318359375,158.97999572753906,34.308685302734375,34.970893859863281
2022-09-09,385.4239501953125,92.493499755859375,159.82000732421875,35.163780212402344,35.489589691162109
2022-09-12,389.56634521484375,91.733444213867188,160.6300048828125,35.809463500976562,36.017383575439453
2022-09-13,372.62704467773438,91.946968078613281,158.53999328613281,34.906383514404297,34.907192230224609
2022-09-14,374.04898071289062,92.262908935546875,157.92999267578125,35.892360687255859,35.080093383789062
2022-09-15,369.80224609375,92.203147888183594,154.97999572753906,34.967449188232422,34.707000732421875
2022-09-16,366.9810791015625,91.434562683105469,155.83999633789062,34.221416473388672,34.388504028320312
2022-09-19,369.82699584960938,91.6480712890625,155.96000671386719,34.241718292236328,34.497703552246094
2022-09-20,365.58184814453125,90.734298706054688,155.07000732421875,34.003562927246094,34.306598663330078
2022-09-21,359.20477294921875,92.254364013671875,155.78999328613281,33.505191802978516,33.733306884765625
2022-09-22,356.18753051757812,89.89739990234375,155.69999694824219,33.386112213134766,33.569507598876953
2022-09-23,350.21966552734375,90.264640808105469,153.00999450683594,31.083932876586914,32.741416931152344
2022-09-26,346.75509643554688,88.539596557617188,151.22999572753906,30.320943832397461,32.341026306152344
2022-09-27,345.869873046875,86.208274841308594,151.53999328613281,30.66053581237793,32.304630279541016
2022-09-28,352.67532348632812,89.094688415527344,154.69000244140625,32.018917083740234,32.586723327636719
2022-09-29,345.308349609375,88.633537292480469,154.66000366210938,32.018917083740234,31.858728408813477
2022-09-30,339.96865844726562,87.489242553710938,154.66999816894531,31.763118743896484,31.740432739257812
2022-10-03,348.94418334960938,88.879409790039062,158.42999267578125,33.558116912841797,32.259132385253906
2022-10-04,359.75680541992188,88.631149291992188,160.69999694824219,35.000293731689453,33.314708709716797
2022-10-05,358.919189453125,87.783721923828125,159.80999755859375,35.723583221435547,33.332908630371094
2022-10-06,355.2166748046875,87.295761108398438,159.6300048828125,36.358673095703125,33.132717132568359
2022-10-07,345.308349609375,86.448318481445312,157.8800048828125,36.076416015625,32.441127777099609
2022-10-10,342.67181396484375,85.1043701171875,155.47999572753906,35.335472106933594,31.986129760742188
2022-10-11,340.501708984375,85.48101806640625,155.16000366210938,35.053211212158203,31.476535797119141
2022-10-12,339.37847900390625,85.900489807128906,155.99000549316406,35.335472106933594,31.512929916381836
2022-10-13,348.3350830078125,85.078697204589844,154.91000366210938,36.77764892578125,31.603927612304688
2022-10-14,340.39700317382812,84.376792907714844,152.97999572753906,35.406036376953125,31.130733489990234
2022-10-17,349.14407348632812,83.965888977050781,153.41999816894531,35.847072601318359,31.986129760742188
2022-10-18,353.2464599609375,84.162788391113281,153.75,36.160198211669922,31.995229721069336
2022-10-19,350.74313354492188,82.630523681640625,151.69000244140625,37.227500915527344,31.412834167480469
2022-10-20,347.80209350585938,81.218086242675781,151.44999694824219,37.262779235839844,31.613039016723633
2022-10-21,356.254150390625,79.754318237304688,154.14999389648438,38.338901519775391,32.095325469970703
2022-10-24,360.61346435546875,79.095191955566406,153.64999389648438,38.51971435546875,30.875940322875977
2022-10-25,366.3719482421875,81.397857666015625,154,38.559417724609375,31.130733489990234
2022-10-26,363.61166381835938,82.570587158203125,154.97999572753906,39.084243774414062,31.640331268310547
2022-10-27,361.66989135742188,83.435188293457031,154.74000549316406,39.225372314453125,31.394636154174805
2022-10-28,370.27438354492188,82.861648559570312,153.16000366210938,39.362094879150391,31.203540802001953
2022-10-31,367.59982299804688,82.270980834960938,151.91000366210938,39.692867279052734,31.112539291381836
2022-11-01,365.99124145507812,83.039863586425781,153.46000671386719,40.076564788818359,31.685827255249023
2022-11-02,356.80618286132812,82.679481506347656,152.38999938964844,39.110710144042969,31.421932220458984
2022-11-03,353.1322021484375,82.233245849609375,151.80999755859375,39.833995819091797,31.603927612304688
2022-11-04,358.21484375,80.851676940917969,156.47000122070312,40.319129943847656,32.941619873046875
2022-11-07,361.64144897460938,80.045036315917969,155.85000610351562,41.011558532714844,32.959819793701172
2022-11-08,363.59262084960938,80.920341491699219,159.44999694824219,41.051250457763672,33.196414947509766
2022-11-09,356.10186767578125,81.186325073242188,158.64999389648438,39.044551849365234,32.623119354248047
2022-11-10,375.67111206054688,84.309890747070312,163.47999572753906,39.913387298583984,33.806106567382812
2022-11-11,379.30709838867188,84.000946044921875,164.55999755859375,41.073299407958984,34.725196838378906
2022-11-14,376.08047485351562,83.795013427734375,164.91999816894531,41.060066223144531,34.515895843505859
2022-11-15,379.28805541992188,85.150840759277344,165.5,41.492279052734375,35.307594299316406
2022-11-16,376.39450073242188,87.012939453125,165.1199951171875,40.645500183105469,34.743396759033203
2022-11-17,375.24276733398438,86.094757080078125,163.91999816894531,40.73370361328125,34.807098388671875
2022-11-18,376.94656372070312,85.502647399902344,162.78999328613281,40.411754608154297,34.606895446777344
2022-11-21,375.57595825195312,85.863075256347656,161.8800048828125,39.8648681640625,34.170101165771484
2022-11-22,380.63006591796875,87.08160400390625,162.07000732421875,41.112991333007812,34.252006530761719
2022-11-23,383.02871704101562,88.600433349609375,163.08000183105469,40.667545318603516,34.534099578857422
2022-11-25,382.9429931640625,88.300125122070312,163.22000122070312,40.517601013183594,34.37030029296875
2022-11-28,376.83233642578125,88.548957824707031,161.92999267578125,39.406200408935547,34.215602874755859
2022-11-29,376.18515014648438,87.510658264160156,162.72999572753906,40.001590728759766,34.952690124511719
2022-11-30,388.03518676757812,88.154228210449219,164.80999755859375,40.200054168701172,35.962783813476562
2022-12-01,387.7496337890625,90.970420837402344,167.83999633789062,40.067741394042969,35.844482421875
2022-12-02,387.30233764648438,92.114402770996094,167.25999450683594,39.82958984375,35.980983734130859
2022-12-05,380.33502197265625,90.824165344238281,164.38999938964844,38.647624969482422,35.571491241455078
2022-12-06,374.85260009765625,91.993995666503906,164.83999633789062,37.628849029541016,35.525993347167969
2022-12-07,374.21487426757812,94.161575317382812,166.33000183105469,37.540634155273438,35.316696166992188
2022-12-08,377.1463623046875,93.903549194335938,166.47000122070312,37.373046875,35.744380950927734
2022-12-09,374.3291015625,91.460678100585938,167.05999755859375,36.464515686035156,35.507781982421875
2022-12-12,379.72586059570312,91.753150939941406,165.67999267578125,37.421550750732422,35.398586273193359
2022-12-13,382.60028076171875,92.63909912109375,168.50999450683594,38.131614685058594,35.651725769042969
2022-12-14,380.1541748046875,93.034797668457031,168.10000610351562,37.897869110107422,35.670204162597656
2022-12-15,370.85494995117188,93.397781372070312,165.35000610351562,37.668537139892578,34.847969055175781
2022-12-16,366.4765625,92.354476928710938,166.78999328613281,37.205455780029297,34.949592590332031
2022-12-19,363.36898803710938,90.802413940429688,166.32000732421875,37.200992584228516,34.977310180664062
2022-12-20,363.86627197265625,89.1900634765625,169.08000183105469,37.762416839599609,34.968067169189453
2022-12-21,369.30694580078125,89.414222717285156,168.80000305175781,38.479801177978516,35.282184600830078
2022-12-22,364.03836059570312,89.396987915039062,166.75999450683594,37.593105316162109,34.968067169189453
2022-12-23,366.13241577148438,88.086402893066406,167.25999450683594,38.791690826416016,34.921875
2022-12-27,364.68853759765625,86.344642639160156,168.66999816894531,39.206081390380859,35.439239501953125
2022-12-28,360.15625,85.835952758789062,167.91000366210938,38.328300476074219,34.921875
2022-12-29,366.63912963867188,86.810279846191406,168.85000610351562,38.729320526123047,35.503910064697266
2022-12-30,365.67337036132812,85.844581604003906,169.63999938964844,38.974380493164062,35.014263153076172
2023-01-03,364.13397216796875,87.482810974121094,171.05999755859375,37.606468200683594,35.309898376464844
2023-01-04,366.9451904296875,88.681320190429688,172.66999816894531,37.602012634277344,36.372333526611328
2023-01-05,362.75711059570312,89.052101135253906,170.52000427246094,38.288196563720703,36.261470794677734
2023-01-06,371.0758056640625,90.690361022949219,173.71000671386719,39.014484405517578,37.019035339355469
2023-01-09,370.865478515625,91.1732177734375,174.10000610351562,38.876361846923828,37.296195983886719
2023-01-10,373.46633911132812,89.664306640625,174.74000549316406,39.152606964111328,37.564117431640625
2023-01-11,378.18988037109375,91.121475219726562,174.6199951171875,39.272914886474609,37.721172332763672
2023-01-12,379.56674194335938,92.914939880371094,176.63999938964844,40.021484375,37.905941009521484
2023-01-13,381.039306640625,92.044075012207031,178.75999450683594,40.079399108886719,38.155380249023438
2023-01-17,380.34127807617188,91.449142456054688,177.58999633789062,40.164070129394531,37.942893981933594
2023-01-18,374.33642578125,93.665092468261719,177.08000183105469,39.428863525390625,37.684219360351562
2023-01-19,371.611328125,93.078758239746094,179.88999938964844,39.918991088867188,37.970615386962891
2023-01-20,378.5340576171875,91.569816589355469,179.28999328613281,40.315559387207031,38.552650451660156
2023-01-23,383.07595825195312,91.138717651367188,179.6300048828125,40.369026184082031,38.829795837402344
2023-01-24,382.664794921875,92.449317932128906,180.27999877929688,40.21307373046875,38.857517242431641
2023-01-25,382.8082275390625,92.673492431640625,181.11000061035156,40.217529296875,38.89447021484375
2023-01-26,387.01544189453125,92.242385864257812,179.47000122070312,41.487415313720703,39.264011383056641
2023-01-27,387.9046630859375,92.009574890136719,179.22000122070312,40.649745941162109,39.079242706298828
2023-01-30,383.03778076171875,91.673309326171875,178.75999450683594,39.718486785888672,38.293968200683594
2023-01-31,388.66958618164062,92.406204223632812,179.41000366210938,40.07049560546875,38.210811614990234
2023-02-01,392.80029296875,93.517051696777344,181.66999816894531,39.281826019287109,38.681983947753906
2023-02-02,398.518310546875,93.6380615234375,177.89999389648438,38.386219024658203,38.451019287109375
2023-02-03,394.282470703125,92.23760986328125,173.46000671386719,38.301559448242188,37.767368316650391
2023-02-06,391.87283325195312,91.554733276367188,173.82000732421875,38.127788543701172,37.213047027587891
2023-02-07,396.99801635742188,90.819938659667969,173.97999572753906,39.366481781005859,37.360866546630859
2023-02-08,392.65695190429688,91.252151489257812,174.41000366210938,39.014484405517578,37.314670562744141
2023-02-09,389.25286865234375,90.3876953125,173.02999877929688,38.6802978515625,37.490203857421875
2023-02-10,390.16131591796875,89.376296997070312,173.36000061035156,40.195255279541016,37.129901885986328
2023-02-13,394.74136352539062,90.128364562988281,172.47999572753906,40.092769622802734,37.434772491455078
2023-02-14,394.55978393554688,89.920928955078125,172.61000061035156,40.106143951416016,37.370105743408203
2023-02-15,395.841064453125,89.082382202148438,170.88999938964844,39.424415588378906,37.055995941162109
2023-02-16,390.3907470703125,87.820266723632812,170.75,39.036758422851562,37.065231323242188
2023-02-17,389.41543579101562,88.503166198730469,171.25999450683594,37.646564483642578,36.658733367919922
2023-02-21,381.60348510742188,86.78289794921875,170.6199951171875,37.459423065185547,36.196804046630859
2023-02-22,381.0775146484375,87.578216552734375,169.66000366210938,37.209903717041016,36.021274566650391
2023-02-23,383.1046142578125,88.434051513671875,169.57000732421875,37.771324157714844,36.196804046630859
2023-02-24,379.01217651367188,87.2843017578125,168.35000610351562,37.722316741943359,35.383804321289062
2023-02-27,380.30307006835938,87.526329040527344,169.00999450683594,37.833717346191406,35.568576812744141
2023-02-28,378.89739990234375,87.924003601074219,169.77999877929688,37.290111541748047,35.319137573242188
2023-03-01,377.44403076171875,86.979408264160156,170.75999450683594,38.025302886962891,36.076698303222656
2023-03-02,380.37954711914062,86.208152770996094,170.66000366210938,38.359485626220703,36.206039428710938
2023-03-03,386.48001098632812,88.296646118164062,172.49000549316406,38.880813598632812,36.529392242431641
2023-03-06,386.74765014648438,87.612022399902344,171.6199951171875,38.898635864257812,36.400054931640625
2023-03-07,380.8193359375,88.149322509765625,168.6199951171875,38.221359252929688,35.790302276611328
2023-03-08,381.44091796875,88.2359619140625,168.53999328613281,37.829254150390625,35.938125610351562
2023-03-09,374.4033203125,88.452629089355469,170.19999694824219,37.294559478759766,35.143604278564453
2023-03-10,369.0009765625,91.502998352050781,173.8699951171875,36.817802429199219,34.958831787109375
2023-03-13,368.47509765625,91.71099853515625,177.86000061035156,36.069232940673828,35.014263153076172
2023-03-14,374.56588745117188,90.203132629394531,176.83000183105469,36.425697326660156,35.032737731933594
2023-03-15,372.2232666015625,91.944953918457031,178.21000671386719,34.469635009765625,34.432228088378906
2023-03-16,378.75399780273438,91.225685119628906,178.57000732421875,34.843906402587891,34.958831787109375
2023-03-17,374.3253173828125,92.594917297363281,183.77000427246094,34.295848846435547,34.746345520019531
2023-03-20,377.92471313476562,91.780311584472656,183.83999633789062,34.982440948486328,34.875682830810547
2023-03-21,382.8870849609375,90.991722106933594,180.3699951171875,36.193546295166016,35.189796447753906
2023-03-22,376.36019897460938,92.204933166503906,183.44000244140625,35.423667907714844,35.328376770019531
2023-03-23,377.37765502929688,92.204933166503906,185.74000549316406,34.932918548583984,35.818019866943359
2023-03-24,379.85397338867188,92.594917297363281,183.64999389648438,35.067981719970703,35.725635528564453
2023-03-27,380.56423950195312,90.419754028320312,181.94999694824219,35.815357208251953,35.5316162109375
2023-03-28,379.71005249023438,90.584426879882812,183.44000244140625,36.369132995605469,36.039749145507812
2023-03-29,385.22909545898438,90.402420043945312,182.52999877929688,36.873390197753906,36.141368865966797
2023-03-30,387.48468017578125,90.818412780761719,184.17999267578125,37.035469055175781,36.501674652099609
2023-03-31,392.94610595703125,92.178962707519531,183.22000122070312,37.292102813720703,36.455482482910156
2023-04-03,394.44345092773438,92.612472534179688,184.53999328613281,38.980434417724609,36.529392242431641
2023-04-04,392.2550048828125,93.072914123535156,187.97999572753906,38.273586273193359,36.529392242431641
2023-04-05,391.22802734375,94.045936584472656,187.83000183105469,38.849880218505859,36.242996215820312
2023-04-06,392.754150390625,94.289230346679688,186.49000549316406,38.260082244873047,36.390811920166016
2023-04-10,393.15725708007812,92.768867492675781,185.11000061035156,38.566234588623047,36.427772521972656
2023-04-11,393.26290893554688,92.959983825683594,186.27999877929688,38.930919647216797,36.649497985839844
2023-04-12,391.659912109375,92.86444091796875,187.19000244140625,38.957920074462891,36.390811920166016
2023-04-13,396.86227416992188,92.134635925292969,189.72000122070312,39.201045989990234,36.889698028564453
2023-04-14,395.89285278320312,91.29193115234375,186.36000061035156,39.273086547851562,36.695690155029297
2023-04-17,397.31332397460938,90.205924987792969,185.52999877929688,38.809352874755859,36.852745056152344
2023-04-18,397.57247924804688,90.527381896972656,186.25,38.962425231933594,36.806549072265625
2023-04-19,397.50531005859375,90.440505981445312,185.36000061035156,38.827358245849609,36.437007904052734
2023-04-20,395.3360595703125,91.213706970214844,186.08999633789062,38.485191345214844,36.381572723388672
2023-04-21,395.64321899414062,90.701133728027344,184.25,38.260082244873047,36.039749145507812
2023-04-24,396.05599975585938,91.578605651855469,184.80999755859375,38.845371246337891,35.956600189208984
2023-04-25,389.76907348632812,92.925224304199219,185.75,38.116001129150391,35.282184600830078
2023-04-26,388.1181640625,91.934837341308594,184.74000549316406,37.607250213623047,35.485431671142578
2023-04-27,395.84481811523438,91.022590637207031,184.75,37.742324829101562,35.965839385986328
2023-04-28,399.223388671875,92.490821838378906,184.80000305175781,38.327610015869141,36.150611877441406
2023-05-01,398.82028198242188,89.823905944824219,183.97000122070312,37.895401000976562,36.030509948730469
2023-05-02,394.337890625,92.062309265136719,187.52000427246094,36.247577667236328,35.679443359375
2023-05-03,391.63116455078125,92.576202392578125,189.11000061035156,35.563228607177734,35.624008178710938
2023-05-04,388.85723876953125,91.661674499511719,190.44000244140625,35.167037963867188,35.910408020019531
2023-05-05,396.05599975585938,91.356826782226562,187.46000671386719,36.121509552001953,36.390811920166016
2023-05-08,396.16156005859375,90.076469421386719,187.69000244140625,36.121509552001953,36.409290313720703
2023-05-09,394.4241943359375,89.754234313964844,189.02000427246094,36.135025024414062,36.18756103515625
2023-05-10,396.26712036132812,90.625198364257812,188.75,35.725315093994141,36.169086456298828
2023-05-11,395.57608032226562,91.583274841308594,187.1300048828125,35.297603607177734,36.039749145507812
2023-05-12,395.05776977539062,90.816818237304688,186.80999755859375,35.35162353515625,35.614772796630859
2023-05-15,396.42071533203125,89.876152038574219,187.21000671386719,35.531711578369141,36.270706176757812
2023-05-16,393.77154541015625,89.606147766113281,184.8699951171875,34.658283233642578,36.012027740478516
2023-05-17,398.55157470703125,89.344886779785156,184.22999572753906,35.324607849121094,36.178325653076172
2023-05-18,402.39089965820312,88.682929992675781,181.83999633789062,35.581241607666016,35.984317779541016
2023-05-19,401.80538940429688,88.055816650390625,183.63999938964844,35.855884552001953,36.012027740478516
2023-05-22,401.96856689453125,87.742286682128906,183.21000671386719,35.707302093505859,36.307666778564453
2023-05-23,397.45733642578125,87.994842529296875,183.42999267578125,36.089992523193359,35.744110107421875
2023-05-24,394.57781982421875,87.559371948242188,181.94999694824219,36.247577667236328,35.4761962890625
2023-05-25,397.99484252929688,87.34161376953125,180.19999694824219,35.603748321533203,35.402286529541016
2023-05-26,403.14910888671875,88.047096252441406,180.91999816894531,35.464176177978516,36.030509948730469
2023-05-30,403.30276489257812,88.926803588867188,182.03999328613281,35.099494934082031,35.614772796630859
2023-05-31,401.06634521484375,89.70196533203125,182.32000732421875,34.482692718505859,35.282184600830078
2023-06-01,404.8768310546875,90.053901672363281,183.75999450683594,34.910411834716797,35.910408020019531
2023-06-02,410.7318115234375,89.067085266113281,181.05000305175781,35.972930908203125,36.529392242431641
2023-06-05,409.94476318359375,88.90118408203125,182.13999938964844,35.734321594238281,36.520153045654297
2023-06-06,410.83737182617188,89.425132751464844,182.33999633789062,36.022464752197266,36.843505859375
2023-06-07,409.41683959960938,88.097747802734375,180.14999389648438,36.9769287109375,36.685218811035156
2023-06-08,411.89321899414062,89.128227233886719,182.52999877929688,36.819362640380859,36.945926666259766
2023-06-09,412.63232421875,89.005966186523438,182.03999328613281,36.61676025390625,37.113521575927734
2023-06-12,416.37564086914062,89.2679443359375,181.8800048828125,36.265583038330078,37.188007354736328
2023-06-13,419.12081909179688,88.385910034179688,180.53999328613281,36.436672210693359,37.560451507568359
2023-06-14,419.619873046875,89.093284606933594,180.63999938964844,36.062980651855469,37.839778900146484
2023-06-15,424.82220458984375,89.949104309082031,181.91000366210938,36.459175109863281,38.193599700927734
2023-06-16,423.37509155273438,89.599784851074219,181.6300048828125,36.405155181884766,38.063243865966797
2023-06-20,421.17861938476562,90.2198486328125,179.75,35.590335845947266,37.318359375
2023-06-21,419.02053833007812,90.43817138671875,179.49000549316406,35.871929168701172,37.141452789306641
2023-06-22,420.53311157226562,89.346542358398438,177.71000671386719,35.390491485595703,37.011100769042969
2023-06-23,417.35394287109375,90.237289428710938,178.19999694824219,35.136150360107422,36.471065521240234
2023-06-26,415.64877319335938,90.333351135253906,178.50999450683594,35.767471313476562,36.592105865478516
2023-06-27,420.20559692382812,90.097557067871094,177.69000244140625,35.849224090576172,36.964550018310547
2023-06-28,420.41754150390625,90.481826782226562,177.27999877929688,36.212574005126953,36.741085052490234
2023-06-29,422.0745849609375,88.848785400390625,177.08999633789062,36.63043212890625,36.545555114746094
2023-06-30,427.0552978515625,89.896713256835938,178.27000427246094,36.866611480712891,36.834194183349609
2023-07-03,427.54669189453125,89.387077331542969,178.47000122070312,36.952896118164062,37.243877410888672
2023-07-05,426.91082763671875,88.537696838378906,177.83999633789062,36.748519897460938,37.020412445068359
2023-07-06,423.56781005859375,87.2855224609375,177.30999755859375,35.921886444091797,36.266227722167969
2023-07-07,422.49844360351562,86.760093688964844,178.63999938964844,36.694011688232422,36.675907135009766
2023-07-10,423.56781005859375,86.873939514160156,178.77999877929688,36.980148315429688,36.703838348388672
2023-07-11,426.26535034179688,87.320541381835938,179.44999694824219,37.793155670166016,37.076278686523438
2023-07-12,429.69503784179688,88.292533874511719,181.8800048828125,38.142887115478516,37.904949188232422
2023-07-13,433.10546875,89.220710754394531,182.00999450683594,37.997543334960938,38.3984375
2023-07-14,432.83572387695312,88.695304870605469,181.42999267578125,36.993778228759766,38.184284210205078
2023-07-17,434.33868408203125,88.739089965820312,181.55999755859375,36.921115875244141,38.230842590332031
2023-07-18,437.56600952148438,89.14190673828125,183.63999938964844,37.293548583984375,37.951511383056641
2023-07-19,438.5390625,90.148918151855469,183.66999816894531,37.511558532714844,37.877017974853516
2023-07-20,435.62960815429688,89.054313659667969,182.74000549316406,37.952121734619141,37.597690582275391
2023-07-21,435.62960815429688,89.080612182617188,182.17999267578125,38.288223266601562,37.541831970214844
2023-07-24,437.57565307617188,88.756622314453125,181.39999389648438,38.905925750732422,38.053932189941406
2023-07-25,438.770263671875,88.5902099609375,182.41000366210938,39.110305786132812,38.370502471923828
2023-07-26,438.83767700195312,88.67779541015625,183.30000305175781,39.123935699462891,38.593967437744141
2023-07-27,435.92822265625,86.952743530273438,180.41999816894531,38.874130249023438,38.119102478027344
2023-07-28,440.19610595703125,87.399360656738281,181.86000061035156,38.992214202880859,39.0408935546875
2023-07-31,441.03424072265625,87.609504699707031,182.35000610351562,39.732551574707031,39.059516906738281
2023-08-01,439.77218627929688,86.173858642578125,180.46000671386719,39.546329498291016,38.566032409667969
2023-08-02,433.65457153320312,85.25189208984375,179.60000610351562,39.028553009033203,37.644245147705078
2023-08-03,432.41183471679688,83.284996032714844,179.53999328613281,39.423702239990234,37.793220520019531
2023-08-04,430.4561767578125,84.760147094726562,180.19000244140625,39.478206634521484,37.746669769287109
2023-08-07,434.21340942382812,83.925994873046875,179.77999877929688,39.523616790771484,37.690799713134766
2023-08-08,432.32510375976562,84.900642395019531,178.63999938964844,39.718917846679688,37.234569549560547
2023-08-09,429.43490600585938,85.339675903320312,177.78999328613281,40.218532562255859,37.327682495117188
2023-08-10,429.589111328125,83.934761047363281,177.60000610351562,40.2139892578125,37.383544921875
2023-08-11,429.33856201171875,83.741607666015625,177.60000610351562,40.831687927246094,36.834194183349609
2023-08-14,431.70849609375,83.55718994140625,177.05999755859375,40.659095764160156,36.657279968261719
2023-08-15,426.67965698242188,83.047927856445312,176.58999633789062,39.814300537109375,36.238292694091797
2023-08-16,423.548583984375,82.398147583007812,175.57000732421875,39.469120025634766,35.912406921386719
2023-08-17,420.32122802734375,82.046905517578125,175.30000305175781,39.941478729248047,35.996204376220703
2023-08-18,420.5234375,82.336685180664062,175.33000183105469,40.336627960205078,35.754127502441406
2023-08-21,423.25955200195312,81.239097595214844,175.80999755859375,40.082275390625,35.837924957275391
2023-08-22,422.11309814453125,81.862510681152344,176.10000610351562,39.773429870605469,35.763431549072266
2023-08-23,426.81448364257812,83.890846252441406,177.88999938964844,39.673503875732422,36.331401824951172
2023-08-24,420.89926147460938,83.337722778320312,177.85000610351562,39.400985717773438,36.191738128662109
2023-08-25,423.866455078125,83.609893798828125,177.6199951171875,39.782512664794922,36.228981018066406
2023-08-28,426.55438232421875,83.697708129882812,178.1300048828125,40.05047607421875,36.582798004150391
2023-08-29,432.72012329101562,84.56695556640625,179.8699951171875,40.15948486328125,37.048343658447266
2023-08-30,434.50241088867188,84.479194641113281,180.32000732421875,40.359329223632812,36.927303314208984
2023-08-31,433.86651611328125,84.85675048828125,180.02000427246094,40.386585235595703,36.471065521240234
2023-09-01,434.67581176757812,83.534812927246094,180.11000061035156,41.213207244873047,36.899368286132812
2023-09-05,432.79718017578125,82.363471984863281,178.63999938964844,41.431221008300781,36.601417541503906
2023-09-06,429.8876953125,82.566017150878906,177.83000183105469,41.449386596679688,36.396575927734375
2023-09-07,428.56793212890625,82.795021057128906,178.02000427246094,41.408504486083984,35.968273162841797
2023-09-08,429.21337890625,83.112060546875,178.08000183105469,41.808197021484375,36.042762756347656
2023-09-11,432.03607177734375,82.513191223144531,178.41000366210938,41.258625030517578,36.48968505859375
2023-09-12,429.6661376953125,82.988800048828125,177.49000549316406,42.230594635009766,36.377956390380859
2023-09-13,430.16705322265625,82.971153259277344,177.08000183105469,41.912666320800781,36.331401824951172
2023-09-14,433.87612915039062,82.372283935546875,177.16999816894531,42.403186798095703,36.573478698730469
2023-09-15,428.648681640625,81.870285034179688,178.33999633789062,41.790031433105469,36.433826446533203
2023-09-18,428.900146484375,82.337059020996094,179.38999938964844,42.1441650390625,36.38726806640625
2023-09-19,428.0106201171875,81.729354858398438,179.22000122070312,41.750675201416016,36.173118591308594
2023-09-20,424.0758056640625,81.9847412109375,179.35000610351562,41.361778259277344,36.024139404296875
2023-09-21,417.06649780273438,79.8798828125,178.05000305175781,40.794418334960938,35.400302886962891
2023-09-22,416.12869262695312,80.522804260253906,178.6199951171875,40.863044738769531,35.819301605224609
2023-09-25,417.87860107421875,78.54119873046875,177.69999694824219,41.375495910644531,35.661014556884766
2023-09-26,411.73944091796875,78.268180847167969,176.27999877929688,41.1375732421875,35.158218383789062
2023-09-27,411.90380859375,77.863075256347656,174.10000610351562,42.162467956542969,35.214084625244141
2023-09-28,414.29177856445312,78.100875854492188,173.22999572753906,42.208221435546875,35.307193756103516
2023-09-29,413.28631591796875,78.109672546386719,171.44999694824219,41.357192993164062,35.335128784179688
2023-10-02,413.1219482421875,76.802108764648438,169.64999389648438,40.533626556396484,35.158218383789062
2023-10-03,407.59188842773438,75.149978637695312,169.16000366210938,40.50616455078125,34.692665100097656
2023-10-04,410.55996704101562,76.210159301757812,169.13999938964844,39.234203338623047,34.590255737304688
2023-10-05,410.40521240234375,75.830268859863281,168.83000183105469,38.99169921875,34.720607757568359
2023-10-06,415.27789306640625,74.911422729492188,169.69999694824219,39.225048065185547,35.223396301269531
2023-10-09,417.93661499023438,76.669593811035156,172.82000732421875,40.533626556396484,35.055801391601562
2023-10-10,420.11190795898438,76.563560485839844,172.52999877929688,40.583953857421875,35.558589935302734
2023-10-11,421.83279418945312,78.162689208984375,173.78999328613281,40.062351226806641,35.782054901123047
2023-10-12,419.2611083984375,76.042304992675781,173.25999450683594,40.108108520507812,35.381679534912109
2023-10-13,417.17288208007812,77.402870178222656,178.83000183105469,40.991157531738281,35.251327514648438
2023-10-16,421.56207275390625,76.157127380371094,177.96000671386719,41.26568603515625,35.512035369873047
2023-10-17,421.54278564453125,75.317832946777344,178.28999328613281,41.695777893066406,35.418926239013672
2023-10-18,415.92562866210938,74.65521240234375,180.8699951171875,42.075538635253906,34.878887176513672
2023-10-19,412.27117919921875,73.12677001953125,183.08999633789062,42.002326965332031,34.674049377441406
2023-10-20,407.20516967773438,73.542015075683594,183.58999633789062,41.297710418701172,34.255058288574219
2023-10-23,406.49935913085938,74.425537109375,182.97000122070312,40.629707336425781,34.227119445800781
2023-10-24,409.56411743164062,75.406173706054688,182.94999694824219,40.057785034179688,34.66473388671875
2023-10-25,403.68603515625,73.727546691894531,183.72000122070312,39.984569549560547,34.208503723144531
2023-10-26,398.85198974609375,74.8583984375,184.00999450683594,39.673446655273438,34.040904998779297
2023-10-27,397.04412841796875,74.540367126464844,186.14999389648438,38.721748352050781,34.012962341308594
2023-10-30,401.7911376953125,74.204605102539062,185.10000610351562,38.849872589111328,34.366786956787109
2023-10-31,404.314453125,73.842384338378906,184.08999633789062,38.977977752685547,34.171260833740234
2023-11-01,408.62637329101562,75.443458557128906,183.50999450683594,38.886474609375,34.487827301025391
2023-11-02,416.45745849609375,77.163314819335938,184.1199951171875,40.062351226806641,35.093040466308594
2023-11-03,420.25689697265625,77.686363220214844,184.78999328613281,39.659713745117188,35.809982299804688
2023-11-06,421.22369384765625,76.932830810546875,183.35000610351562,39.211318969726562,36.098628997802734
2023-11-07,422.42254638671875,78.06756591796875,182.58999633789062,38.341995239257812,36.033451080322266
2023-11-08,422.73193359375,79.397369384765625,180.77000427246094,37.861576080322266,35.791362762451172
2023-11-09,419.43515014648438,77.57110595703125,181.49000549316406,37.747188568115234,35.4561767578125
2023-11-10,425.98031616210938,78.005531311035156,179.50999450683594,38.163555145263672,35.707565307617188
2023-11-13,425.57431030273438,77.828254699707031,180.50999450683594,38.438079833984375,35.698257446289062
2023-11-14,433.83074951171875,79.592422485351562,182.1199951171875,38.781238555908203,36.647975921630859
2023-11-15,434.74920654296875,78.47540283203125,181.63999938964844,38.708030700683594,36.955234527587891
2023-11-16,435.28094482421875,79.450569152832031,183.69000244140625,37.953083038330078,36.601417541503906
2023-11-17,435.82232666015625,79.822898864746094,183.66999816894531,38.749214172363281,36.647975921630859
2023-11-20,439.17718505859375,80.310478210449219,183.3699951171875,38.804111480712891,37.104209899902344
2023-11-21,438.219970703125,80.275062561035156,185.35000610351562,38.717178344726562,36.871437072753906
2023-11-22,439.91189575195312,80.558731079101562,184.55999755859375,38.698879241943359,36.796951293945312
2023-11-24,440.18255615234375,79.610145568847656,185.52000427246094,38.859016418457031,36.815574645996094
2023-11-27,439.38986206054688,80.939956665039062,186.77000427246094,38.721748352050781,36.666595458984375
2023-11-28,439.82489013671875,81.099510192871094,189.25999450683594,38.730911254882812,36.973857879638672
2023-11-29,439.51544189453125,82.119003295898438,189.53999328613281,38.442661285400391,36.759708404541016
2023-11-30,441.24600219726562,81.17041015625,188.75,38.698879241943359,36.834194183349609
2023-12-01,443.85641479492188,82.699188232421875,192.00999450683594,38.900199890136719,36.992477416992188
2023-12-04,441.52645874023438,82.370162963867188,187.86000061035156,38.721748352050781,36.573478698730469
2023-12-05,441.439453125,84.139900207519531,187.14999389648438,38.044589996337891,36.350028991699219
2023-12-06,439.66058349609375,85.260490417480469,187.83999633789062,37.477241516113281,36.303470611572266
2023-12-07,443.01535034179688,84.771347045898438,188.14999389648438,37.221012115478516,36.480377197265625
2023-12-08,444.919921875,84.077659606933594,185.63999938964844,37.623661041259766,36.322090148925781
2023-12-11,446.65048217773438,83.899787902832031,183.58999633789062,37.669410705566406,36.536243438720703
2023-12-12,448.69036865234375,84.148818969726562,183.49000549316406,37.152378082275391,36.545555114746094
2023-12-13,454.87789916992188,86.123146057128906,187.6300048828125,37.669410705566406,36.908683776855469
2023-12-14,456.33770751953125,88.363441467285156,188.72999572753906,38.776653289794922,37.448722839355469
2023-12-15,455.58636474609375,88.461585998535156,187,38.570762634277344,37.225250244140625
2023-12-18,458.149169921875,87.756759643554688,187.85000610351562,38.88580322265625,37.206630706787109
2023-12-19,460.93508911132812,88.2296142578125,189.1300048828125,39.352359771728516,37.523208618164062
2023-12-20,454.54776000976562,88.827384948730469,188.10000610351562,38.987430572509766,36.847728729248047
2023-12-21,458.85775756835938,88.265312194824219,189.42999267578125,39.139869689941406,37.540283203125
2023-12-22,459.77987670898438,87.863815307617188,190.27000427246094,39.255359649658203,37.360027313232422
2023-12-26,461.72140502929688,88.1136474609375,191.72000122070312,39.592571258544922,37.654125213623047
2023-12-27,462.55621337890625,89.674980163574219,192.58999633789062,39.417034149169922,37.872325897216797
2023-12-28,462.73095703125,89.023658752441406,191.47000122070312,38.816513061523438,38.166431427001953
2023-12-29,461.39132690429688,88.220687866210938,191.16999816894531,38.728748321533203,38.147453308105469
2024-01-02,458.8092041015625,87.712135314941406,190.72000122070312,39.144489288330078,37.701560974121094
2024-01-03,455.06228637695312,88.07794189453125,189.1300048828125,39.781959533691406,37.492847442626953
2024-01-04,453.59649658203125,86.739669799804688,189.32000732421875,39.084438323974609,37.369514465332031
2024-01-05,454.21780395507812,85.909904479980469,189.35000610351562,39.116771697998047,37.416950225830078
2024-01-08,460.70211791992188,86.757484436035156,187.8699951171875,38.664073944091797,37.521312713623047
2024-01-09,460.00320434570312,86.204353332519531,187.92999267578125,38.045082092285156,36.990036010742188
2024-01-10,462.60470581054688,85.802825927734375,187.5,37.670913696289062,36.904651641845703
2024-01-11,462.40087890625,86.284629821777344,187.8699951171875,37.767917633056641,37.056442260742188
2024-01-12,462.72119140625,86.115119934082031,189.71000671386719,38.192897796630859,37.189258575439453
2024-01-16,461.02239990234375,84.598358154296875,187.91000366210938,37.282886505126953,36.287986755371094
2024-01-17,458.45974731445312,84.464523315429688,185.83999633789062,36.973392486572266,35.747226715087891
2024-01-18,462.53680419921875,83.679420471191406,187.3699951171875,36.913341522216797,36.041328430175781
2024-01-19,468.30282592773438,83.947044372558594,187.92999267578125,37.033443450927734,36.420806884765625
2024-01-22,469.29299926757812,84.446685791015625,187.22000122070312,37.172019958496094,36.098247528076172
2024-01-23,470.66162109375,83.777534484863281,187.94999694824219,37.25054931640625,36.411323547363281
2024-01-24,471.1761474609375,83.286827087402344,186.39999389648438,37.781776428222656,36.819267272949219
2024-01-25,473.73883056640625,83.831062316894531,187.13999938964844,38.631740570068359,36.866703033447266
2024-01-26,473.13699340820312,83.670501708984375,187.00999450683594,38.918144226074219,36.895160675048828
2024-01-29,476.8839111328125,84.634056091308594,188.33000183105469,38.862709045410156,36.914134979248047
2024-01-30,476.51510620117188,85.401359558105469,188.58999633789062,39.264591217041016,36.620033264160156
2024-01-31,468.73965454101562,86.240005493164062,188.44999694824219,38.530113220214844,36.420806884765625
2024-02-01,474.87460327148438,87.931694030761719,190.41000366210938,38.525489807128906,36.771831512451172
2024-02-02,479.873779296875,85.9893798828125,188.61000061035156,38.580924987792969,36.667469024658203
2024-02-05,478.12646484375,84.252944946289062,187.57000732421875,38.483913421630859,36.714908599853516
2024-02-06,479.51458740234375,85.076416015625,188.55000305175781,38.608646392822266,37.549770355224609
2024-02-07,483.51394653320312,84.6646728515625,188.5,38.687171936035156,37.597206115722656
2024-02-08,483.72750854492188,84.172401428222656,188.33000183105469,39.084438323974609,37.38848876953125
2024-02-09,486.52313232421875,84.002342224121094,187.60000610351562,38.483913421630859,37.549770355224609
2024-02-12,486.30960083007812,84.100784301757812,187.11000061035156,38.908901214599609,37.843864440917969
2024-02-13,479.6116943359375,82.659751892089844,184.52999877929688,38.516258239746094,37.132335662841797
2024-02-14,483.97024536132812,83.080421447753906,184.41999816894531,38.479305267333984,37.663612365722656
2024-02-15,487.30947875976562,83.510055541992188,185.66000366210938,39.550994873046875,37.843864440917969
2024-02-16,484.88265991210938,83.026718139648438,186.33999633789062,39.527900695800781,38.024120330810547
2024-02-20,482.21319580078125,83.09832763671875,187.47000122070312,39.167587280273438,38.081043243408203
2024-02-21,482.65005493164062,82.507568359375,187.47999572753906,39.902065277099609,38.147453308105469
2024-02-22,492.63870239257812,82.910354614257812,187.55999755859375,39.971351623535156,38.536422729492188
2024-02-23,492.97842407226562,84.020256042480469,188.6199951171875,39.708045959472656,38.517448425292969
2024-02-26,491.17288208007812,83.769599914550781,188.19999694824219,39.846630096435547,38.3466796875
2024-02-27,492.08538818359375,83.178886413574219,188,39.675716400146484,38.422576904296875
2024-02-28,491.43505859375,83.706954956054688,188.33999633789062,39.597190856933594,37.919761657714844
2024-02-29,493.20162963867188,84.2977294921875,189.30999755859375,39.791206359863281,37.938739776611328
2024-03-01,497.83200073242188,84.822990417480469,192.88999938964844,40.253139495849609,38.403602600097656
2024-03-04,497.29812622070312,84.481758117675781,196.00999450683594,39.823539733886719,38.318218231201172
2024-03-05,492.32806396484375,85.684944152832031,197.19000244140625,40.119174957275391,37.976680755615234
2024-03-06,494.82278442382812,86.187759399414062,198.80999755859375,40.243900299072266,38.526931762695312
2024-03-07,499.73458862304688,86.106948852539062,199.94000244140625,40.585731506347656,38.764118194580078
2024-03-08,496.73513793945312,85.954307556152344,201.6300048828125,40.728931427001953,38.726161956787109
2024-03-11,496.30801391601562,85.909416198730469,202,41.149295806884766,38.811546325683594
2024-03-12,501.64697265625,85.191093444824219,199.78999328613281,41.084621429443359,39.238460540771484
2024-03-13,500.860595703125,84.778083801269531,201.19000244140625,41.740573883056641,39.115131378173828
2024-03-14,499.87054443359375,83.47613525390625,200.35000610351562,42.170173645019531,38.915908813476562
2024-03-15,496.43814086914062,83.449211120605469,199.71000671386719,42.294891357421875,38.678730010986328
2024-03-18,499.38851928710938,83.197799682617188,200.02999877929688,42.441108703613281,38.745136260986328
2024-03-19,502.1636962890625,83.431236267089844,199.80000305175781,42.925407409667969,38.555397033691406
2024-03-20,506.80838012695312,83.404312133789062,202.17999267578125,42.864875793457031,38.991798400878906
2024-03-21,508.483154296875,83.583877563476562,201.97000122070312,43.120990753173828,39.039237976074219
2024-03-22,507.51925659179688,84.383033752441406,200.35000610351562,43.027854919433594,38.764118194580078
2024-03-25,506.11712646484375,83.96099853515625,200.99000549316406,43.428333282470703,38.792572021484375
2024-03-26,505.18222045898438,84.194465637207031,201.63999938964844,43.093055725097656,38.764118194580078
2024-03-27,509.427734375,85.029487609863281,203.10000610351562,43.4935302734375,38.830520629882812
2024-03-28,509.33035278320312,84.957656860351562,205.72000122070312,43.963855743408203,38.972827911376953
2024-04-01,508.44415283203125,83.373954772949219,207.82000732421875,44.289825439453125,39.039237976074219
2024-04-02,505.21157836914062,82.914527893066406,210.88999938964844,44.909175872802734,39.162570953369141
2024-04-03,505.76641845703125,82.896514892578125,212.74000549316406,45.216510772705078,39.191028594970703
2024-04-04,499.59307861328125,83.4910888671875,211.52000427246094,45.188571929931641,39.048725128173828
2024-04-05,504.81219482421875,82.328971862792969,215.13999938964844,45.672863006591797,39.134105682373047
2024-04-08,505.09451293945312,82.3199462890625,216.47999572753906,45.384143829345703,39.3902587890625
2024-04-09,505.67880249023438,83.085678100585938,217.66999816894531,45.398109436035156,39.655891418457031
2024-04-10,500.61544799804688,81.274971008300781,215.61000061035156,45.537815093994141,39.115131378173828
2024-04-11,504.39349365234375,80.905616760253906,219.80000305175781,45.505222320556641,39.352310180664062
2024-04-12,497.43133544921875,81.3380126953125,216.88999938964844,44.764801025390625,38.451038360595703
2024-04-15,491.19949340820312,80.076835632324219,220.94999694824219,44.345703125,38.204376220703125
2024-04-16,490.3035888671875,79.545326232910156,221.22000122070312,43.959194183349609,37.701560974121094
2024-04-17,487.40185546875,80.428153991699219,219.58999633789062,43.833465576171875,37.673099517822266
2024-04-18,486.39889526367188,80.022781372070312,220.33999633789062,43.698417663574219,37.824893951416016
2024-04-19,482.15347290039062,80.311050415039062,221.02999877929688,44.224628448486328,37.673099517822266
2024-04-22,486.59368896484375,80.175926208496094,215.57000732421875,44.513343811035156,38.081043243408203
2024-04-23,492.367919921875,80.202934265136719,215.03999328613281,44.760147094726562,38.394119262695312
2024-04-24,492.13424682617188,79.635429382324219,214.63999938964844,44.792747497558594,38.526931762695312
2024-04-25,490.2646484375,79.076896667480469,215.91999816894531,44.997642517089844,38.612316131591797
2024-04-26,494.909423828125,79.49127197265625,216.6199951171875,44.583202362060547,39.058208465576172
2024-04-29,496.66207885742188,80.157913208007812,216.17999267578125,44.885879516601562,39.437694549560547
2024-04-30,488.79434204101562,79.473243713378906,211.8699951171875,43.549407958984375,38.887443542480469
2024-05-01,487.2071533203125,80.059066772460938,213.78999328613281,42.855560302734375,38.925388336181641
2024-05-02,491.76419067382812,80.402580261230469,213.1300048828125,43.102367401123047,39.931018829345703
2024-05-03,497.85983276367188,81.216171264648438,212.96000671386719,43.107025146484375,40.291530609130859
2024-05-06,503.0010986328125,81.532608032226562,215.19999694824219,43.44696044921875,40.329475402832031
2024-05-07,503.55612182617188,82.029800415039062,214.21000671386719,43.405052185058594,40.101787567138672
2024-05-08,503.60476684570312,81.532608032226562,213.58000183105469,43.353828430175781,40.111274719238281
2024-05-09,506.50653076171875,81.930366516113281,216.94999694824219,43.9359130859375,40.234603881835938
2024-05-10,507.15896606445312,81.469322204589844,218.71000671386719,43.693767547607422,40.319988250732422
2024-05-13,507.22705078125,81.677238464355469,216.25999450683594,43.577350616455078,40.623577117919922
2024-05-14,509.55429077148438,82.138313293457031,218.08999633789062,43.633224487304688,40.841777801513672
2024-05-15,515.86407470703125,83.259262084960938,220.88999938964844,43.731025695800781,41.278179168701172
2024-05-16,514.802734375,83.177886962890625,220.02999877929688,43.609951019287109,41.363563537597656
2024-05-17,515.542724609375,82.617408752441406,223.66000366210938,44.219970703125,41.543819427490234
2024-05-20,516.13677978515625,82.373321533203125,224.55999755859375,43.931255340576172,41.39202880859375
2024-05-21,517.402587890625,82.798210144042969,224.22999572753906,43.717052459716797,41.135875701904297
2024-05-22,515.912841796875,82.897666931152344,220.11000061035156,42.878849029541016,41.003059387207031
2024-05-23,512.1444091796875,82.364265441894531,215.72000122070312,42.487678527832031,40.699474334716797
2024-05-24,515.5330810546875,82.608360290527344,215.91999816894531,42.548225402832031,40.813316345214844
2024-05-28,515.89324951171875,81.424125671386719,218.19000244140625,42.985950469970703,40.756393432617188
2024-05-29,512.28076171875,80.438751220703125,216.16000366210938,42.226909637451172,40.149219512939453
2024-05-30,508.88241577148438,81.216171264648438,216.57000732421875,42.347980499267578,40.035377502441406
2024-05-31,513.51739501953125,81.767646789550781,215.30000305175781,43.400398254394531,39.646408081054688
2024-06-03,513.93609619140625,83.090194702148438,217.22000122070312,42.26416015625,40.063838958740234
2024-06-04,514.51055908203125,84.060783386230469,215.27000427246094,41.859035491943359,39.504100799560547
2024-06-05,520.62567138671875,84.677627563476562,217.82000732421875,41.854373931884766,40.139732360839844
2024-06-06,520.61590576171875,84.550621032714844,219.42999267578125,42.073234558105469,40.338962554931641
2024-06-07,519.98297119140625,82.999473571777344,211.60000610351562,41.905593872070312,39.883583068847656
2024-06-10,521.589599609375,82.446159362792969,213.53999328613281,42.222255706787109,40.120761871337891
2024-06-11,522.845703125,83.298820495605469,214.14999389648438,42.138431549072266,39.987022399902344
2024-06-12,527.139892578125,83.924720764160156,214.72000122070312,41.686729431152344,40.388233184814453
2024-06-13,528.20135498046875,85.15838623046875,212.97000122070312,41.304885864257812,40.292709350585938
2024-06-14,528.52264404296875,85.874992370605469,215.72999572753906,40.997543334960938,40.340469360351562
2024-06-17,532.7291259765625,85.022308349609375,214.61000061035156,41.104637145996094,40.598388671875
2024-06-18,534.0826416015625,85.802406311035156,215.47000122070312,41.276939392089844,40.970943450927734
2024-06-20,532.6318359375,85.230934143066406,218.16000366210938,42.035984039306641,40.904071807861328
2024-06-21,531.91766357421875,85.230934143066406,214.77999877929688,41.793838500976562,40.760780334472656
2024-06-24,530.1885986328125,85.57562255859375,215.6300048828125,42.84765625,40.760780334472656
2024-06-25,532.2303466796875,85.720771789550781,214.55999755859375,42.946235656738281,40.665256500244141
2024-06-26,532.89459228515625,84.496185302734375,212.58000183105469,42.523765563964844,40.579280853271484
2024-06-27,533.734619140625,84.831802368164062,214.99000549316406,42.622344970703125,40.607936859130859
2024-06-28,531.63433837890625,83.253448486328125,215.00999450683594,42.786636352539062,40.684360504150391
2024-07-01,532.72857666015625,81.816612243652344,215.57000732421875,42.810108184814453,40.779884338378906
2024-07-02,536.313720703125,82.453582763671875,215.55999755859375,42.777248382568359,40.904071807861328
2024-07-03,538.70697021484375,83.536460876464844,217.99000549316406,42.965007781982422,41.505882263183594
2024-07-05,541.8134765625,84.228065490722656,220.92999267578125,42.293750762939453,41.677825927734375
2024-07-08,542.438720703125,84.410049438476562,218.19000244140625,42.03558349609375,41.687381744384766
2024-07-09,542.96612548828125,84.036956787109375,218.55999755859375,41.664749145507812,41.859325408935547
2024-07-10,548.33892822265625,84.300849914550781,219.36000061035156,41.946395874023438,42.098140716552734
2024-07-11,543.61077880859375,85.119827270507812,223.25,42.382942199707031,42.346508026123047
2024-07-12,547.0396728515625,85.483848571777344,223.11000061035156,42.49090576171875,42.518451690673828
2024-07-15,548.54400634765625,84.501060485839844,223.83000183105469,43.134002685546875,42.069480895996094
2024-07-16,551.79705810546875,85.693107604980469,228.28999328613281,43.326454162597656,42.308300018310547
2024-07-17,544.060302734375,85.711334228515625,227.22999572753906,43.758312225341797,41.620513916015625
2024-07-18,539.879150390625,85.056121826171875,225.77999877929688,43.838111877441406,41.228855133056641
2024-07-19,536.29412841796875,84.555633544921875,221.72999572753906,43.359310150146484,40.827648162841797
2024-07-22,541.8232421875,84.309951782226562,221.80000305175781,43.087059020996094,41.171543121337891
2024-07-23,540.97332763671875,84.191665649414062,222.58000183105469,42.401725769042969,40.808544158935547
2024-07-24,528.7135009765625,83.281669616699219,221.80000305175781,42.406414031982422,40.216281890869141
2024-07-25,525.95880126953125,83.964157104492188,218.33000183105469,43.138694763183594,40.05389404296875
2024-07-26,531.84918212890625,84.619338989257812,220.6300048828125,43.274826049804688,40.464653015136719
2024-07-29,532.16192626953125,85.074356079101562,220.32000732421875,42.903987884521484,40.330917358398438
2024-07-30,529.4656982421875,85.401924133300781,222.52000427246094,43.570549011230469,40.149417877197266
2024-07-31,538.07196044921875,86.275527954101562,226.55000305175781,43.753616333007812,41.028251647949219
2024-08-01,530.45233154296875,87.019622802734375,225.77000427246094,42.594181060791016,40.311813354492188
2024-08-02,520.5762939453125,89.731285095214844,225.33999633789062,41.495758056640625,39.738658905029297
2024-08-05,505.41510009765625,90.206047058105469,222.47999572753906,40.580406188964844,38.611457824707031
2024-08-06,510.07476806640625,88.188262939453125,220.69999694824219,40.829200744628906,38.831165313720703
2024-08-07,506.66546630859375,87.567428588867188,220.55000305175781,40.993495941162109,39.069980621337891
2024-08-08,518.378173828125,87.028739929199219,224.00999450683594,41.875980377197266,39.958366394042969
2024-08-09,520.6640625,87.886970520019531,224.55999755859375,41.969867706298828,40.178077697753906
2024-08-12,520.9376220703125,88.206565856933594,228.41000366210938,42.176410675048828,40.311813354492188
2024-08-13,529.50469970703125,88.818267822265625,228.05999755859375,41.768020629882812,40.760780334472656
2024-08-14,531.17535400390625,89.375213623046875,226.19999694824219,42.012104034423828,40.541069030761719
2024-08-15,540.27972412109375,88.6539306640625,226.91000366210938,42.514377593994141,40.990047454833984
2024-08-16,541.4910888671875,88.96435546875,231.99000549316406,42.467441558837891,41.467670440673828
2024-08-19,546.66851806640625,89.375213623046875,231.61000061035156,42.753780364990234,41.868877410888672
2024-08-20,545.779541015625,90.087364196777344,232.46000671386719,41.627193450927734,41.544094085693359
2024-08-21,547.65509033203125,90.142127990722656,232.14999389648438,41.697605133056641,41.706485748291016
2024-08-22,543.35687255859375,89.247398376464844,229.3699951171875,41.805568695068359,41.190647125244141
2024-08-23,549.1302490234375,89.831695556640625,232.02000427246094,42.429882049560547,41.878429412841797
2024-08-26,547.8211669921875,89.603469848632812,232.75999450683594,42.810108184814453,41.524990081787109
2024-08-27,548.57342529296875,89.448257446289062,233.38999938964844,42.411106109619141,41.582305908203125
2024-08-28,545.388671875,89.338676452636719,231.75,42.138851165771484,41.324378967285156
2024-08-29,545.4376220703125,89.046516418457031,232.94999694824219,42.688060760498047,41.343486785888672
2024-08-30,550.64434814453125,88.09698486328125,231.28999328613281,42.84765625,41.429458618164062
2024-09-03,539.3126220703125,89.537826538085938,230.28999328613281,41.7821044921875,40.607936859130859
2024-09-04,538.208740234375,90.691993713378906,230.42999267578125,41.204727172851562,40.598388671875
2024-09-05,536.8997802734375,91.2049560546875,232.35000610351562,40.885528564453125,40.655704498291016
2024-09-06,527.863525390625,91.195762634277344,230.6300048828125,40.373874664306641,39.910598754882812
2024-09-09,533.773681640625,91.58966064453125,231.60000610351562,40.664905548095703,40.244949340820312
2024-09-10,536.09857177734375,92.230850219726562,232.6199951171875,39.965484619140625,40.09210205078125
2024-09-11,541.59844970703125,92.157554626464844,232.25,39.594650268554688,40.388233184814453
2024-09-12,546.1605224609375,91.72705078125,236.33000183105469,39.951408386230469,40.722572326660156
2024-09-13,549.012939453125,91.974372863769531,238.67999267578125,40.176715850830078,40.913627624511719
2024-09-16,549.8238525390625,92.817070007324219,238.66000366210938,40.636745452880859,41.047359466552734
2024-09-17,550.04852294921875,92.368247985839844,237.33999633789062,41.185951232910156,41.095123291015625
2024-09-18,548.41717529296875,91.223251342773438,235.50999450683594,41.265750885009766,40.951831817626953
2024-09-19,557.775634765625,90.920974731445312,239.16999816894531,41.758628845214844,41.821113586425781
2024-09-20,556.81134033203125,90.572891235351562,242.21000671386719,41.664749145507812,41.735141754150391
2024-09-23,558.20269775390625,90.380516052246094,242.67999267578125,42.179210662841797,42.059928894042969
2024-09-24,559.7999267578125,90.362220764160156,246.07000732421875,42.075084686279297,43.492813110351562
2024-09-25,558.5653076171875,89.611114501953125,245.72999572753906,41.251567840576172,43.034290313720703
2024-09-26,560.77984619140625,89.821784973144531,246.97999572753906,40.442245483398438,44.610466003417969
2024-09-27,559.966552734375,90.2889404296875,245.02000427246094,41.265766143798828,44.524490356445312
2024-09-30,562.21038818359375,89.858421325683594,243.05999755859375,41.554473876953125,43.808048248291016
2024-10-01,557.1739501953125,90.507209777832031,245.61000061035156,42.501049041748047,44.123283386230469
2024-10-02,557.4090576171875,89.744499206542969,245.66000366210938,42.936470031738281,44.992568969726562
2024-10-03,556.3900146484375,88.8990478515625,245.49000549316406,43.6937255859375,44.457626342773438
2024-10-04,561.4461669921875,87.805519104003906,245,44.100749969482422,44.868385314941406
2024-10-07,556.37042236328125,87.143852233886719,244.16999816894531,44.256935119628906,45.240928649902344
2024-10-08,561.63238525390625,87.290885925292969,242.3699951171875,43.102115631103516,44.123283386230469
2024-10-09,565.52239990234375,86.794654846191406,241.05000305175781,43.362422943115234,43.884468078613281
2024-10-10,564.53271484375,86.454658508300781,242.82000732421875,43.655860900878906,43.970443725585938
2024-10-11,567.9132080078125,86.105453491210938,245.47000122070312,43.925636291503906,44.285678863525391
2024-10-14,572.55792236328125,86.169761657714844,245.07000732421875,43.906700134277344,44.104175567626953
2024-10-15,568.1092529296875,87.217376708984375,245.91999816894531,42.491573333740234,43.168025970458984
2024-10-16,570.5784912109375,87.584953308105469,247.14999389648438,42.695095062255859,43.502368927001953
2024-10-17,570.6275634765625,86.19732666015625,248.6300048828125,42.898601531982422,43.435497283935547
2024-10-18,572.82244873046875,86.261665344238281,251.27000427246094,42.756618499755859,43.865364074707031
2024-10-21,571.88177490234375,84.754585266113281,251.22000122070312,42.628826141357422,43.559680938720703
2024-10-22,571.5780029296875,84.837303161621094,253.92999267578125,42.728218078613281,43.464157104492188
2024-10-23,566.35516357421875,84.607566833496094,250.8699951171875,42.505779266357422,43.20623779296875
2024-10-24,567.5802001953125,85.149749755859375,252.80000305175781,42.501049041748047,43.139369964599609
2024-10-25,567.38409423828125,84.671890258789062,253.32000732421875,42.486846923828125,43.101158142089844
2024-10-28,569.13812255859375,84.442123413085938,253.33000183105469,42.217071533203125,43.292209625244141
2024-10-29,570.05926513671875,84.57080078125,256.08999633789062,41.573402404785156,43.158473968505859
2024-10-30,568.33465576171875,84.818923950195312,257.5,41.668064117431641,42.738162994384766
2024-10-31,557.19354248046875,84.956741333007812,253.50999450683594,41.928363800048828,42.461139678955078
2024-11-01,559.545166015625,83.759033203125,252.47000122070312,41.663330078125,42.499347686767578
2024-11-04,558.3399658203125,85.059120178222656,252.83000183105469,42.392189025878906,42.738162994384766
2024-11-05,565.09124755859375,85.510917663574219,253.39999389648438,42.676155090332031,43.320865631103516
2024-11-06,579.14251708984375,83.168899536132812,245.69999694824219,44.280597686767578,42.785923004150391
2024-11-07,583.62054443359375,84.210830688476562,249.64999389648438,44.07708740234375,43.731624603271484
2024-11-08,586.14874267578125,85.2803955078125,247.96000671386719,44.370521545410156,42.652191162109375
2024-11-11,586.7071533203125,84.865470886230469,242.13999938964844,44.621360778808594,42.327404022216797
2024-11-12,584.8846435546875,83.593048095703125,240.05000305175781,44.384719848632812,41.524990081787109
2024-11-13,585.1688232421875,82.800086975097656,237.6300048828125,44.730216979980469,41.257511138916016
2024-11-14,581.40606689453125,83.279563903808594,237.00999450683594,44.900600433349609,41.028251647949219
2024-11-15,573.958984375,83.058273315429688,236.58999633789062,44.834339141845703,41.028251647949219
2024-11-18,576.310791015625,83.205787658691406,241.08999633789062,45.430683135986328,41.496326446533203
2024-11-19,578.41748046875,83.629936218261719,243.25,45.141975402832031,41.467670440673828
2024-11-20,578.61346435546875,83.362548828125,244.6199951171875,45.596328735351562,41.419910430908203
2024-11-21,581.7196044921875,83.298027038574219,246.66000366210938,45.965496063232422,41.333934783935547
2024-11-22,583.5225830078125,83.344093322753906,249.83999633789062,46.036479949951172,41.343486785888672
2024-11-25,585.50201416015625,85.501701354980469,242.47999572753906,45.127773284912109,41.372142791748047
2024-11-26,588.5592041015625,85.169761657714844,242.94999694824219,45.066253662109375,41.200199127197266
2024-11-27,586.77581787109375,85.759849548339844,243.49000549316406,45.018924713134766,41.257511138916016
2024-11-29,590.4210205078125,86.645050048828125,245.58999633789062,45.212974548339844,41.324378967285156
2024-12-02,591.4791259765625,86.853225708007812,243.44000244140625,44.734947204589844,41.486778259277344
2024-12-03,591.75341796875,86.103759765625,243.92999267578125,44.730216979980469,41.572750091552734
2024-12-04,595.42803955078125,87.02899169921875,244.66999816894531,43.651126861572266,41.677825927734375
2024-12-05,594.44818115234375,87.204811096191406,242.86000061035156,43.821506500244141,41.954849243164062
2024-12-06,595.57501220703125,87.334327697753906,242.94999694824219,43.078453063964844,41.887985229492188
2024-12-09,592.508056640625,86.529396057128906,245.36000061035156,43.007461547851562,42.747714996337891
2024-12-10,590.6658935546875,86.122283935546875,248.58999633789062,42.714019775390625,42.059928894042969
2024-12-11,595.23211669921875,85.308059692382812,250.96000671386719,42.785015106201172,42.231876373291016
2024-12-12,592.16510009765625,84.271781921386719,247.27999877929688,42.439517974853516,42.021720886230469
2024-12-13,592.04754638671875,83.411293029785156,244.28999328613281,42.226535797119141,42.059928894042969
2024-12-16,594.57550048828125,83.661117553710938,244.8800048828125,41.298900604248047,41.830669403076172
2024-12-17,592.125732421875,83.864662170410156,243.94000244140625,40.991260528564453,41.730613708496094
2024-12-18,574.47845458984375,82.816001892089844,239.25999450683594,39.779651641845703,40.759231567382812
2024-12-19,574.30194091796875,81.562057495117188,239.60000610351562,39.434150695800781,40.895225524902344
2024-12-20,581.199951171875,82.026458740234375,242.10000610351562,39.822246551513672,41.06036376953125
2024-12-23,584.68035888671875,81.274116516113281,240.96000671386719,40.056102752685547,41.293491363525391
2024-12-24,591.1790771484375,81.617782592773438,241.44000244140625,40.39495849609375,41.419773101806641
2024-12-26,591.218505859375,81.571334838867188,243.07000732421875,40.361545562744141,41.274070739746094
2024-12-27,584.99493408203125,80.902549743652344,241.39999389648438,40.356773376464844,41.089504241943359
2024-12-30,578.31915283203125,81.552772521972656,240.6300048828125,40.352001190185547,40.759231567382812
2024-12-31,576.21527099609375,81.116203308105469,242.1300048828125,40.881755828857422,40.623237609863281
2025-01-02,574.799560546875,81.339111328125,245.41999816894531,41.359016418457031,40.564956665039062
2025-01-03,581.98651123046875,81.079063415527344,243.49000549316406,41.745590209960938,40.943801879882812
2025-01-06,585.33905029296875,80.716812133789062,243.19000244140625,41.5546875,41.089504241943359
2025-01-07,578.72235107421875,79.8065185546875,244.55999755859375,41.969902038574219,40.798088073730469
2025-01-08,579.56781005859375,79.908706665039062,245.86000061035156,42.012855529785156,40.603813171386719
2025-01-10,570.71929931640625,79.379264831542969,248.21000671386719,42.184665679931641,39.914131164550781
2025-01-13,571.604248046875,79.351402282714844,245.74000549316406,43.072360992431641,39.642147064208984
2025-01-14,572.3907470703125,79.221359252929688,247.02999877929688,43.535305023193359,40.088977813720703
2025-01-15,582.802490234375,80.586753845214844,248.8800048828125,44.179599761962891,40.613529205322266
2025-01-16,581.6817626953125,80.846824645996094,250.60000610351562,44.499359130859375,40.564956665039062
2025-01-17,587.521728515625,80.986152648925781,249.27000427246094,44.842983245849609,40.885513305664062
2025-01-21,592.899658203125,81.710655212402344,253.1300048828125,44.613903045654297,41.322635650634766
2025-01-22,596.232666015625,81.283409118652344,254.42999267578125,43.802570343017578,41.351776123046875
2025-01-23,599.48687744140625,80.651786804199219,254.07000732421875,44.003009796142578,41.448909759521484
2025-01-24,597.7366943359375,81.014030456542969,255.64999389648438,43.578250885009766,41.720905303955078
2025-01-27,589.2816162109375,81.970741271972656,252.99000549316406,43.124862670898438,40.963222503662109
2025-01-28,594.34490966796875,81.915023803710938,255.17999267578125,42.714424133300781,41.264354705810547
2025-01-29,591.6805419921875,81.747817993164062,254.19999694824219,42.809871673583984,41.274070739746094
2025-01-30,594.85614013671875,82.054336547851562,258.04998779296875,43.029411315917969,41.973461151123047
2025-01-31,591.69036865234375,81.515609741210938,258.55999755859375,41.82672119140625,41.497482299804688
2025-02-03,587.70855712890625,82.179298400878906,259.94000244140625,42.089214324951172,41.196353912353516
2025-02-04,591.6510009765625,82.430984497070312,262.5,42.972137451171875,41.934608459472656
2025-02-05,594.04986572265625,83.791946411132812,264.1300048828125,43.062816619873047,41.827754974365234
2025-02-06,596.1146240234375,83.754653930664062,263.42999267578125,42.270576477050781,42.002605438232422
2025-02-07,590.6580810546875,83.214004516601562,263.89999389648438,42.265800476074219,41.963748931884766
2025-02-10,594.6693115234375,82.962333679199219,268.3699951171875,43.196449279785156,42.4688720703125
2025-02-11,595.12158203125,82.430984497070312,267.3900146484375,43.544845581054688,42.303733825683594
2025-02-12,593.20440673828125,81.312408447265625,267.67001342773438,42.494880676269531,42.536865234375
2025-02-13,599.46722412109375,82.664024353027344,270.30999755859375,42.814643859863281,42.808849334716797
2025-02-14,599.43768310546875,83.102149963378906,266.29000854492188,42.9864501953125,43.139122009277344
2025-02-18,601.19744873046875,82.123374938964844,270.70001220703125,43.573478698730469,43.411109924316406
2025-02-19,602.61328125,82.225921630859375,270.85000610351562,43.917106628417969,43.343109130859375
2025-02-20,600.1063232421875,82.533538818359375,270.989990234375,44.318000793457031,43.741378784179688
2025-02-21,589.84197998046875,83.530929565429688,270.739990234375,43.396892547607422,43.615104675292969
2025-02-24,587.157958984375,83.7733154296875,272.20999145507812,43.406440734863281,42.944847106933594
2025-02-25,584.23785400390625,85.218154907226562,268.6199951171875,42.781234741210938,42.973987579345703
2025-02-26,584.53289794921875,85.721519470214844,269.02999877929688,42.537834167480469,43.401393890380859
2025-02-27,575.20263671875,85.115592956542969,264.92999267578125,42.766918182373047,42.556293487548828
2025-02-28,584.17889404296875,86.159614562988281,263.26998901367188,43.430305480957031,41.973461151123047
2025-03-03,573.94415283203125,86.56170654296875,266.739990234375,41.912631988525391,41.604343414306641
2025-03-04,567.15057373046875,85.4957275390625,269.05999755859375,41.5069580078125,41.954032897949219
2025-03-05,573.24609375,84.813095092773438,269.6199951171875,40.900852203369141,43.207118988037109
2025-03-06,563.0703125,84.532585144042969,268.25,41.024932861328125,42.935134887695312
2025-03-07,566.22625732421875,84.261383056640625,268.3900146484375,41.726497650146484,43.148834228515625
2025-03-10,551.14453125,85.140388488769531,266.04000854492188,42.036716461181641,42.119167327880859
2025-03-11,546.56292724609375,84.532585144042969,269.16000366210938,41.702632904052734,42.4688720703125
2025-03-12,549.4632568359375,84.027626037597656,270.32998657226562,41.893539428710938,42.701999664306641
2025-03-13,542.13861083984375,84.766342163085938,275.1300048828125,41.607185363769531,42.527149200439453
2025-03-14,553.3369140625,84.317497253417969,275.239990234375,42.838508605957031,43.304256439208984
2025-03-17,557.60400390625,84.73828125,276.73001098632812,43.520984649658203,44.042507171630859
2025-03-18,551.5771484375,84.822433471679688,279.95999145507812,43.592571258544922,43.819091796875
2025-03-19,557.5843505859375,85.261924743652344,281.1099853515625,44.303684234619141,43.925941467285156
2025-03-20,555.9718017578125,85.318046569824219,280.75,44.465946197509766,43.517963409423828
2025-03-21,556.1552734375,84.813095092773438,278.489990234375,44.155731201171875,43.304256439208984
2025-03-24,566.11517333984375,83.943450927734375,277.25,44.658840179443359,43.498531341552734
2025-03-25,567.47601318359375,83.934120178222656,278.47000122070312,44.841609954833984,43.372257232666016
2025-03-26,560.7012939453125,83.382400512695312,278.239990234375,45.106147766113281,43.109981536865234
2025-03-27,559.2122802734375,83.139289855957031,281.97000122070312,44.66845703125,43.323684692382812
2025-03-28,547.95068359375,84.289421081542969,284.05999755859375,44.456829071044922,42.517436981201172
2025-03-31,551.62896728515625,85.121665954589844,288.1400146484375,44.947425842285156,42.449440002441406
2025-04-01,553.18701171875,85.859298706054688,287.57000732421875,45.211967468261719,42.585433959960938
2025-04-02,556.6878662109375,85.803016662597656,288.16000366210938,45.274486541748047,42.643714904785156
2025-04-03,529.2537841796875,86.197151184082031,286.42001342773438,41.720062255859375,41.740333557128906
2025-04-04,498.26968383789062,87.1356201171875,279.72000122070312,37.881855010986328,39.418727874755859
2025-04-07,497.38214111328125,84.507926940917969,273.70999145507812,37.636550903320312,37.951934814453125
2025-04-08,489.59182739257812,82.912551879882812,275.20001220703125,36.765983581542969,37.417675018310547
2025-04-09,541.0084228515625,83.400535583496094,285.3800048828125,39.613376617431641,40.011264801025391
2025-04-10,517.30194091796875,81.101333618164062,292.35000610351562,37.025714874267578,39.321586608886719
2025-04-11,526.531982421875,81.542427062988281,297.92999267578125,37.944377899169922,40.555244445800781
2025-04-14,531.64019775390625,82.124244689941406,296.23001098632812,38.079051971435547,40.924369812011719
2025-04-15,530.15106201171875,82.415191650390625,297.77999877929688,38.021335601806641,40.885513305664062
2025-04-16,518.36688232421875,82.875015258789062,307.47000122070312,38.333972930908203,40.409538269042969
2025-04-17,519.10650634765625,82.143035888671875,306.1199951171875,39.199733734130859,40.720375061035156
2025-04-21,506.75033569335938,80.707183837890625,315.58999633789062,38.175251007080078,40.710662841796875
2025-04-22,519.9349365234375,81.157661437988281,311.1099853515625,39.146827697753906,41.322635650634766
2025-04-23,527.991455078125,81.9459228515625,303.64999389648438,39.074680328369141,41.798614501953125
2025-04-24,539.105224609375,82.809310913085938,308.07000732421875,39.699954986572266,42.284305572509766
2025-04-25,543.0003662109375,83.419326782226562,304.73001098632812,39.627803802490234,42.206592559814453
2025-04-28,543.2073974609375,83.944854736328125,309.07000732421875,39.906772613525391,42.284305572509766
2025-04-29,546.6292724609375,84.648704528808594,306.05999755859375,39.791343688964844,42.400871276855469
2025-04-30,546.84625244140625,83.963630676269531,303.76998901367188,38.718757629394531,42.507724761962891
2025-05-01,550.7216796875,83.537887573242188,297.45999145507812,38.863052368164062,42.498008728027344
2025-05-02,558.89666748046875,82.6336669921875,297.98001098632812,39.43060302734375,43.712238311767578
2025-05-05,555.6917724609375,82.172111511230469,306.8800048828125,38.718757629394531,44.042507171630859
2025-05-06,551.04705810546875,82.445281982421875,315.48001098632812,38.728378295898438,43.867660522460938
2025-05-07,553.36456298828125,82.793785095214844,310.75,38.742805480957031,43.362541198730469
2025-05-08,557.22027587890625,81.870697021484375,304.6300048828125,39.252643585205078,43.333400726318359
2025-05-09,556.51025390625,81.993148803710938,306.83999633789062,39.647045135498047,43.62481689453125
2025-05-12,574.90155029296875,81.230186462402344,298.19000244140625,40.681148529052734,44.567058563232422
2025-05-13,578.69818115234375,80.900543212890625,299.45999145507812,41.253513336181641,44.644763946533203
2025-05-14,579.43780517578125,80.363670349121094,293.16000366210938,41.003406524658203,44.984752655029297
2025-05-15,582.26788330078125,81.070075988769531,297.83999633789062,41.176555633544922,44.965324401855469
2025-05-16,585.9559326171875,81.286705017089844,294.239990234375,41.114032745361328,44.936180114746094
2025-05-19,586.59698486328125,81.051246643066406,298.02999877929688,40.580142974853516,45.033317565917969
2025-05-20,584.62469482421875,80.467262268066406,303.57998657226562,40.204978942871094,44.984752655029297
2025-05-21,574.77337646484375,79.092086791992188,305.82000732421875,39.464271545410156,44.868183135986328
2025-05-22,575.00018310546875,79.506523132324219,303.1099853515625,39.310359954833984,44.722476959228516
2025-05-23,571.07537841796875,79.63836669921875,309.75,39.435413360595703,44.907039642333984
2025-05-27,582.9483642578125,80.749824523925781,304.5,39.776908874511719,44.800186157226562
2025-05-28,579.5758056640625,80.401336669921875,303.80999755859375,39.271884918212891,44.596195220947266
2025-05-29,581.86358642578125,81.145431518554688,305.6099853515625,39.565280914306641,44.761333465576172
2025-05-30,581.21282958984375,81.267898559570312,303.60000610351562,39.214164733886719,44.217357635498047
2025-06-02,584.4866943359375,80.511558532714844,311.67001342773438,39.728809356689453,44.537910461425781
2025-06-03,587.81982421875,80.3697509765625,308.91000366210938,40.200172424316406,44.644763946533203
2025-06-04,587.6619873046875,81.674400329589844,310.89999389648438,39.416175842285156,45.198451995849609
2025-06-05,584.8218994140625,81.731124877929688,309.32998657226562,39.377696990966797,45.431587219238281
2025-06-06,590.82745361328125,80.691184997558594,305.17999267578125,40.118400573730469,45.577293395996094
2025-06-09,591.3599853515625,80.776268005371094,306.6199951171875,40.195358276367188,45.965847015380859
2025-06-10,594.7127685546875,81.192230224609375,306.70999145507812,40.912014007568359,46.228118896484375
2025-06-11,593.0167236328125,81.438056945800781,308.3699951171875,41.503616333007812,46.422401428222656
2025-06-12,595.37347412109375,82.411827087402344,312.20001220703125,41.647914886474609,46.500106811523438
2025-06-13,588.7171630859375,81.617691040039062,316.29000854492188,42.374191284179688,45.761859893798828
2025-06-16,594.31829833984375,80.795181274414062,311.77999877929688,42.249134063720703,46.322868347167969
2025-06-17,589.2398681640625,81.778411865234375,311.94000244140625,42.643539428710938,45.714778900146484
2025-06-18,589.15106201171875,81.92022705078125,310.260009765625,42.364566802978516,45.704967498779297
2025-06-20,587.767333984375,81.768951416015625,310.1300048828125,42.797451019287109,45.440158843994141
2025-06-23,593.57305908203125,82.033668518066406,311.07998657226562,41.715179443359375,45.812854766845703
2025-06-24,600.13037109375,82.629280090332031,306.19000244140625,41.172096252441406,46.999614715576172
2025-06-25,600.4666748046875,82.733291625976562,307.1199951171875,40.992687225341797,47.038848876953125
2025-06-26,605.16461181640625,83.149261474609375,306.77999877929688,41.579402923583984,47.352703094482422
2025-06-27,608.1712646484375,82.619842529296875,301.22000122070312,41.361202239990234,47.166351318359375
2025-06-30,611.07904052734375,83.432876586914062,304.82998657226562,41.123607635498047,47.313472747802734
2025-07-01,610.88128662109375,83.639747619628906,307.54998779296875,41.438785552978516,47.401744842529297
2025-07-02,613.65057373046875,83.108352661132812,309.25,42.151580810546875,47.607711791992188
2025-07-03,618.48699951171875,82.52947998046875,307.1400146484375,42.200065612792969,47.823482513427734
2025-07-07,613.8780517578125,81.741867065429688,307.3699951171875,41.792758941650391,47.146736145019531
2025-07-08,613.54180908203125,81.637481689453125,304.16000366210938,42.917701721191406,47.440975189208984
2025-07-09,617.22100830078125,82.49151611328125,305.51998901367188,42.699501037597656,47.362514495849609
2025-07-10,618.9617919921875,82.548469543457031,306.20001220703125,43.024383544921875,47.490013122558594
2025-07-11,616.78582763671875,81.40972900390625,309.1400146484375,43.218338012695312,47.333087921142578
2025-07-14,617.96270751953125,81.238929748535156,308.010009765625,42.743144989013672,47.401744842529297
2025-07-15,615.322021484375,80.669578552246094,306.73001098632812,42.127330780029297,47.745018005371094
2025-07-16,617.37921142578125,80.783424377441406,308.260009765625,41.763664245605469,47.970603942871094
2025-07-17,621.1573486328125,80.764457702636719,307.58999633789062,42.020656585693359,48.245223999023438
2025-07-18,620.70245361328125,80.8878173828125,308.3900146484375,41.681232452392578,48.137340545654297
2025-07-21,621.87939453125,81.6090087890625,313.1300048828125,41.249675750732422,48.451190948486328
2025-07-22,621.96844482421875,82.102462768554688,316.10000610351562,41.443637847900391,48.480613708496094
2025-07-23,627.25982666015625,81.646965026855469,312.17999267578125,42.093391418457031,48.971012115478516
2025-07-24,627.46746826171875,81.504646301269531,310.26998901367188,42.394023895263672,48.706199645996094
2025-07-25,630.11810302734375,82.017059326171875,307.39999389648438,42.2340087890625,48.559074401855469
2025-07-28,629.95989990234375,81.485649108886719,305.41000366210938,42.71405029296875,48.235416412353516
2025-07-29,628.29827880859375,82.861618041992188,306.25,43.131053924560547,48.255035400390625
2025-07-30,627.50701904296875,82.434585571289062,300.95999145507812,42.515247344970703,47.901947021484375
2025-07-31,625.1531982421875,82.482040405273438,302.95999145507812,42.287345886230469,47.627326965332031
2025-08-01,614.90655517578125,83.6546630859375,309.1099853515625,41.501823425292969,47.274242401123047
2025-08-04,624.2530517578125,83.883262634277344,310.91000366210938,41.409690856933594,47.764636993408203
2025-08-05,621.08807373046875,84.140449523925781,311.16000366210938,41.463027954101562,47.901947021484375
2025-08-06,625.84552001953125,83.6546630859375,310.5,41.079967498779297,48.127529144287109
2025-08-07,625.32122802734375,83.511764526367188,313.1199951171875,40.919956207275391,48.529651641845703
2025-08-08,630.19720458984375,83.1497802734375,313.04998779296875,41.181797027587891,48.490421295166016
2025-08-11,628.9510498046875,83.24505615234375,308.54998779296875,40.852066040039062,48.353111267089844
2025-08-12,635.64691162109375,82.825904846191406,308.26998901367188,41.050872802734375,48.94158935546875
2025-08-13,637.82281494140625,83.511764526367188,309.20999145507812,41.526065826416016,49.530063629150391
2025-08-14,637.882080078125,82.892601013183594,307.25,41.487274169921875,48.921974182128906
2025-08-15,636.388671875,82.302017211914062,307.42999267578125,41.487274169921875,48.980819702148438
2025-08-18,636.2501220703125,82.063858032226562,306.95001220703125,41.239982604980469,49.265251159667969
2025-08-19,632.79833984375,82.5401611328125,305.26998901367188,41.254528045654297,48.863124847412109
2025-08-20,631.11700439453125,82.72113037109375,308.3599853515625,41.598804473876953,48.794471740722656
2025-08-21,628.5850830078125,82.311531066894531,307.29000854492188,41.8848876953125,48.68658447265625
2025-08-22,638.2381591796875,82.921173095703125,310.57998657226562,42.738296508789062,49.657569885253906
2025-08-25,635.42919921875,82.683029174804688,309.82998657226562,42.849826812744141,49.373138427734375
2025-08-26,638.08978271484375,82.635406494140625,312.07998657226562,42.781940460205078,49.245635986328125
2025-08-27,639.543701171875,82.5401611328125,312.70999145507812,43.261974334716797,48.951396942138672
2025-08-28,641.80853271484375,83.083114624023438,315.02999877929688,43.591705322265625,49.137744903564453
2025-08-29,637.98101806640625,82.492515563964844,318.07000732421875,43.829296112060547,48.902359008789062
2025-09-02,633.25335693359375,81.878631591796875,325.58999633789062,43.892337799072266,48.863124847412109
2025-09-03,636.68536376953125,82.7774658203125,328.1400146484375,42.908004760742188,49.049472808837891
2025-09-04,642.00634765625,83.408546447753906,326.69000244140625,43.194095611572266,48.892547607421875
2025-09-05,640.14697265625,84.680290222167969,331.04998779296875,42.360080718994141,49.481025695800781
2025-09-08,641.71954345703125,85.808586120605469,334.82000732421875,42.263103485107422,49.93218994140625
2025-09-09,643.203125,85.320938110351562,334.05999755859375,42.466758728027344,50.206809997558594
2025-09-10,645.06256103515625,85.808586120605469,335.260009765625,43.208637237548828,50.550090789794922
2025-09-11,650.42315673828125,86.382301330566406,334.760009765625,43.218338012695312,51.285686492919922
2025-09-12,650.20550537109375,86.009368896484375,335.42001342773438,42.961341857910156,51.256259918212891
2025-09-15,653.66717529296875,86.210189819335938,338.91000366210938,42.815879821777344,51.628959655761719
2025-09-16,652.76715087890625,86.391876220703125,339.58999633789062,43.533515930175781,52.011470794677734
2025-09-17,651.95611572265625,86.17193603515625,336.97000122070312,43.635341644287109,52.237052917480469
2025-09-18,655.00238037109375,85.282691955566406,335.6199951171875,43.49957275390625,52.109554290771484
2025-09-19,658.24652099609375,85.1201171875,339.17999267578125,42.922550201416016,51.991855621337891
2025-09-22,661.36065673828125,84.81414794921875,345.04998779296875,42.873157501220703,52.246860504150391
2025-09-23,657.7606201171875,85.406974792480469,346.45999145507812,43.611591339111328,52.276283264160156
2025-09-24,655.66778564453125,85.081878662109375,343.32000732421875,44.178867340087891,52.099742889404297
2025-09-25,652.6429443359375,85.081878662109375,344.75,44.574981689453125,51.795696258544922
2025-09-26,656.3819580078125,85.005386352539062,346.739990234375,44.985763549804688,51.697616577148438
2025-09-29,658.2266845703125,85.703414916992188,352.45999145507812,44.159309387207031,52.16839599609375
2025-09-30,660.70611572265625,85.454803466796875,355.47000122070312,43.689834594726562,52.374366760253906
2025-10-01,662.95751953125,85.675491333007812,356.02999877929688,43.689834594726562,52.786296844482422
2025-10-02,663.7210693359375,85.924964904785156,354.79000854492188,43.249717712402344,53.031494140625
2025-10-03,663.71124267578125,85.761833190917969,357.6400146484375,43.479560852050781,53.188423156738281
2025-10-06,666.09149169921875,85.080574035644531,364.3800048828125,43.694728851318359,53.433620452880859
2025-10-07,663.6219482421875,85.5699462890625,366.260009765625,43.763191223144531,53.021690368652344
2025-10-08,667.57916259765625,85.637100219726562,372.29998779296875,43.508903503417969,53.443431854248047
2025-10-09,665.64520263671875,85.5699462890625,365.42999267578125,42.917171478271484,52.894184112548828
2025-10-10,647.65423583984375,86.951644897460938,369.1199951171875,41.675037384033203,50.942405700683594
2025-10-13,657.5919189453125,86.903678894042969,378.08999633789062,42.2423095703125,52.423404693603516
2025-10-14,656.78857421875,87.18194580078125,380.79000854492188,42.237422943115234,51.952625274658203
2025-10-15,659.70440673828125,86.990028381347656,387.3900146484375,42.212970733642578,52.805915832519531
2025-10-16,655.21173095703125,87.642501831054688,396.45001220703125,41.704380035400391,53.149188995361328
2025-10-17,658.93084716796875,87.508171081542969,388.989990234375,42.046707153320312,53.139381408691406
2025-10-20,665.7840576171875,87.844001770019531,403.14999389648438,42.491722106933594,53.865169525146484
2025-10-21,665.77410888671875,88.275779724121094,377.239990234375,42.393913269042969,53.266891479492188
2025-10-22,662.31280517578125,88.333358764648438,377.27999877929688,42.936733245849609,53.217845916748047
2025-10-23,666.24029541015625,87.728874206542969,378.79000854492188,43.508903503417969,53.688629150390625
2025-10-24,671.6851806640625,87.767250061035156,377.51998901367188,43.068775177001953,54.041713714599609
2025-10-27,679.6094970703125,88.064689636230469,367.010009765625,43.171466827392578,54.639999389648438
2025-10-28,681.41455078125,88.294967651367188,364.3800048828125,42.721565246582031,54.620380401611328
2025-10-29,681.74188232421875,87.402618408203125,363,43.039432525634766,54.934234619140625
2025-10-30,674.24395751953125,86.894088745117188,370.1300048828125,42.785137176513672,54.365375518798828
2025-10-31,676.45562744140625,86.635025024414062,368.1199951171875,43.098114013671875,54.237873077392578
2025-11-03,677.72515869140625,86.418342590332031,368.77999877929688,43.103004455566406,54.581153869628906
2025-11-04,669.69171142578125,86.610939025878906,362.32000732421875,42.638427734375,53.580741882324219
2025-11-05,672.01251220703125,85.667213439941406,366.510009765625,42.750907897949219,54.061328887939453
2025-11-06,664.80218505859375,86.437591552734375,366.07000732421875,43.166576385498047,53.659202575683594
2025-11-07,665.45672607421875,86.254623413085938,368.30999755859375,43.787647247314453,53.502277374267578
2025-11-10,675.84075927734375,86.235374450683594,378.3800048828125,44.183761596679688,54.443836212158203
2025-11-11,677.38787841796875,86.630195617675781,379.8699951171875,44.760814666748047,54.502685546875
2025-11-12,677.7647705078125,86.784263610839844,385.989990234375,44.134857177734375,54.512493133544922
2025-11-13,666.5179443359375,86.0716552734375,382.8699951171875,44.247333526611328,53.874980926513672
2025-11-14,666.408935546875,85.580535888671875,375.95999145507812,45.000438690185547,53.904403686523438
2025-11-17,660.20025634765625,85.792404174804688,371.64999389648438,44.178867340087891,53.266891479492188
2025-11-18,654.65625,85.763511657714844,374.35000610351562,44.530967712402344,53.002071380615234
2025-11-19,657.185302734375,85.590171813964844,374.95999145507812,43.953914642333984,52.815719604492188
2025-11-20,647.1683349609375,85.927223205566406,374.85000610351562,43.455104827880859,52.089935302734375
2025-11-21,653.6148681640625,86.187225341796875,374.26998901367188,43.728958129882812,52.080127716064453
2025-11-24,663.23516845703125,86.6783447265625,380.20001220703125,43.606704711914062,52.629371643066406
2025-11-25,669.47344970703125,86.89984130859375,380.07998657226562,43.332847595214844,52.815719604492188
2025-11-26,674.09521484375,87.285026550292969,383.1199951171875,43.660495758056641,53.198234558105469
2025-11-28,677.77471923828125,86.870941162109375,387.8800048828125,44.232662200927734,53.276695251464844
2025-12-01,674.68035888671875,85.789512634277344,389.75,44.658115386962891,53.237464904785156
2025-12-02,675.9300537109375,85.828163146972656,387.239990234375,44.081062316894531,53.257080078125
2025-12-03,678.2706298828125,86.06976318359375,386.8800048828125,44.907520294189453,53.296314239501953
2025-12-04,678.76654052734375,85.60589599609375,387.1300048828125,45.098243713378906,53.286506652832031
2025-12-05,680.0557861328125,85.209648132324219,386.44000244140625,44.912410736083984,53.688629150390625
2025-12-08,678.01275634765625,84.929397583007812,385.42001342773438,44.423381805419922,53.570930480957031
2025-12-09,677.42755126953125,85.016372680664062,387.39999389648438,44.697238922119141,53.482662200927734
2025-12-10,681.92041015625,85.344940185546875,389.04998779296875,45.166706085205078,54.080944061279297
2025-12-11,683.5072021484375,85.228988647460938,393.239990234375,44.951534271240234,53.825939178466797
2025-12-12,676.1580810546875,84.407516479492188,395.44000244140625,44.511405944824219,53.198234558105469
2025-12-15,675.13653564453125,84.465499877929688,395.79998779296875,44.198429107666016,53.041305541992188
2025-12-16,673.2918701171875,84.929397583007812,395.8900146484375,42.848709106445312,52.706047058105469
2025-12-17,665.88323974609375,84.852081298828125,399.29000854492188,43.79742431640625,52.328010559082031
2025-12-18,670.9114990234375,85.257972717285156,398.57000732421875,43.161689758300781,52.924911499023438
2025-12-19,676.9923095703125,84.93975830078125,399.01998901367188,43.161689758300781,53.442222595214844
2025-12-22,681.2098388671875,84.755424499511719,408.23001098632812,43.608524322509766,53.730720520019531
2025-12-23,684.32330322265625,84.891242980957031,413.6400146484375,43.894577026367188,54.029170989990234
2025-12-24,686.73052978515625,85.405448913574219,411.92999267578125,43.766349792480469,54.138599395751953
2025-12-26,686.660888671875,85.12408447265625,416.739990234375,43.598663330078125,54.516635894775391
2025-12-29,684.2138671875,85.444259643554688,398.60000610351562,44.012947082519531,54.377361297607422
2025-12-30,683.3782958984375,85.240516662597656,398.8900146484375,44.348323822021484,54.596221923828125
2025-12-31,678.31524658203125,84.561393737792969,396.30999755859375,44.101722717285156,54.427101135253906
2026-01-02,679.55859375,84.435256958007812,398.27999877929688,45.028934478759766,55.949192047119141
2026-01-05,684.0845947265625,84.852432250976562,408.760009765625,46.252063751220703,56.565982818603516
2026-01-06,688.1529541015625,84.677810668945312,413.17999267578125,45.019069671630859,56.983810424804688
2026-01-07,685.93475341796875,85.172607421875,409.23001098632812,44.516010284423828,56.556034088134766
2026-01-08,685.8651123046875,84.7457275390625,411.489990234375,45.916690826416016,56.575931549072266
2026-01-09,690.4010009765625,85.308425903320312,414.47000122070312,46.035057067871094,56.844535827636719
2026-01-12,691.4852294921875,85.056175231933594,422.23001098632812,45.709545135498047,57.640396118164062
2026-01-13,690.10260009765625,85.201705932617188,421.6300048828125,46.360565185546875,57.212619781494141
2026-01-14,686.7105712890625,85.696495056152344,425.94000244140625,47.406147003173828,57.451381683349609
2026-01-15,688.5806884765625,85.677085876464844,423.32998657226562,46.962268829345703,57.789623260498047
2026-01-16,688.00372314453125,85.18231201171875,421.29000854492188,47.041179656982422,57.570758819580078
2026-01-20,673.9981689453125,84.06658935546875,437.23001098632812,46.952404022216797,57.013656616210938
2026-01-21,681.77685546875,84.706924438476562,443.60000610351562,48.086757659912109,57.958744049072266
2026-01-22,685.33795166015625,85.075584411621094,451.79000854492188,48.244583129882812,58.396469116210938
2026-01-23,685.5865478515625,85.308425903320312,458,48.520771026611328,58.764556884765625
2026-01-26,689.068115234375,85.715911865234375,464.70001220703125,48.550365447998047,58.864036560058594
2026-01-27,691.8134765625,85.18231201171875,476.10000610351562,48.994239807128906,60.027988433837891
2026-01-28,691.74383544921875,84.988258361816406,494.55999755859375,49.369071960449219,60.435867309570312
2026-01-29,690.37115478515625,85.007667541503906,495.89999389648438,49.822811126708984,60.127471923828125
2026-01-30,688.3121337890625,84.532279968261719,444.95001220703125,50.355464935302734,58.794399261474609
2026-02-02,691.73388671875,84.290756225585938,427.1300048828125,49.369071960449219,58.973468780517578
2026-02-03,685.885009765625,84.495277404785156,454.29000854492188,50.967029571533203,59.291812896728516
2026-02-04,682.56268310546875,84.281005859375,453.97000122070312,52.111251831054688,58.495952606201172
2026-02-05,674.0379638671875,85.196479797363281,441.8800048828125,51.499687194824219,58.227348327636719
2026-02-06,686.96923828125,85.254905700683594,455.45999145507812,52.525535583496094,59.759384155273438
2026-02-09,690.2816162109375,85.235427856445312,467.02999877929688,52.910228729248047,60.197109222412109
2026-02-10,688.4613037109375,86.219062805175781,462.39999389648438,52.851047515869141,60.286643981933594
2026-02-11,688.30218505859375,85.761329650878906,467.6300048828125,54.231998443603516,61.241680145263672
2026-02-12,677.668701171875,86.900794982910156,451.3900146484375,53.24560546875,60.545299530029297
2026-02-13,678.1461181640625,87.378005981445312,462.6199951171875,53.610569000244141,60.803955078125
2026-02-17,679.24029541015625,87.524093627929688,448.20001220703125,53.018733978271484,60.555248260498047
2026-02-18,682.662109375,87.192962646484375,458.27999877929688,54.034717559814453,60.873592376708984
2026-02-19,680.8616943359375,87.280609130859375,459.55999755859375,54.429279327392578,60.724369049072266
2026-02-20,685.78558349609375,87.076095581054688,468.6199951171875,54.13336181640625,62.017646789550781
2026-02-23,678.78277587890625,87.397491455078125,481.27999877929688,54.399688720703125,61.331214904785156
2026-02-24,683.71649169921875,87.553314208984375,474.6099853515625,54.350368499755859,62.296199798583984
2026-02-25,689.48590087890625,87.563041687011719,473.42001342773438,54.123493194580078,62.982631683349609
2026-02-26,685.65618896484375,87.913650512695312,477.48001098632812,54.301048278808594,62.385734558105469
2026-02-27,682.36370849609375,88.449295043945312,483.75,55.159206390380859,62.25640869140625
2026-03-02,682.75164794921875,87.561065673828125,490,56.26397705078125,61.181991577148438
2026-03-03,676.73370361328125,87.38519287109375,468.1400146484375,55.751045227050781,58.117916107177734
2026-03-04,681.50830078125,87.111602783203125,471.79998779296875,55.425537109375,58.744659423828125
2026-03-05,677.70843505859375,86.75982666015625,466.1300048828125,55.711589813232422,57.332004547119141
2026-03-06,668.82562255859375,86.4373779296875,473.510009765625,55.800365447998047,57.023605346679688
2026-03-09,674.68450927734375,87.189781188964844,472.52999877929688,55.553768157958984,58.147762298583984
2026-03-10,673.60028076171875,86.261474609375,477.8599853515625,54.843563079833984,58.376571655273438
2026-03-11,672.75482177734375,85.147552490234375,476.239990234375,56.204792022705078,58.525798797607422
2026-03-12,662.5390625,84.981437683105469,466.8800048828125,56.727577209472656,56.655517578125
2026-03-13,658.78900146484375,84.561271667480469,460.83999633789062,56.914993286132812,56.506294250488281
2026-03-16,665.493408203125,85.215957641601562,460.42999267578125,57.112274169921875,58.078125
2026-03-17,667.2440185546875,85.450469970703125,459.26998901367188,57.713973999023438,58.446208953857422
2026-03-18,657.93353271484375,84.971664428710938,444.739990234375,57.635063171386719,57.262367248535156
2026-03-19,656.3121337890625,85.489547729492188,426.41000366210938,58.552410125732422,57.322052001953125
2026-03-20,646.9034423828125,83.867507934570312,413.3800048828125,58.503093719482422,55.352291107177734
2026-03-23,653.6959228515625,84.414695739746094,404.04000854492188,59.203041076660156,57.013656616210938
2026-03-24,651.5015869140625,84.04339599609375,404.1300048828125,60.404376983642578,56.227741241455078
2026-03-25,655.1322021484375,84.854408264160156,416.29000854492188,60.136310577392578,57.123085021972656
2026-03-26,643.432373046875,84.14111328125,400.6400146484375,61.079509735107422,55.183174133300781
2026-03-27,632.46063232421875,83.681846618652344,414.70001220703125,62.112064361572266,54.914569854736328
2026-03-30,630.3460693359375,84.795783996582031,414.57998657226562,61.516357421875,54.466896057128906
2026-03-31,648.66888427734375,84.707847595214844,430.29000854492188,60.821369171142578,56.496345520019531
2026-04-01,653.5562744140625,84.624458312988281,437.82000732421875,58.547767639160156,56.934070587158203
2026-04-02,654.144775390625,85.1444091796875,429.41000366210938,58.825763702392578,56.297378540039062
2026-04-06,657.23681640625,85.007064819335938,427.64999389648438,59.252685546875,56.814693450927734
2026-04-07,657.5260009765625,84.997245788574219,431.80999755859375,59.729248046875,57.013656616210938
2026-04-08,674.27294921875,85.271934509277344,434.52999877929688,57.634353637695312,60.127471923828125
2026-04-09,678.162841796875,85.056106567382812,437.91000366210938,56.919509887695312,59.968299865722656
2026-04-10,677.71405029296875,84.85009765625,437.1300048828125,56.532302856445312,60.246852874755859
2026-04-13,684.33697509765625,85.10516357421875,435.3599853515625,56.701084136962891,60.754215240478516
2026-04-14,692.675537109375,85.556442260742188,445.08999633789062,55.549392700195312,61.918167114257812
2026-04-15,698.14141845703125,85.183647155761719,440.45999145507812,55.360748291015625,61.878372192382812
2026-04-16,699.85699462890625,84.644073486328125,440.07998657226562,56.174880981445312,62.127079010009766
2026-04-17,708.31524658203125,85.419090270996094,445.92999267578125,54.626049041748047,63.310924530029297
2026-04-20,706.8988037109375,85.39947509765625,442.08999633789062,54.675689697265625,62.853305816650391
2026-04-21,702.27081298828125,84.928581237792969,429.57000732421875,55.469963073730469,61.928112030029297
2026-04-22,709.38250732421875,85.095344543457031,435.260009765625,56.135166168212891,63.052268981933594
2026-04-23,706.62957763671875,84.908958435058594,431.04000854492188,56.572013854980469,62.027595520019531
2026-04-24,712.10546875,85.065925598144531,433.25,56.462802886962891,63.410408020019531
2026-04-27,713.332275390625,84.644073486328125,429.8900146484375,56.363521575927734,63.310924530029297
2026-04-28,709.8612060546875,84.732368469238281,421.91000366210938,57.296787261962891,62.664287567138672
2026-04-29,709.75152587890625,84.075065612792969,417.41000366210938,58.607337951660156,62.365837097167969
2026-04-30,716.81329345703125,83.996589660644531,423.66000366210938,59.222900390625,63.65911865234375
2026-05-01,718.7982177734375,84.296913146972656,423.17999267578125,58.428623199462891,63.798389434814453
2026-05-04,716.16497802734375,83.656875610351562,414.70999145507812,58.964759826660156,63.768543243408203
2026-05-05,721.91021728515625,84.119674682617188,418.26998901367188,59.024330139160156,65.06182861328125
2026-05-06,731.9443359375,84.759696960449219,430.95999145507812,56.591873168945312,67.141014099121094
2026-05-07,729.70013427734375,84.336296081542969,431.67999267578125,55.549392700195312,66.24566650390625
2026-05-08,735.724609375,84.759696960449219,433.76998901367188,55.301181793212891,67.588691711425781
2026-05-11,737.4002685546875,84.247673034667969,434.64999389648438,56.760654449462891,67.538948059082031
2026-05-12,736.28314208984375,83.686416625976562,432.92999267578125,57.157791137695312,65.479652404785156
2026-05-13,740.40252685546875,83.499336242675781,430.5,57.217361450195312,66.862464904785156
2026-05-14,746.24749755859375,83.61749267578125,427.20999145507812,57.654212951660156,67.031585693359375
2026-05-15,737.2706298828125,82.376823425292969,417.29000854492188,59.014400482177734,64.733528137207031
2026-05-18,736.751953125,82.278343200683594,418.42999267578125,60.146240234375,64.634048461914062
2026-05-19,731.8446044921875,81.746635437011719,411.5,60.851158142089844,63.927722930908203
2026-05-20,739.34527587890625,82.62298583984375,417.39999389648438,59.371822357177734,65.121513366699219
2026-05-21,740.81146240234375,82.928230285644531,416.989990234375,58.706623077392578,65.688568115234375
2026-05-22,743.7239990234375,83.381172180175781,413.82000732421875,59.064044952392578,65.539337158203125
2026-05-26,748.66131591796875,83.794723510742188,414,57.435783386230469,68.046310424804688
2026-05-27,748.5316162109375,83.991676330566406,408.489990234375,56.581947326660156,68.036361694335938
2026-05-28,752.66094970703125,84.424911499023438,412.76998901367188,56.542232513427734,68.255226135253906
2026-05-29,754.5361328125,84.444610595703125,417.1199951171875,55.886959075927734,68.245277404785156
2026-06-01,756.5908203125,84.490081787109375,411.260009765625,56.889724731445312,69.717628479003906
2026-06-02,757.61822509765625,84.668014526367188,411.95001220703125,57.544998168945312,70.433906555175781
2026-06-03,752.3018798828125,84.3319091796875,407.8699951171875,58.289627075195312,69.558448791503906
2026-06-04,755.14459228515625,84.519737243652344,411.26998901367188,58.329341888427734,68.742691040039062
2026-06-05,735.65478515625,84.08477783203125,396.239990234375,57.257072448730469,64.256011962890625
2026-06-08,737.3204345703125,83.649833679199219,397.26998901367188,57.912349700927734,65.410011291503906
2026-06-09,735.15606689453125,84.144096374511719,390.77999877929688,56.979080200195312,65.479652404785156
2026-06-10,723.56591796875,83.906837463378906,374.57998657226562,57.832923889160156,64.325653076171875
2026-06-11,735.8642578125,84.994232177734375,386.32000732421875,56.711013793945312,67.150962829589844
2026-06-12,739.843994140625,84.786636352539062,386.54000854492188,57.137935638427734,67.528999328613281
2026-06-15,752.890380859375,84.737213134765625,396.54998779296875,55.152256011962891,69.75
2026-06-16,748.4019775390625,85.201828002929688,397.6300048828125,54.963615417480469,68.639999389648438
2026-06-17,739.0560302734375,85.340225219726562,388.60000610351562,54.278553009033203,68.55999755859375
2026-06-18,746.739990234375,85.755409240722656,387.1199951171875,53.385002136230469,70.790000915527344
2026-06-22,744.3900146484375,85.102973937988281,384.58999633789062,54.060001373291016,71.209999084472656
2026-06-23,733.58001708984375,85.211708068847656,377.32000732421875,54.459999084472656,67.169998168945312
2026-06-24,733.239990234375,86.378189086914062,365.92001342773438,53.569999694824219,67.25
2026-06-25,734.29998779296875,86.348526000976562,369.45999145507812,54.090000152587891,67.959999084472656
2026-06-26,728.989990234375,86.358413696289062,373.6300048828125,53.840000152587891,67.19000244140625
2026-06-29,741,86.447380065917969,368.57998657226562,53.580001831054688,67.430000305175781
2026-06-30,746.77001953125,85.429191589355469,368.3800048828125,53.110000610351562,68.410003662109375
2026-07-01,745.760009765625,84.851730346679688,370.60000610351562,52.810001373291016,66.480003356933594
2026-07-02,744.780029296875,84.841812133789062,378.1300048828125,53.220001220703125,65.699996948242188
2026-07-06,751.280029296875,84.782279968261719,382.1300048828125,53.130001068115234,67.569999694824219
2026-07-07,747.71002197265625,83.889320373535156,377.489990234375,54.639999389648438,65.720001220703125
2026-07-08,745.4000244140625,83.7008056640625,374.45001220703125,55.599998474121094,66.230003356933594
2026-07-09,751.71002197265625,83.829788208007812,378.17999267578125,54.819999694824219,66.779998779296875
2026-07-10,754.95001220703125,83.809944152832031,377.010009765625,55.080001831054688,66.900001525878906
2026-07-13,749.16998291015625,83.313850402832031,367.1300048828125,56.740001678466797,64.5
2026-07-14,751.83001708984375,83.422996520996094,372.14999389648438,56.950000762939453,65.669998168945312
2026-07-15,754.80999755859375,83.581741333007812,372.35000610351562,56.5,65.569999694824219
2026-07-16,750.719970703125,83.551971435546875,364.95999145507812,57.020000457763672,64.19000244140625
2026-07-17,743.28997802734375,83.859550476074219,368.41000366210938,57.680000305175781,63.290000915527344
2026-07-20,742.09002685546875,83.234474182128906,367.60000610351562,57.939998626708984,63.560001373291016
2026-07-21,748.280029296875,83.006278991699219,374.80999755859375,58.5,65.339996337890625
2026-07-22,747.40997314453125,82.787994384765625,379.1199951171875,59.200000762939453,64.989997863769531
2026-07-23,738.17999267578125,82.520095825195312,371.51998901367188,59.380001068115234,64.599998474121094
2026-07-24,738.92999267578125,82.599472045898438,371.89999389648438,59.619998931884766,63.330001831054688
2026-07-27,739.09002685546875,83.095565795898438,374.6300048828125,58.360000610351562,63.619998931884766
2026-07-28,740.8599853515625,83.581741333007812,369.3699951171875,57.569999694824219,62.360000610351562
2026-07-29,729.46002197265625,82.202598571777344,371.07998657226562,58.650001525878906,61.069999694824219
2026-07-30,741.69000244140625,82.152992248535156,377.16000366210938,58.959999084472656,63.590000152587891
2026-07-31,747.030029296875,81.607284545898438,371.54000854492188,59.549999237060547,64.089996337890625
2026-08-03,757.66998291015625,81.876258850097656,371.70999145507812,58.790000915527344,64.319999694824219
2026-08-04,771.33001708984375,82.503852844238281,374.16000366210938,58.520000457763672,66
2026-08-05,769.78997802734375,82.68316650390625,389.6400146484375,57.310001373291016,65.720001220703125
2026-08-06,768.55999755859375,82.204994201660156,389.67001342773438,58.159999847412109,65.019996643066406
2026-08-07,773.260009765625,82.444084167480469,398.47000122070312,57.5,65.639999389648438
2026-08-10,773.030029296875,81.746749877929688,402.54000854492188,60.180000305175781,65.169998168945312
2026-08-11,770.55999755859375,81.876258850097656,400.95999145507812,60.930000305175781,65.430000305175781
2026-08-12,772.489990234375,81.796562194824219,404.92001342773438,61.029998779296875,66.459999084472656
2026-08-13,777.8800048828125,82.274726867675781,398.95999145507812,61.060001373291016,66.680000305175781
2026-08-14,776.34002685546875,81.726829528808594,401.48001098632812,61.909999847412109,66.610000610351562
2026-08-17,772.66998291015625,81.039466857910156,405.489990234375,62.580001831054688,67.319999694824219
2026-08-18,767.45001220703125,81.348289489746094,398.54998779296875,63.680000305175781,65.339996337890625
2026-08-19,769.05999755859375,82.703086853027344,413.83999633789062,63.580001831054688,66.110000610351562
2026-08-20,762.5999755859375,82.025680541992188,415.260009765625,63.75,66.620002746582031
2026-08-21,765.719970703125,81.736793518066406,423.3599853515625,63.639999389648438,67.120002746582031
2026-08-24,763.469970703125,82.244842529296875,426.69000244140625,63.110000610351562,66.110000610351562
2026-08-25,765.90997314453125,83.151374816894531,428.07000732421875,62.060001373291016,67.25
2026-08-26,766.08001708984375,82.982025146484375,421.32000732421875,62.430000305175781,67.169998168945312
2026-08-27,771.0999755859375,82.812667846679688,422.60000610351562,62.290000915527344,67.610000610351562
2026-08-28,769.3499755859375,82.563621520996094,408.8900146484375,62.680000305175781,67.139999389648438
2026-08-31,767.04998779296875,82.204994201660156,408.42001342773438,63.959999084472656,67.019996643066406
